Joshua;14168
Jack;12865
Thomas;11145
Lachlan;11138
James;10468
Daniel;10185
William;10084
Matthew;9531
Benjamin;8885
Samuel;8064
Liam;7731
Luke;7572
Nicholas;7512
Ryan;7301
Jacob;7298
Ethan;6688
Dylan;6317
Alexander;6179
Jake;6177
Michael;6124
Nathan;5604
Jordan;5448
Jayden;5351
Oliver;5084
Cooper;4774
Riley;4728
Andrew;4597
Adam;4558
Blake;4439
Noah;4407
Harrison;4239
Jackson;4223
Cameron;4114
Zachary;4105
Connor;4006
Mitchell;3941
Christopher;3869
Isaac;3811
Joseph;3807
Patrick;3779
Max;3714
Lucas;3640
Anthony;3607
Hayden;3592
Bailey;3468
Harry;3249
Aaron;3223
Tyler;3215
David;3118
Angus;3017
Joel;2855
John;2762
Jesse;2646
Charlie;2535
Alex;2425
Oscar;2347
Callum;2342
Justin;2332
Kyle;2289
Caleb;2259
Aidan;2236
Henry;2220
Timothy;2170
George;2159
Cody;2142
Jonathan;2087
Brandon;2062
Bradley;2060
Christian;2036
Logan;1978
Jason;1789
Aiden;1756
Peter;1719
Sean;1672
Jeremy;1649
Marcus;1648
Hamish;1642
Charles;1628
Sebastian;1588
Corey;1523
Xavier;1515
Edward;1482
Brendan;1470
Mitchel;1429
Dominic;1388
Robert;1313
Rhys;1277
Zac;1264
Jarrod;1205
Elijah;1202
Ashton;1193
Toby;1160
Ali;1157
Kai;1104
Sam;1100
Mark;1055
Levi;1041
Brodie;1023
Jamie;990
Brayden;985
Hunter;976
Luca;926
Owen;896
Adrian;889
Brock;887
Darcy;884
Kevin;861
Dean;857
Mason;850
Steven;847
Archie;835
Declan;825
Finn;814
Flynn;746
Ben;733
Gabriel;731
Scott;730
Reece;724
Zane;687
Nichola;671
Beau;648
Seth;647
Jai;625
Nate;617
Jett;580
Mathew;560
Tristan;539
Alexand;515
Christo;486
Bryce;480
Eli;457
Paul;428
Stephen;405
Leo;383
Alexande;358
Lincoln;357
Hugo;341
Jasper;331
Harris;322
Koby;315
Shane;297
Travis;292
Simon;286
Shaun;279
Richard;274
Christop;261
Christia;245
Chase;234
Harriso;227
Sebastia;185
Kurt;184
Jonatha;176
Kane;170
Tyson;168
Jared;156
Sebestian;154
Tony;154
Austin;119
Trista;118
Christi;117
Charle;112
Domini;111
Ryder;110
Jaxon;105
Felix;105
Braxton;104
Kieran;101
Trent;101
Phoenix;101
Brayde;98
Taj;97
Harley;94
Phillip;90
Billy;83
Jay;81
Rory;73
Jye;60
Tom;58
Julian;58
Will;58
