Emily;10299
Jessica;9992
Chloe;8287
Olivia;7597
Isabella;7474
Sarah;7415
Sophie;6644
Emma;6400
Georgia;6105
Hannah;5672
Grace;5496
Ella;5221
Charlotte;5024
Mia;4561
Amelia;4281
Lily;4254
Jasmine;4171
Ruby;4152
Zoe;3994
Samantha;3885
Caitlin;3768
Lauren;3534
Maddison;3441
Madison;3225
Lucy;3198
Chelsea;3120
Sienna;3075
Jade;3020
Hayley;2910
Ava;2827
Laura;2812
Rebecca;2803
Amy;2742
Holly;2692
Sophia;2553
Brooke;2529
Natalie;2377
Elizabeth;2255
Rachel;2239
Courtney;2219
Isabelle;2215
Stephanie;2202
Alexandra;2202
Kayla;2132
Lara;2125
Kate;2048
Natasha;2021
Tahlia;2020
Taylor;2006
Paige;1996
Anna;1974
Alyssa;1942
Ashley;1923
Madeline;1889
Ashleigh;1870
Amber;1863
Claire;1831
Matilda;1823
Claudia;1796
Molly;1775
Brianna;1747
Abbey;1744
Erin;1725
Bianca;1652
Mikayla;1639
Phoebe;1569
Eliza;1482
Victoria;1450
Tayla;1413
Monique;1339
Brittany;1332
Taylah;1328
Tara;1327
Zara;1326
Abigail;1324
Imogen;1270
Maya;1200
Annabelle;1170
Lilly;1160
Kiara;1154
Nicole;1147
Eva;1121
Madeleine;1116
Ebony;1116
Gabrielle;1105
Danielle;1037
Scarlett;1021
Abby;1001
Gemma;996
Bella;993
Alice;963
Katie;962
Gabriell;944
Jennifer;937
Kaitlyn;930
Layla;920
Megan;916
Alana;910
Summer;910
Angelina;901
Ellie;884
Alicia;867
Sofia;865
Mackenzie;858
Bethany;857
Melissa;847
Angela;827
Michelle;795
Rachael;751
Evie;729
Charlott;727
Jordan;720
Isabel;717
Julia;683
Alexis;679
Isla;673
Elizabet;634
Vanessa;628
Gabriella;628
Madelein;603
Stephani;603
Cassandra;568
Amanda;565
Stella;564
Savannah;546
Shannon;533
Rhiannon;509
Ivy;490
Tiana;462
Amelie;455
Keira;454
Charli;442
Rose;432
Katherine;424
Paris;423
Alexandr;423
Piper;392
Audrey;388
Sara;372
Caitlyn;349
Addison;343
Lillian;340
Jorja;334
Skye;330
Cassandr;314
Makayla;314
Melanie;308
Willow;307
Bronte;306
Breanna;296
Lisa;296
Poppy;286
Mikaela;267
Violet;263
Nicola;262
Leah;245
Christin;244
Christine;244
Jemma;229
Catherine;215
Shania;214
Jessie;172
Monica;172
Aaliyah;171
Catherin;166
Lola;158
Georgina;158
Talia;158
Mariam;157
Casey;154
Eve;152
Jacinta;145
Renee;142
Christina;137
Kimberle;127
Tamara;122
Tori;121
Alexandria;118
Chantell;118
Harper;117
Katherin;116
Jacqueli;112
Tiffany;109
Naomi;108
Mackenzi;102
Ellen;102
Tegan;101
Ashlee;98
Evelyn;98
Mila;95
Alison;92
Indiana;90
Heidi;90
Rebekah;88
Alica;88
Louise;88
Annabell;88
Mary;85
Milla;85
Charlie;79
Eden;78
Eloise;78
Lilian;74
Tia;73
Britney;69
Elise;65
Josephine;64
Kasey;62
