A.;1
Aaron;163
Aasim;1
Abayomi;1
Abdalla;1
Abdallah;1
Abdul;2
Abdulbari;1
Abdullah;2
Abdulrahman;3
Abdulrhman;1
Abdurazak;1
Abel;1
Abhayjeet;1
Abhinav;1
Abhishek;1
Abraham;6
Abrahim;1
Abram;3
Ace;1
Adam;221
Addison;1
Addlore;1
Adedamola;1
Adeel;2
Adel;1
Aden;1
Adil;3
Adnaan;1
Adonia;1
Adrean;1
Adrian;38
Adriano;1
Adriel;1
Adrien;3
Aedan;1
Afif;1
Afolabi;1
Afton;1
Afzal;1
Ahmad;1
Ahmed;10
Aidan;7
Aiden;2
Aime;1
Ainsley;1
Ajay;1
Ajit;1
Akash;1
Akeem;1
Alain;5
Alan;23
Alancin;1
Alan-Michael;1
Alannis;1
Albert;18
Alberto;1
Alden;1
Aldon;1
Alec;7
Aleksander;1
Alessandro;2
Alex;36
Alexandar;1
Alexander;193
Alexandre;2
Alexi;1
Alexis;3
Alexzander;1
Alfonso;1
Alfred;4
Alfredo;1
Ali;15
Alias;1
Alick;1
Alim;2
Alisdair;1
Alistair;3
Allaine;1
Allan;23
Allen;11
Allen-Kai;1
Allison;1
Allister;1
Almerick;1
Alvaro;1
Alvin;5
Alwood;1
Aly;1
Alykhan;1
Alyn;1
Aman;1
Amancio;1
Amandeep;5
Amarpreet;1
Ambrose;1
Ameer;1
Amelio;1
Amin;3
Aminder;1
Amir;3
Amit;2
Ammar;1
Ammon;4
Amoldeep;1
Amory;1
Amos;1
Amrit;1
Amro;1
Anas;2
Anastacio;1
Anders;3
Anderson;1
Andre;12
Andreas;1
Andre-Michel;1
Andres;2
Andreus;1
Andrew;322
Andrey;1
Andy;11
Angad;1
Angelo;3
Angus;2
Anil;1
Anis;1
Anit;1
Anmol;1
Ansley;1
Anson;1
Anthony;110
Anthony-Curtis;1
Anto;1
Antoine;1
Anton;3
Antonio;4
Antony;3
Anuraag;1
Anuvir;1
Aram;1
Archie;1
Arek;1
Arick;1
Arie;3
Ariel;1
Aris;1
Arjun;1
Arlen;2
Arlo;2
Armand;1
Armando;1
Armin;1
Arnie;1
Arnold;1
Aron;3
Arrol;1
Arron;1
Arshaan;1
Arthur;6
Arvind;2
Arwin;1
Ashley;3
Ashlin;1
Ashneil;1
Ashniel;1
Ashraf;1
Ashraff;1
Ashton;17
Asik;1
Astin;1
Atilla;1
Attekra;1
Aubrey;5
Audencio;1
Augustus;1
Aundene;1
Austen;2
Austin;41
Avery;2
Avrian;1
Avtar;1
Axel;1
Axil;1
Axl;1
Aylan;1
Ayoub;1
Azaad;1
Azan;1
Azfar;1
Azim;1
Azisclo;1
Ba;2
Baby;20
Bahader;1
Bahram;1
Bailey;3
Baldwin;1
Baljit;1
Balpartap;1
Barclay;1
Barret;3
Barrett;4
Barry;9
Bartholomew;1
Bartley;1
Barton;1
Bartosz;1
Bazel;1
Beau;6
Behn;1
Belal;5
Belisarius;1
Ben;6
Bence;1
Benford;1
Benito;2
Benjamen;1
Benjamin;147
Benjimen;1
Benn;1
Bennet;1
Bennett;2
Benno;1
Benny;1
Benoit;1
Benson;2
Bernard;3
Bernardo;1
Bernhard;3
Bernis;1
Bertie;1
Bevan;4
Bevin;1
Bevis;1
Bhavnish;1
Bhawanjot;1
Bikramjit;1
Bilal;4
Bill;1
Billie;2
Billy;2
Bishop;1
Bjorn;1
Blade;4
Blaine;26
Blair;22
Blaire;2
Blake;23
Blakeney;1
Blayne;3
Blayze;1
Blaze;1
Bo;4
Boaz;1
Bobbi;1
Bobby;7
Bobby-Lee;1
Boe;1
Boris;1
Bo-Ty;1
Bowen;2
Boyd;2
Brad;3
Bradan;1
Braden;31
Bradford;1
Bradlee;1
Bradley;139
Bradly;4
Bradon;3
Brady;18
Bradyn;2
Braedan;3
Braeden;7
Braedon;4
Braiden;1
Braidon;1
Braidy;1
Bram;1
Brandan;3
Branden;12
Brandon;189
Brandt;3
Brandy;1
Brandyn;3
Brandy-Neilson;1
Brannan;1
Brannon;1
Branon;1
Brant;6
Brantley;2
Branton;1
Braun;1
Braxton;1
Brayden;19
Braydon;5
Braylan;1
Brayton;1
Brenan;1
Brendan;76
Brendann;1
Brenden;16
Brendon;16
Brendyn;1
Brennan;25
Brennen;10
Brennon;4
Brenon;1
Brenrich;1
Brent;43
Brenton;2
Bret;6
Bretan;1
Breton;1
Brett;154
Brettan;1
Bretton;4
Brian;90
Briar;1
Brice;1
Britt;1
Broagan;1
Broc;1
Brock;16
Broden;1
Broderick;1
Brodgerick;1
Brodi;2
Brodie;5
Brody;6
Bronson;3
Brook;1
Brooke;1
Brooklyn;1
Brooks;1
Bruce;9
Bruno;1
Bryan;34
Bryant;1
Bryce;47
Bryden;3
Brydon;3
Bryer-Dallas;1
Bryler;1
Bryn;2
Bryson;3
Bryton;1
Buck;1
Budd;1
Buddy;3
Burke;1
Burton;1
Byron;12
Byryn;1
Cabot;1
Cade;3
Cael;2
Caeton;1
Caid;1
Cain;1
Caine;1
Caith;1
Cal;1
Cale;5
Caleb;24
Calen;1
Cali;1
Calin;1
Callahan;1
Callan;1
Callen;2
Callum;4
Calorado;1
Calum;2
Calvin;38
Calyn;1
Calynn;1
Cam;3
Camden;1
Cameron;105
Camil;1
Camille;1
Camron;1
Carey;5
Carl;17
Carlington;1
Carlo;3
Carlos;6
Carlyle;1
Carmen;1
Carson;31
Carter;9
Carver;1
Carwyn;1
Cary;2
Casey;22
Casey-Lee;1
Cashus;1
Casper;1
Cassidy;3
Cassie;1
Catlin;8
Cattlen;1
Cavan;1
Caveh;1
Cavin;1
Caycee;1
Cayden;2
Cayl;1
Caylan;1
Cayle;2
Caylen;1
Cayne;1
Cecil;1
Cedric;1
Cejay;1
Cesare;1
Chad;97
Chadd;1
Chadwick;3
Chadwyck;1
Challen;1
Chalse;1
Chance;17
Chancellor;3
Chancelor;1
Chandler;2
Channing;1
Chanse;2
Chan-Ung;1
Charles;41
Charles-Jordon;1
Charlie;3
Charnjot;1
Chase;43
Chasten;1
Chau;1
Chawki;1
Chay;1
Chayce;1
Chayde;1
Chayse;2
Chaz;1
Chazz;1
Che;1
Cheltin;1
Chester;2
Chet;2
Chett;1
Cheyann;1
Cheyanne;1
Cheyenne;1
Cheyney;1
Chi;2
Chico;1
Chien;1
Chilton;1
Chiu;1
Chris;8
Christer;1
Christian;40
Christien;2
Christofer;2
Christoph;1
Christophe;1
Christopher;427
Christophre;1
Chun;1
Chun-Hung;1
Ciaran;1
Cillian;1
Clancy;1
Clare;1
Clarence;4
Clark;2
Clarke;1
Claude;1
Clay;6
Clayten;1
Clayton;43
Clement;1
Clenton;1
Cleve;1
Cleyon;1
Clifford;8
Clifton;2
Clint;7
Clinton;19
Codi;2
Codie;4
Cody;241
Cody-William;1
Coen;1
Cohen;1
Colby;19
Cole;68
Coleman;11
Colen;1
Coleson;1
Coleton;5
Colin;81
Collin;9
Colt;1
Coltan;2
Colten;18
Colter;5
Coltin;2
Colton;74
Coltyn;2
Conal;1
Conar;1
Conayn;1
Cong;1
Conlan;1
Connan;1
Conner;3
Connlan;1
Connor;45
Conor;8
Conor-Patrick;1
Conrad;17
Conroy;2
Constantin;1
Constantine;1
Constantino;1
Conway;1
Cooper;4
Corben;2
Corbett;1
Corbin;13
Corbyn;1
Cord;3
Cordell;4
Cordick;1
Corey;75
Cori;1
Corin;2
Cornelius;3
Corny;1
Correy;1
Cort;1
Cortlan;1
Cortland;1
Cortt;1
Corwin;1
Cory;84
Coty;2
Coulten;1
Coulton;3
Courtnall;1
Courtney;1
Cowan;1
Coy;1
Craig;85
Creed;1
Crieg;1
Croft;1
Cruise;1
Cruz;1
Cullen;3
Curran;1
Curt;3
Curtis;107
Cuyler;1
Cyal;1
Cyle;1
Cyler;1
Cyril;1
Cyrus;1
Czestian;1
D.;1
Dabin;1
Daffyd;1
Dahl;1
Dailen;1
Dain;1
Dakoda;1
Dakota;17
Dale;24
Dalen;2
Daley;1
Dalin;1
Dallas;49
Dallin;5
Dallyn;2
Dalon;1
Dalton;27
Dalveer;1
Dalyn;3
Damen;2
Damian;10
Damiano;1
Damien;10
Damion;1
Dammian;1
Damon;11
Dan;4
Dana;8
Dane;10
Danial;3
Daniel;344
Daniele;1
Daniyel;1
Dannen;1
Danny;14
Dany;1
Danyel;1
Dar;1
Darby;2
Darcey;1
Darci;1
Darcy;32
D'Arcy;1
Darek;1
Daren;1
Darian;2
Daric;1
Darien;3
Darin;5
Dario;2
Darion;1
Daris;2
Darius;3
Darnell;1
Daron;1
Darrel;2
Darrell;8
Darren;50
Darrian;1
Darrin;3
Darron;2
Darryl;10
Darryll;1
Darwin;2
Darwish;1
Daryl;11
Daryn;3
Dat;2
Daton;1
Dave;2
David;298
Davien;1
Davies;1
Davin;6
Davis;4
Davon;1
Davud;1
Dawson;7
Dayden;1
Daylan;2
Daylen;2
Dayln;1
Daylon;1
Dayna;1
Dayne;1
Dayton;7
Dean;23
Deane;1
Deavon;1
Declan;1
Deedee;1
Deepak;1
Deiter;1
Delaine;1
Delaney;2
Delbert;1
Delee;1
Delton;1
Delvin;1
Demar;1
Demetrios;1
Demontre;1
Denby;1
Deneb;1
Denesh;1
Denis;6
Dennis;29
Denny;3
Denton;3
Denver;1
Denzel;1
Denzil;1
Deon;2
Deonn;1
Derek;123
Deric;1
Derick;2
Derik;1
Dermot;1
Derrick;23
Derrik;2
Derwin;1
Deryk;1
Desmond;5
Destarday;1
Devan;4
Deven;2
Devin;54
Devjeet;1
Devon;63
Devyn;1
Dex;1
Dexter;10
Deyvis;1
Dezi;1
Diab;1
Diedrich;2
Diego;4
Digney;1
Dijon;1
Dilan;2
Dilbir;1
Dillan;1
Dillion;3
Dillon;25
Dimitrios;1
Dion;4
Dipesh;1
Direk;1
Dirk;1
Doan;1
Domenico;1
Dominic;2
Dominique;1
Dominque;1
Dominyck;1
Don;8
Donald;27
Donavan;2
Donavon;1
Donesh;1
Donnely;1
Donnivin;1
Donny;1
Donovan;22
Doran;2
Dorian;2
Dorin;1
Dorran;1
Douglas;60
Dover;1
Doyle;1
Draiden;1
Drake;4
Drayden;1
Drayton;1
Drever;1
Drew;29
Dru;1
Drue;1
Dryden;1
Duane;4
Duc;1
Duell;1
Duncan;13
Duong;1
Duran;1
Durant;1
Durrel;1
Durward;1
Dustan;1
Dusten;1
Dustin;155
Dusty;4
Dustyn;4
Duvane;1
Duwayne;1
Duy;1
Dwayne;8
Dwight;10
Dylan;131
Dylin;1
Dylon;1
Dyson;1
Earl;2
Easton;1
Ebenzer;1
Eddie;3
Edgar;2
Edison;1
Edmond;1
Edmund;2
Eduard;1
Edward;23
Edward-Vern;1
Edwin;6
Efay;1
Efrem;1
Eijaz;1
Elden;1
Eldon;1
Eli;5
Elias;7
Elijah;14
Eliot;1
Elisha;1
Ellie;1
Elliot;8
Elliott;9
Elmer;3
Elorm;1
Elston;1
Elvis;2
Elzie;1
Emad;1
Emery;3
Emil;1
Emilio;3
Emmanuel;1
Emmett;1
Enrico;1
Enrique;1
Eric;161
Erich;5
Erick;2
Ericlee;1
Erik;39
Erin;1
Ernest;8
Esmaeel;1
Esmond;1
Esteban;1
Estevan;2
Ethan;59
Etienne;2
Euan;1
Eugene;3
Eugenio;1
Evan;115
Evander;1
Evann;2
Everest;1
Everett;9
Everette;1
Evhen;1
Evin;1
Evraj;1
Evrett;1
Ewald;1
Eyce;1
Ezra;2
Fabian;2
Fabien;1
Fabrizzio;1
Fadhl;1
Faisal;2
Faizal;1
Faraaz;1
Farabundo;1
Fareed;2
Farhan;1
Faron;1
Farran;1
Farren;1
Faruq;2
Fayaz;1
Faysal;1
Fazeel;1
Felix;3
Fergus;1
Fernando;1
Ferris;1
Fidel;1
Filip;2
Filippo;1
Firas;2
Florus;1
Ford;2
Forrest;2
Forrester;1
Foster;3
Francesco;1
Francios;1
Francis;8
Francois;1
Frank;11
Frankie;3
Franklin;3
Franklyn;1
Franz;1
Fraser;7
Fraz;1
Frazer;1
Fred;3
Frederick;6
Fredrick;3
Fritz;1
Gabriel;21
Gadiel;1
Gaelan;2
Gagandeep;1
Gaganjeet;1
Gage;9
Gah;1
Gaige;1
Galen;3
Garet;2
Gareth;3
Garett;12
Garion;1
Garnet;3
Garnett;1
Garren;1
Garret;8
Garreth;1
Garrett;45
Garrick;3
Garrison;1
Garrit;1
Garry;3
Garth;1
Garvin;1
Gary;23
Gauge;1
Gaurav;1
Gaven;1
Gavin;14
Genaro;1
Gene;2
Gentry;1
Geoffery;1
Geoffrey;32
Geoffroy;1
Geoffry;1
Geordav;1
Geordie;3
Geordy;1
George;38
Georgie;1
Georgio;1
Gerald;15
Gerard;1
Gerardo;1
Gerrett;1
Gerrit;2
Gerritt;1
Gerry;1
Gheetan;1
Gian;1
Gianluca;1
Gideon;1
Gilbert;3
Gilchrist;1
Gilles;2
Gilmore;1
Gino;1
Giorgio;1
Giovanni;3
Gisberto;1
Giulliano;1
Giuseppe;1
Glen;10
Glendon;1
Glenn;5
Glynn;1
Gobind;1
Godfrey;1
Gordie;2
Gordon;25
Gorman;1
Graden;1
Grady;4
Graeden;1
Graeme;10
Graham;44
Grandy;1
Grant;36
Grayam;1
Grayden;1
Graydon;4
Grayson;4
Greg;5
Gregg;1
Greggory;2
Gregory;73
Grey;1
Griffin;4
Griffith;1
Guillaume;2
Gulwant;1
Gurbhej;1
Gurjot;1
Gurmandeep;1
Gurnak;1
Gurpal;1
Gurpinder;1
Gurpreet;2
Gursharan;1
Gursimran;1
Gurvinder;1
Guy;6
Haakim;1
Haakin;1
Haakon;1
Haden;1
Hadi;1
Hady;1
Hafeez;1
Hafiz;1
Hahn-Jin;1
Hai;2
Hairul;1
Hajrush;1
Hakeem;1
Hakon;1
Hal;1
Halden;1
Halim;1
Hammad;1
Hamzah;1
Hanibal;1
Hanife;1
Hans;1
Hansen;2
Haralabos;1
Hardeep;1
Hardie;1
Hardy;1
Harinder;1
Hariz;1
Harjit;1
Harjot;1
Harkaram;1
Harkaran;1
Harlan;1
Harland;1
Harley;7
Harlow;1
Harm;1
Harman;4
Harmeet;1
Harold;5
Harpreet;1
Harris;3
Harrison;8
Harry;1
Hartman;1
Harvey;2
Harvinder;1
Hasan;1
Hasman;1
Hassan;3
Hau;1
Hawke;1
Hawkins;1
Hayden;9
Haydon;1
Haysen;1
Hector;2
Hedley;1
Heinrich;1
Hellmuth;1
Hendrick;2
Henrik;1
Henry;14
Herbert;3
Hercules;1
Herman;3
Herrick;1
Heston;1
Heysam;1
Hezekiah;1
Himmet;1
Ho;1
Hoang;2
Hoang-Tan;1
Hogan;1
Hoi-Leung;1
Holden;1
Homare;1
Hong;1
Hoss;1
Housam;1
Houston;2
Howard;1
Howe;1
Hugh;3
Hummaad;1
Hunter;4
Husayn;1
Hussam;1
Hussein;5
Hussien;2
Huxley;1
Huy;1
Hylie;1
Iain;5
Ian;83
Ibrahaim;1
Ibrahim;4
Ifran;1
Ihsan;1
Ijaz;1
Ilyas;2
Imrahn;1
Imran;3
Inderbir;1
Inderdeep;1
Inderjit;1
Inderpal;1
Ioan;1
Ioasoph;1
Iqbal;1
Ira;2
Irfan;1
Irshaad;1
Irwin;1
Isaac;15
Isaiah;3
Ismaine;1
Istvan;1
Ivan;8
Jace;7
Jacey;1
Jack;12
Jackson;14
Jacky;4
Jacob;81
Jacque;1
Jacques;1
Jacy;1
Jade;4
Jaden;8
Jader;1
Jadwinder;1
Jaeson;1
Jaffra;1
Jagdeep;2
Jagjot;1
Jahrome;1
Jaime;1
Jaimie;3
Jaimin;1
Jaipaul;1
Jaipreet;1
Jair;1
Jake;19
Jake-Tyler;1
Jakie;1
Jakob;2
Jalal;2
Jalil;1
Jamal;4
Jamel;1
Jamen;1
James;239
Jameson;4
Jamie;52
Jamiel;1
Jamieson;1
Jamin;1
Jammie;1
Jan;4
Janz;1
Jarad;1
Jared;72
Jaret;3
Jarett;3
Jarette;1
Jari;3
Jarid;1
Jarit;1
Jarod;3
Jaron;2
Jarrad;1
Jarred;6
Jarren;1
Jarret;4
Jarrett;21
Jarrid;2
Jarrod;5
Jarvis;7
Jarvys;1
Jaryd;3
Jasdeep;1
Jase;2
Jasinder;1
Jasjit;1
Jasmeet;3
Jasmyne;1
Jason;168
Jason-Bradley;1
Jason-Lawrence;1
Jaspaul;1
Jasper;2
Jaspreet;1
Jasspreet;1
Jastinder;1
Javin;1
Jay;20
Jayce;1
Jayde;1
Jaydee;2
Jayden;8
Jaydon;1
Jaye;2
Jayme;3
Jaymes;1
Jaymie;1
Jayre;1
Jayson;3
Jayton;1
Jean;4
Jean-Guy;1
Jean-Levi;1
Jean-Marc;1
Jean-Paul;1
Jean-Philippe;2
Jedediah;1
Jedidiah;1
Jeeven;1
Jeff;3
Jefferson;1
Jeffery;17
Jeffrey;136
Jeffry;2
Jem;1
Jens;2
Jensen;1
Jepah;1
Jerad;2
Jerahmy;1
Jerell;1
Jeremia;1
Jeremiah;10
Jeremias;1
Jeremie;3
Jeremy;100
Jericho;2
Jerimiah;2
Jerin;1
Jermaine;4
Jerod;1
Jerome;4
Jerrad;1
Jerran;1
Jerred;2
Jerrett;1
Jerrid;2
Jerrit;1
Jerrod;3
Jerry;10
Jese;1
Jess;3
Jesse;245
Jesse-Andre;1
Jessee;3
Jessi;2
Jessie;29
Jessy;5
Jevan;1
Jevon;1
Jeyhoon;1
Jia;1
Jian-On;1
Jihad;1
Jiles;1
Jim;1
Jimmy;12
Jimmy-Vi;1
Jinhyo;1
Jirah;1
Jirard;1
Jivtesh;1
Jiwan;1
Joachim;1
Jochiam;1
Jodey;1
Jodh;1
Jody;1
Joe;1
Joel;111
Joemar;1
Joesph;2
Joewel;1
Joey;6
Joffre;1
Johan;1
Johannes;1
John;144
Johnathan;33
Johnathen;1
Johnathon;13
John-Charles;1
John-Curtis;1
John-Dean;1
Johnnie;1
Johnny;12
John-Robert;1
Johnson;2
Johnston;1
Jolan;1
Jomy;1
Jon;3
Jona;1
Jonah;12
Jonas;4
Jonathan;158
Jonathon;22
Jonn;1
Jonnie;1
Joram;1
Jordan;362
Jordan-Alexander;1
Jorden;5
Jordie;1
Jordin;4
Jordon;18
Jordy;5
Jordyn;1
Jor-El;1
Jorey;1
Jorge;3
Jori;1
Jorin;1
Jory;4
Jose;8
Josef;1
Joseph;146
Josey;1
Josh;11
Joshawa;3
Joshua;342
Joshua-Quentin;1
Joshwa;1
Josiah;10
Joslyn;1
Joss;1
Jost;1
Josue;1
Jove;1
Jovien;1
Juan;3
Ju-Chuan;1
Judas;1
Judd;1
Jugveer;1
Jules;1
Julian;25
Julien;6
Julius;2
Jullian;1
Jullien;1
Jun;2
Junxiong;1
Justen;1
Justin;361
Juston;2
Justyn;2
Jusvinder;1
Jyles;1
Ka;1
Kaare;1
Kace;1
Kacey;1
Kadagn;1
Kade;2
Kadeen;1
Kael;3
Kaelan;3
Kafui;1
Ka-Hei;1
Kai;6
Kaiden;1
Kaif;1
Kailon;1
Kain;1
Kaine;1
Kal;1
Kale;11
Kaleb;6
Kalen;6
Kalib;1
Kalin;1
Kaljo;1
Kallan;1
Kalsie;1
Kalven;1
Kalvin;2
Kamal;2
Kameron;1
Kamil;1
Kamron;1
Kane;7
Kanverdeep;1
Kapilan;1
Karanjit;1
Kareem;2
Karl;8
Karlson;1
Karlton;1
Karre;1
Karsen;2
Karson;2
Karsten;1
Karstien;1
Kartik;2
Kase;1
Kasey;5
Kash;1
Kasper;1
Kassem;1
Katlan;1
Katlin;1
Katlyn;1
Katlyne;1
Kauzo;1
Kaveer;1
Kayjll;1
Kayl;1
Kayle;3
Kayler;1
Kaylin;1
Kaylon;1
Kayne;1
Kazz;1
Keagan;1
Keaghan;1
Keane;1
Keanu;1
Keaten;1
Keaton;4
Keefe;1
Keefer;2
Keegan;15
Keelan;2
Keenan;9
Keenen;1
Kees;1
Keifer;6
Keiffer;1
Keilan;4
Keir;1
Keith;49
Kel;1
Kell;1
Kellan;1
Kelland;1
Kellen;4
Kelly;30
Kelsey;11
Kelson;2
Kelton;3
Kelvin;12
Kemir;1
Ken;3
Kendal;2
Kendall;3
Kendell;1
Kendrick;1
Kendyl;1
Kennedy;2
Kenneth;66
Kenny;5
Kensey;1
Kent;17
Kenton;7
Keon;1
Kerigan;1
Kerry;4
Kerryson;1
Kervin;1
Keshav;1
Kevan;5
Keven;1
Kevin;245
Kevyn;1
Keya;1
Keyri-Llos;1
Keyvan;1
Khain;1
Khaled;2
Khalil;1
Khoi;1
Khushveer;1
Khushwant;1
Kidega;1
Kiefer;5
Kiegan;1
Kiel;3
Kien;1
Kieran;7
Kieron;1
Kieth;1
Killian;3
Kim;3
Kipp;1
Kirbi;1
Kirby;7
Kirk;22
Kirkland;1
Kirsten;1
Kishan;1
Kishen;1
Kit;1
Kitt;1
Klayton;1
Klifford;1
Kliman;1
Klynton;1
Knowlton;1
Koby;1
Kodi;4
Kody;16
Koel;1
Kohl;3
Koji;1
Kolan;1
Kolby;2
Kole;3
Kolin;2
Koltaen;1
Kolten;3
Kolton;5
Konrad;2
Koray;1
Korby;1
Korey;4
Kori;1
Korie;2
Korrey;1
Kory;7
Kougar;1
Kraig;3
Kreegan;1
Kreg;1
Kris;3
Krishan;2
Krishna;1
Kristian;7
Kristin;2
Kristjan;1
Kristof;1
Kristofer;3
Kristoffer;4
Kristopher;48
Kristov;1
Krystopher;1
Kurn;1
Kurri;1
Kurt;21
Kurtas;1
Kurtis;29
Kurtt;1
Kurukulasuriya;1
Kushaal;1
Kwaku;1
Kye;2
Kylan;1
Kyle;428
Kylen;1
Kyler;8
Kyler-Drew;1
Kylor;1
Kynan;1
Kyo-Jean;1
Kyran;1
Kyron;1
Kyson;1
Lachlan;3
Lain;1
Laine;1
Laiton;1
Lake;1
Lakshman;1
Lamar;1
Lance;23
Lancelot;1
Landan;1
Landen;4
Lander;1
Landis;1
Landon;32
Landy;1
Landyn;3
Lane;9
Lani;1
Laron;1
Larry;4
Lars;4
Laski;1
Laszlo;2
Lauchlan;1
Laughlan;1
Lauren;2
Laurence;3
Laurent;1
Lawrence;15
Lawrien;1
Lawson;1
Layne;8
Layton;4
Leam;1
Leander;1
Lee;34
Leejon;1
Lee-Micheal;1
Leendert;1
Leeron;1
Leevon;1
Lehel;1
Leif;1
Leigh;1
Leighton;6
Leiland;1
Leith;1
Leland;1
Lenard;1
Lenn;1
Lenny;1
Leo;3
Leon;2
Leonard;12
Leonel;1
Leonidas;1
Leroy;1
Lesley;1
Leslie;6
Lev;1
Levi;33
Levko;1
Levon;3
Lewis;4
Liam;23
Lincoln;3
Linden;1
Lindon;1
Lindsay;4
Lindsey;1
Linus;2
Lionel;2
Lior;1
Lkae;1
Lloyd;4
Lochlan;1
Logan;76
Logun;1
Loi;1
Lon;1
Long;1
Long-Thanh;1
Lonnie;2
Loren;1
Lorenz;1
Lorenzo;3
Lorin;1
Lorne;9
Loui;1
Louie;1
Louis;11
Louis-Nicholas;1
Lowell;3
Luc;6
Lucas;60
Lucius;1
Lucus;1
Ludovik;1
Luis;5
Luka;1
Lukas;10
Luke;65
Lukis;1
Luther;1
Lyle;8
Lynden;2
Lyndon;11
Mackenzie;25
Madison;7
Magell;1
Maher;1
Mahmoud;1
Majd;1
Majer;1
Majid;1
Makenzie;1
Makenzy;1
Malachi;2
Malcolm;9
Malcom;1
Malek;1
Malik;1
Malin;1
Mallik;1
Manav;1
Mandeep;4
Mandip;1
Manjodh;1
Manjot;1
Manno;1
Manny;1
Manolo;1
Manpal;1
Manpreet;3
Manroop;1
Manuel;4
Manveer;1
Marady;1
Marc;41
Marc-Andre;2
Marc-Antoine;1
Marcel;5
Marc-Elliot;1
Marcello;1
Marcelo;1
Marco;8
Marc-Pierre;1
Marcus;16
Mardin;1
Mardy;1
Marek;2
Mario;8
Marius;1
Mark;172
Marko;3
Markus;4
Marlon;5
Marques;1
Marshal;1
Marshall;15
Marston;1
Martel;1
Martial;1
Martin;31
Marty;2
Marvin;7
Marwan;1
Mason;19
Mate;1
Mateo;1
Mateusz;1
Matheau;1
Mathew;55
Mathias;1
Mathieu;7
Mathiew;2
Matt;8
Matten;1
Matthais;1
Matthew;511
Matthew-James;1
Matthias;2
Matts;1
Maurice;2
Maurizio;1
Maury;1
Maverick;2
Max;12
Maximilian;3
Maximiliano;1
Maximillian;4
Maxum;1
Maxwel;1
Maxwell;19
Mckale;1
Mckenzie;1
McNeil;1
Meagan;1
Mehar;1
Melvin;5
Mendel;1
Merle;2
Merrick;2
Mervin;2
Mervine-Greer;1
Mervyl;1
Meshale;1
Methal;1
Micah;4
Micahl;1
Michael;570
Michal;4
Micheal;51
Michel;6
Michel-Sacco;1
Mick;1
Micky;1
Miguel;5
Mihail;1
Mihaly;1
Mihir;1
Mikael;2
Mike;2
Mikel;3
Mikhail;2
Mikko;1
Milan;2
Miles;5
Milos;1
Milton;2
Ming;1
Minh;3
Misha;1
Mishael;1
Mitch;2
Mitchel;14
Mitchell;127
Mohamad;7
Mohamed;11
Mohamed-Bock;1
Mohamed-Tayssir;1
Mohammad;3
Mohammed;8
Mohit;2
Mohsin;1
Monico;1
Montgomery;1
Monty;1
Moore;1
Mordecai;1
Morgan;26
Morley;1
Morly;1
Morris;2
Mosa;1
Moses;1
Moustafa;2
Muhamed;1
Muhammad;3
Muhammed;2
Mujtaba;1
Murray;9
Murtaza;1
Mustafa;2
Mustapha;1
Mychal;1
Mykal;1
Mykel;4
Myles;27
Myron;1
Nabeel;1
Nabil;2
Nadeem;1
Nadeen;1
Nader;1
Nadir;1
Naeem;1
Naheed;3
Nahim;1
Nahuel;1
Naim;1
Najib;1
Nakael;1
Nakul;1
Nam;2
Narada;1
Nash;2
Nasir;1
Nason;1
Nasser-Dean;1
Nassib;1
Natale;1
Nathan;131
Nathanael;4
Nathanial;4
Nathaniel;28
Nathannael;1
Nathen;1
Natheus;1
Nathon;1
Nathyne;1
Navaro;1
Navarone;1
Navdeep;1
Naveed;1
Navin;1
Navjit;1
Navjot;1
Navraj;1
Navroop;1
Nayel;1
Neal;3
Neel;1
Neil;37
Neilson;1
Nelson;8
Nephi;2
Nevin;1
Nezr;1
Nhan;1
Nhut;1
Niall;3
Nicholas;205
Nicholaus;1
Nicholis;1
Nicholoi;1
Nick;1
Nickolas;7
Nickolaus;1
Nickolie;1
Nico;2
Nicola;1
Nicolas;15
Nicooly;1
Nidal;1
Nigel;12
Nikki;1
Niko;1
Nikola;1
Nikolai;1
Nikolas;9
Nikolaus;2
Nile;1
Nilo;1
Nils;1
Nima;1
Nishant;1
Noah;7
Noel;7
Nolan;22
Norman;4
Nygel;1
Nylan;1
Obyda;1
Olin;1
Oliver;13
Olivier;7
Ollin;1
Omar;7
Omer;1
Oren;1
Orest;2
Oriel;1
Orin;2
Orrie;2
Orrin;2
Orry;2
Orval;1
Osama;1
Osbert;1
Oscar;6
Oscarin;1
Otis;1
Owais;1
Owen;29
Paden;1
Pake;1
Palmerino;1
Palvinder-Raju;1
Paolo;2
Parambir;1
Paramvir;1
Paris;1
Parker;7
Parminder;1
Parminderjit;1
Parmpreet;1
Parry;2
Pascal;1
Pascale;1
Pascal-Rene;1
Pasha;1
Patric;1
Patrick;122
Patrik;1
Patryc;1
Patryk;1
Paul;88
Paul-Michael;1
Paulo;3
Pawanbir;1
Payton;2
Pearce;2
Penner;1
Pernnell;1
Perry;4
Petar;1
Peter;102
Phi-Hung;1
Phile;1
Philip;39
Philip-Jonathan;1
Philipp;1
Philippe;4
Philips;1
Phillip;23
Phillipe;1
Phoenix;1
Phong;1
Phu-Truong;1
Pierce;3
Piero;1
Pierre;3
Pierre-Luc;1
Pieter;2
Piotr;1
Pisim;1
Pranav;1
Prashneel;1
Pratyaksh;1
Pravdeep;1
Pravpal;1
Presley;2
Preston;10
Qasim-Ali;1
Quade;1
Quang-Hoa;1
Quentin;3
Quenton;1
Quincy;4
Quinlan;1
Quinn;19
Quint;1
Quintin;2
Quinto;1
Quinton;11
Quoc;1
Qyrin;1
Raadhesh;1
Rabeeh;1
Rabeih;1
Rached;1
Rada;2
Raddy;1
Radon;1
Rafeeq;1
Ragheed;1
Raghu;1
Rahamatullah;1
Raheem;1
Rahim;3
Rahul;2
Raj;2
Rajdeep;1
Rajneel;1
Rajvir;1
Rakul;1
Ralph;2
Ralston;1
Raman;1
Ramandeep;2
Rami;1
Rami-Ismat;1
Ramneet;1
Ramzi;1
Randal;7
Randall;13
Randeep;1
Randel;2
Randell;3
Randolph;4
Randon;1
Randy;28
Randy-Ian;1
Randyn;1
Ranjit;1
Ravenlee;1
Ravinder;1
Ravy;1
Ray;2
Ray-Al;1
Rayburn;1
Raymond;37
Rayneel;1
Reagan;1
Real;1
Redmond;2
Reece;8
Reed;7
Reegan;1
Reehan;1
Reese;1
Regan;6
Reggie;3
Reggin;1
Reginald;4
Regnil;1
Rehan;1
Rehn;1
Reid;14
Reilly;1
Rein;1
Reinhard;1
Remal;1
Remington;1
Remy;1
Rene;6
Rennie;1
Renny;1
Reno;2
Reon;1
Reuben;8
Reynold;1
Reynolds;1
Rhett;3
Rhody;1
Rhys;3
Riad;1
Ricardo;5
Riccardo;1
Ricco;1
Rich;1
Richard;120
Richer;1
Richie;2
Richmond;1
Rick;6
Ricki;1
Ricky;8
Rico;2
Riel;2
Riendieu;1
Riley;57
Ringo;1
Rion;1
Rishi;1
Ritesh;1
River;1
Riyadh;1
Rob;1
Robbert;1
Robbie;4
Robel;2
Robert;223
Roberto;4
Robin;10
Robin-Lee;1
Robroy;1
Robyn;2
Rock;1
Rockie;1
Rockwell;1
Rocky;4
Roderick;2
Rodey;1
Rodger;1
Rodman;1
Rodney;8
Rodnie;1
Roger;8
Rohan;2
Rohit;1
Roland;3
Roman;10
Romeo;1
Rommel;1
Ron;1
Ronald;13
Ronan;1
Ronnel;1
Ronnie;1
Rorey;1
Rory;17
Rosh;1
Roshan;1
Roshant;1
Ross;24
Roth;1
Rowley;1
Roy;8
Royce;5
Royle;1
Ruben;5
Rudy;2
Rueben;1
Rusjot;1
Russel;2
Russell;29
Rustin;1
Rusty;3
Ryan;365
Ryanjeet;1
Ryann;1
Ryder;2
Ryker;1
Rylan;12
Ryland;3
Ryle;1
Ryley;10
Rylund;1
Ryon;1
Saad;1
Saadiq;1
Sabin;1
Sadiq;1
Saed;1
Safron;1
Sage;3
Sahil;2
Said;1
Saif;1
Salar;1
Saleem;1
Salman;1
Salvatore;2
Salwin;1
Sam;8
Samer;3
Sami;1
Samir;2
Sammy;2
Samson;3
Samual;2
Samuel;76
Sanam;1
Sanang;1
Sandeep;2
Sanders;2
Sandro-Andreas;1
Sandy;2
Sang;2
Sanjesh;2
Sansitny;1
Santino;1
Santos;1
Sarkis;1
Sasha;2
Satinderpaul;1
Saul;1
Saunder;1
Saunders;1
Saverio;1
Savic;1
Sawyer;2
Saxon;1
Schuyler;2
Scot;2
Scotford;1
Scott;179
Seamus;1
Sean;161
Seanan;1
Sebastain;1
Sebastian;9
Sebastien;6
Sedique;1
Seiichiro;1
Selim;1
Serawatt;1
Serge;1
Sergio;2
Seth;9
Shaan-E-Abbas;1
Shad;1
Shaddy;1
Shadi;1
Shadoe;1
Shadrak;1
Shae;3
Shahbaz;1
Shahil;1
Shaile;1
Shalvin;1
Shameek;1
Shamil;1
Shamus;2
Shane;87
Shannon;1
Shant;1
Shanti;1
Sharman;1
Shaun;33
Shavinesh;1
Shawki;1
Shawn;75
Shawnik;1
Shayden;2
Shayne;12
Shea;5
Sheffield;1
Shelby;8
Sheldon;29
Shelton;1
Shelvain;1
Shen;1
Sheridan;1
Sherman;1
Shevlin;1
Sheycil;1
Shivanand;1
Shon;1
Shone;1
Shouresh;1
Shue-Ke;1
Shyloh;1
Shyrone;1
Sidney;1
Sikander;1
Sile;1
Silvester;1
Simo;1
Simon;25
Simpson;1
Simran;2
Simranjeet;1
Simranjit;1
Simranjot;1
Singh;3
Siribood;1
Siryun;1
Skye;3
Skylar;8
Skylare;1
Skyler;8
Skylier;1
Slade;2
Sohel;1
Sohrab;1
Solomon;4
Solon;1
Somkaven;1
Sonny;3
Sormbatt;1
Soroosh;1
Soshiance;1
Spencer;71
Spenser;2
Stacey;2
Stanislaw;1
Stanley;8
Stapana;1
Staven;1
Steele;1
Steen;1
Stefan;22
Stefano;1
Stellen;1
Stephan;11
Stephane;9
Stephen;148
Stergios;1
Sterlin;1
Sterling;1
Stetson;1
Stevahn;1
Steve;7
Steven;251
Stevie;2
Stewart;8
Stian;1
Stormy;1
Stratton;1
Strephon;1
Stuart;34
Subegh;1
Subhan;1
Suhas;1
Suhile;1
Sukhjit;1
Sukhpal;1
Suley;1
Sumeet;4
Sumit;1
Sundeep;4
Sunil;1
Sunjeet;1
Sunny;1
Suraj;1
Surjot;1
Surkhveer;1
Swapnil;1
Sydney;1
Sylvester;1
Sylvester-Jozef;1
Taber;1
Tache;1
Tadeus;1
Tadeusz;1
Taheer;1
Tahner;1
Taidhg;1
Taimoore;1
Taisser;1
Tait;2
Taize;1
Tajammal;1
Takahiro;1
Tal;2
Taliesin;1
Talin;1
Talon;1
Talwinder;1
Tamer;1
Tamiz;1
Tan;1
Tanner;40
Taranbir;1
Taranveer;1
Taras;2
Tarek;1
Tarek-Zakaria;1
Tareq;1
Tarik;1
Tarin;2
Tariq;1
Tarique;1
Tarnvir;1
Tarryl;1
Taryl;1
Tasso;1
Tate;5
Taurean;1
Taurian;1
Tavin;1
Tavis;1
Tavish;1
Taylar;1
Tayler;3
Taylor;140
Tayte;1
Teagan;2
Ted;2
Teddy;1
Teepu;1
Tegan;2
Te-Ja;1
Tejveer;2
Tendayi;1
Tenneil;1
Tenzin;2
Teo;1
Terance;1
Terell;1
Terence;12
Terho;1
Teri-James;1
Tero;1
Terrace;1
Terrance;9
Terrell;1
Terrence;3
Terrill;1
Terris;1
Terry;17
Teryn;2
Teunis;1
Tevin;1
Texter;1
Thaison;1
Thane;1
Thanh;1
Thayl;1
Thayne;1
Thazhumpal;1
The;1
Theo;2
Theodor;3
Theodore;14
Theophile;1
Theoren;1
Theran;1
Thereon;1
Therin;1
Theron;1
Thien;1
Thomas;151
Thompson;1
Thomson;1
Thor;2
Thorin;1
Thu;1
Thuan;1
Tien;1
Tighe;1
Tiluck;1
Timber;2
Timmothy;1
Timothy;81
Tin;1
Titus;1
Tobby;1
Tobiah;1
Tobias;4
Tobin;1
Toby;3
Todd;28
Todd-James;1
Tokunbq;1
Tokunn;1
Tom;1
Tomas;5
Tomasz;4
Tommy;6
Tomoosee;1
Tony;15
Tori-Lee;1
Torin;2
Torquil;1
Torrance;2
Torrey;1
Torrin;1
Torry;1
Tory;6
Tracy;2
Trae;1
Traphton;1
Traves;1
Travin;1
Travis;193
Treaver;1
Tremaine;1
Trendon;2
Trent;29
Trenten;1
Trenton;9
Trestin;1
Treston;1
Trever;3
Trevis;1
Trevor;83
Tri;1
Trigger;1
Trinity;1
Tristan;23
Tristin;1
Trong;1
Tronspencer;1
Troy;36
Truman;1
Trung;1
Truong;1
Tuan;2
Tubby;1
Tucker;2
Tuong;1
Ty;20
Tyce;1
Tye;2
Tyee;1
Tylan;1
Tylar;1
Tyler;337
Tyler-James;1
Tylin;1
Tyller;1
Tylor;7
Tymen;1
Tymon;1
Tynan;1
Tyner;1
Tyree;1
Tyrel;9
Tyrell;14
Tyroan;1
Tyrone;10
Tyrrell;2
Tyrus;2
Tysei;1
Tysen;1
Tyson;62
Tysson;1
Umar;2
Uriah;1
Usmaan;1
Usman;1
Vafa;1
Van;1
Vance;4
Vaughan;1
Vaughn;4
Veeran;1
Verne;1
Vernon;4
Vi;2
Victor;16
Videan;1
Viet;1
Vikas;1
Vikramjeet;1
Vikramjit;1
Vinay;1
Vince;3
Vincent;37
Vincenzo;1
Vinesh;1
Vinh;1
Vinson;1
Virgilio;1
Vishal;4
Vitale;1
Vittorio;1
Vivek;1
Vlasey;1
Vu;2
Vuthy;1
Wacey;4
Wacy;1
Wade;18
Waden;1
Waleed;1
Walid;1
Walied;1
Walker;1
Walter;5
Waqaas;1
Ward;1
Warren;20
Warren-Hudson;1
Wassim;2
Waylon;6
Wayne;13
Wendell;2
Wes;1
Wesleigh;1
Wesley;28
Wesly;1
Westin;1
Westley;1
Weston;3
Whitespottedfeather;1
Wiley;1
Wilfred;2
Wilhelm;2
Will;1
Willem;2
William;139
Willie;4
Willis;1
Willm;1
Willson;1
Wilson;6
Winslow;1
Winston;3
Woodrow;1
Wren;1
Wyatt;14
Wylee;1
Wynston;1
Xavier;1
Yafet;1
Yale;1
Yannick;2
Yardley;1
Yasen;1
Yat-Hang;1
Yazeed;1
Yazir;1
Yeobanny;1
Yihya;1
Yilan;1
Yin;1
Yogesh;1
Yonnase;1
Youness;2
Young;1
Youssef;3
Yue-Bon;1
Yuen;1
Yuki;1
Yukiya;1
Yung;1
Yu-Sheng;1
Yuvraj;1
Zaccary;1
Zachari;1
Zacharia;1
Zachariah;4
Zacharie;1
Zachary;124
Zachery;6
Zachiary;1
Zachrey;1
Zackary;5
Zackery;3
Zahid;1
Zahir;2
Zain;3
Zainoon;1
Zak;1
Zakary;1
Zakhary;1
Zamir;1
Zan;1
Zander;1
Zandon;1
Zane;5
Zaqir;1
Zarin;1
Zeff;1
Zeth;1
Ziad-H.;1
Zoheb;1
Zsigmond;1
Zubair;2
Zulfiqar;1
Zuviel;1
