Aalesha;1
Aamena;1
Aanchal;1
Aaren;1
Aarielle;1
Aaron;1
Aarti;1
Aasiyah;1
Abbey;1
Abbi;1
Abbie;1
Abbi-Lynn;1
Abby;4
Abeer;2
Abegail;1
Abigail;16
Abra;1
Acacia;2
Ada;2
Adaeze;1
Addison;3
Adebola;1
Adela;1
Adelaide;1
Adelaine;1
Adeleen;1
Adeline;2
Adelle;2
Adena;1
Adina;1
Adison;1
Adlee;1
Adrian;1
Adriana;6
Adrianna;7
Adrianne;1
Adriel;2
Adriena;1
Adriene;3
Adrienne;15
Adrionna;1
Aeron;1
Affrica;1
Aftan;2
Afton;1
Aganetha;2
Agatha;3
Agnieszka;1
Ahlam;1
Aidyn;1
Aileen;3
Ailsa;1
Aimee;10
Aimee-Lynn;1
Aimi;1
Aimie;1
Aimy;1
Ainsley;1
Aisha;3
Aislin;1
Aislinn;4
Aiyana;1
Akayla;1
Aksana;1
Akua;1
Alacja;1
Alaena;1
Alaina;6
Alana;30
Alanah;1
Alanda;1
Alandra;1
Alanna;37
Alannah;22
Alannah-Jean;1
Alannah-Myles;1
Alanna-Marie;1
Alaysha;1
Alberta;1
Albertina;1
Aleacia;1
Aleah;1
Alecia;1
Alecyn;1
Aleda;2
Aleema;1
Aleen;1
Aleena;1
Aleesha;1
Aleisha;8
Aleisia;1
Aleitha;1
Aleka;1
Aleksa;1
Aleksandra;1
Alena;4
Alesha;3
Aleshea;1
Alesia;1
Alessa;1
Alessandra;1
Alessia;1
Alex;3
Alexa;15
Alexandra;118
Alexandrea;2
Alexandria;25
Alexandrina;1
Alexa-Rae;2
Alexa-Ray;1
Alexi;1
Alexia-Rae;1
Alexis;25
Aleyna;1
Ali;7
Alia;3
Alice;8
Alicea;1
Alicia;51
Alida;2
Aliesha;1
Alina;3
Aline;1
Alisa;3
Alisha;38
Alison;33
Alissa;11
Alita;1
Alivia;1
Alix;13
Alixe;1
Aliya;2
Allana;2
Allannah;2
Allegra;1
Allene;1
Allex;1
Alley;1
Allie;1
Alliott;1
Allisa;1
Allisha;5
Allision;1
Allison;52
Allissa;2
Allora;1
Allysha;4
Allyson;11
Allyssa;7
Allyssia;1
Alma;1
Almanda;1
Alora;10
Alora-May;1
Alva-Marie;1
Aly;1
Alycha;1
Alycia;10
Alynn;2
Alysa;6
Alyse;1
Alysha;26
Alyshah;1
Alyshea;1
Alyshia;4
Alysia;4
Alyson;7
Alyss;1
Alyssa;143
Alyssa-Mae;1
Alyssa-Marie;1
Alysse;2
Alyssia;3
Alysson;1
Amahrey;1
Amalea;1
Aman;3
Amanda;394
AMANDA;1
Amanda-Lee;2
Amanda-Lyn;1
Amanda-Lynn;1
Amandeep;2
Amandy;1
Amani;1
Amanjot;2
Amanpreet;1
Amara;2
Amarjit;1
Amber;110
Amber-Dawn;1
Amber-Lee;1
Amberlei;1
Amber-Leigh;1
Amberley;1
Amberly;3
Amber-Lynn;1
Amberlyn-Noelle;1
Amber-Ray;1
Ambreen;1
Amee-Jean;1
Ameerah;1
Amel;1
Amelia;15
Amelie;1
Amelina;1
Amereen;1
Amethyst;3
Ami;2
Ami-Anne;1
Amie;7
Amina;1
Amita;1
Amne;1
Amneh;1
Amnie;2
Amoreena;2
Amourin;1
Amreeta;1
Amrita;1
Amtulhye;1
Amy;166
Amy-Joy;1
Ana;3
Ana-Maria;1
Anastacia;1
Anastasia;5
Anchal;1
Ande;1
Andi;1
Andie-Rae;1
Andjelka;1
Andraea;1
Andrea;90
Andree;2
Andria;2
Aneca;1
Aneet;1
Anelise;1
Anena;1
Aneshia;1
Angel;11
Angela;64
Angele;1
Angeleena;1
Angeleia;1
Angelia;2
Angelica;7
Angelie;1
Angelika;2
Angelina;14
Angeline;2
Angelique;3
Angeliza;1
Angie;4
Anh;2
Ania;1
Aniela;1
Aniesa;1
Anika;2
Anisa;3
Anisha;2
Anissa;1
Anita;17
ANITA;1
Anjali;1
Anjana;1
Anjandeep;1
Anji;1
Anjoli;1
Ann;2
Anna;50
Annabelle;2
Annafelle;1
Annah;1
Anna-Kristina;1
Anna-Lee;2
Annaleise;1
Annalisa;2
Annalise;4
Annamarie;2
Anna-Marie;1
Annasarah;1
Anne;14
Annemarie;2
Anne-Marie;2
Annette;3
Annie;11
Annika;2
Annilee;1
Annmarie;1
Ann-Marie;2
Annum;1
Anola;1
Antoinette;1
Antonella;2
Antonia;2
Antonina;1
Anum;1
Anushya;1
Anysa;1
Apinder;1
Apreet;1
April;39
April-Lee;1
Apryl;1
Ara-Bela;1
Araby;1
Araiea;1
Arania;1
Arathana;1
Arbella;1
Arden;3
Arena;1
Arian;1
Ariana;3
Arianna;2
Arianne;4
Arianova;1
Ariel;17
Arielle;9
Arika;2
Arin;1
Arista;1
Arkady;1
Arlene;1
Arriel;1
Arshia;1
Artie;1
Aryal;1
Aryan;1
Aryana;2
Aryn;2
Arzoo;1
Asha;2
Ashelyn;1
Ashlea;4
Ashlee;14
Ashleigh;31
Ashlen;2
Ashley;356
Ashley-Ann;2
Ashley-Anne;1
Ashley-Dawn;1
Ashley-Kaye;1
Ashli;3
Ashliegh-Dawn;1
Ashlin;1
Ashline;1
Ashling;1
Ashly;6
Ashlyn;1
Ashlynn;2
Ashnoor;1
Ashten;2
Ashtin;1
Ashton;8
Ashtyn;1
Ashylla;1
Asia;1
Asima;1
Asmaa;1
Asmahan;1
Asra;1
Asriah;1
Astry;1
Athar;1
Athena;5
Atifa;1
Aubrey;1
Audra;1
Audrey;7
Augusta;1
Augustine;1
Aureba;1
Aurora;7
Aurora-Leigh;1
Austinn;1
Autumn;3
Avaeri;1
Averie;1
Avery;11
Avneet;3
Ayat;1
Aydan;1
Ayla;10
Ayliza;1
Aylsa;1
Aymen;1
Ayn;1
Aynsley;1
Aysa;1
Ayzer;1
Azia;1
Azlyn;1
Baby;22
Baheyah;1
Bailee;2
Bailey;40
Bailie;1
Baillie;3
Baily;1
Bali;1
Baljit;1
Barbara;11
Barbara-Anne;1
Basie;1
Basma;1
Batoul;1
Baylee;3
Beata;1
Beatrice;1
Becky;6
Beige;1
Belinda;4
Bella;1
Benita;2
Berlin;1
Bernadette;3
Bernice;3
Bertha;2
Bess;1
Betelhim;1
Beth;7
Beth-Ann;1
Bethany;20
Bethea;1
Bethsheba;1
Betsy;1
Bettina;1
Betty;5
Betul;1
Beverly;6
Bevin;1
Bhavnha;1
Bhavya;1
Bianca;9
Bich;1
Billie;2
Binh;1
Birkley;1
Blair;4
Blaire;4
Blake;2
Blue;1
Blye;1
Bobbi;2
Bobbie;2
Bobbie-Sue;1
Bobbi-Jo;1
Boi;1
Bonita;2
Bonnie;16
Bonnita;1
Bonny;1
Bowie;1
Brady;1
Brae-Lea;1
Braelyn;1
Brandee;2
Brandi;18
Brandie;4
Brandi-Lee;1
Brandis;1
Brandon;1
Brandy;11
Brandy-Amelia;1
Bre;1
Brea;1
Breah;1
Breane;1
Breann;3
Breanna;26
Breanne;36
Breannon;2
Bree;1
Breeann;1
Breege;1
Breena;1
Breianne;1
Brena;1
Brenda;12
Brenitta;1
Brenn;1
Brenna;14
Bret;1
Bretley;1
Bretonie;1
Bretton;1
Bria;1
Briah;1
Briana;12
Briand;1
Brianna;33
Bri-Anna;1
Brianne;23
Bricklin;1
Bridget;9
Bridgett;1
Bridgette;2
Bridgit;3
Bridie;1
Brieann;1
Brieanna;2
Brieanne;1
Brie-Anne;1
Briel;1
Brielle;1
Brienne;2
Brigette;2
Brighid;1
Brigitte;2
Brinn;1
Brita;1
Britain;1
Britani;1
Britanie;2
Britany;4
Britnee;1
Britney;17
Britney-Ann;1
Britni;2
Britnie;2
Britny;4
Britta;1
Brittanee;1
Brittaney;6
Brittani;7
Brittanie;2
Brittany;274
Brittany-Jacqueline;1
Brittany-Lee;1
Brittini;2
Britt-Marie;1
Brittnay;2
Brittne;1
Brittnee;1
Brittney;49
Brittni;8
Brittny;2
Brodi;1
Brogan;1
Bronwyn;3
Brook;1
Brooke;20
Brookelyn;1
Brooklyn;3
Brooklynn;2
Brooks;1
Bryanda;1
Bryann;1
Bryanna;6
Bryde;1
Bryn;1
Brynn;2
Brynne;2
Bryony;1
Brytny;1
C.;1
Caeleigh;2
Caelin;1
Caelum;1
Cagney;1
Caij;1
Cailean;1
Cailey;1
Cailin;1
Cailyn;2
Caitlan;1
Caitland;1
Caitlin;100
Caitlyn;25
Caitlynn;4
Caitlynne;1
Cajun;1
Calandra;1
Calee;1
Caleigh;4
Calen;1
Caleng;1
Caley;1
Cali;2
Calie;1
Caliena;1
Calinda;1
Calista;2
Calla;3
Callandra;1
Calli;2
Callie;11
Cally;8
Calynn;1
Camielia;1
Camila;1
Camilla;1
Camille;15
Camillia;1
Cammie;1
Candace;30
Candice;19
Candida;1
Candise;1
Candy;2
Candyce;1
Cara;22
Caraleah;1
Caralee;2
Caralynn;1
Caren;1
Carena;1
Caresse;1
Cari;2
Carin;1
Carina;3
Carissa;13
Carla;15
Carlee;6
Carleen;2
Carleigh;2
Carlene;4
Carley;12
Carli;2
Carlie;4
Carling;1
Carly;45
Carlye;1
Carlyn;5
Carlynn;1
Carman;1
Carmanagh;1
Carmelia;1
Carmelle;2
Carmen;28
Carol;7
Carol-Ann;1
Carolanne;1
Carole;2
Carolee;1
Carolina;2
Caroline;16
Carolyn;14
Carolynn;1
Caron;1
Carrey;1
Carrie;7
Carrieann-Tara;1
Carrie-Ellen;1
Carson;1
Carsyn;1
Caryn;1
Casandra;9
Casey;16
Casey-Dawn;1
Casie;1
Cassandra;139
Cassaundra;1
Cassia;1
Cassidy;10
Cassie;17
Cassie-Paige;1
Cassondra;4
Cassy;1
Castiena;1
Caterina;2
Catharine;1
Catherine;46
Cathleen;1
Cathlyn;1
Cathryn;2
Cathy;5
Catlyn;1
Catrina;2
Catriona;1
Caveena;1
Cayenne;1
Cayla;9
Caylea;1
Caylee;2
Cayleigh;1
Cayley;5
Caylie;2
Caylin;1
Caylynn;1
Ceanna;2
Cecelia;2
Cecilia;7
Cecillia;1
Cecily;1
Ceileigh;1
Ceilidh;1
Ceira;1
Celena;1
Celene;2
Celeste;8
Celestina;1
Celia;4
Celina;5
Celine;9
Celyne;1
Cera;3
Cesia;1
Cetara;1
Cezanne;1
Chailene;1
Chainee;1
Chaleyn;1
Chalissa;1
Chalisse;1
Chalita;1
Challanda;1
Chalsea;1
Chalsee;1
Chalsey;1
Chalsie;1
Chamruong;1
Chanae;1
Chanalle;1
Chandan;1
Chandandeep;1
Chandel;1
Chandeya;1
Chandler;1
Chandra;5
Chanel;8
Chanele;1
Chanelle;10
Chanese;1
Channel;2
Channing;1
Chantal;29
Chantalle;1
Chantara;1
Chantel;42
Chantele;2
Chantell;2
Chantella-Lee;1
Chantelle;71
Chantiel;1
Chantielle;1
Chantille;1
Chantilly;1
Chanttyl;1
Chantun;1
Charan;1
Charelle;1
Charice;1
Charis;1
Charissa;7
Charity;5
Charla;2
Charle;1
Charlee;2
Charlene;16
Charley;1
Charli;2
Charlie;2
Charline;1
Charlotte;12
Charlyee;1
Charmagne;2
Charmain;1
Charmaine;8
Charmayne;4
Charnel;1
Charnele;1
Charnelle;1
Chartina;1
Charvel;1
Chasitty;1
Chasity;4
Chassidy;2
Chaste;1
Chavonne;1
Chaylene;2
Chayna;1
Chealsea;1
Chefawn;1
Cheice;1
Chelaynne;1
Chelbey;1
Chelcee;1
Chelcii;1
Chelsa;1
Chelsea;151
Chelsea-Jane;1
Chelsea-Lee;1
Chelsee;1
Chelsey;51
Chelsi;3
Chelsie;13
Chelsy;1
Chenee;1
Chenice;1
Chennae;1
Chental;1
Cherelle;1
Cherie;3
Cherilyn;2
Cheri-Lyn;1
Cherise;3
Cherish;5
Cherisse;2
Cherrisse;1
Cheryl;9
Cheryse;1
Chetna;1
Cheyanna;1
Cheyanne;4
Cheyenne;21
Cheyney;1
Chianne;1
Chinda;1
Chloe;18
Chole;1
Chondra;1
Chris-Ann;1
Chrisaona;1
Christa;8
Christal;2
Christel;1
Christen;1
Christian;1
Christianna;1
Christie;8
Christie-Delaine;1
Christi-Lea;1
Christin;1
Christina;91
Christina-Marie;1
Christine;101
Christy;9
Christyne;1
Chrystal;1
Chuen-Huey;1
Chyane;1
Chyanne;1
Chynna;2
Cianna;2
Ciara;3
Cienna;1
Cierra;1
Cindy;12
Claire;30
Clara;5
Clare;4
Clareen;1
Clarice;1
Clarissa;8
Clarisse;1
Claudette;1
Claudia;5
Claudien;1
Claudine;1
Cleo;1
Clirissa;1
Clorissa;1
Clystyna;1
Coby;1
Codi;3
Cohen;1
Colbi;1
Colby;3
Colette;3
Colinda;1
Coline;1
Colleen;11
Collette;2
Colm;1
Coltanna;1
Connie;6
Connor;1
Constance;3
Cora;4
Coral;1
Coral-Ann;1
Coralee;2
Coralie;2
Coralynn;1
Corby;1
Coretta;1
Corey;2
Cori;4
Corie;1
Cori-Jo;1
Corina;2
Corinna;3
Corinne;4
Corissa;1
Corlee;1
Corliss;1
Corrie;1
Corrin;1
Corrina;4
Cortney;6
Cory;2
Courtenay;6
Courteney;1
Courtnee;1
Courtnei;1
Courtney;152
Cree;2
Crickett;1
Crissie;1
Cristal;1
Cristen;1
Cristin;1
Cristina;3
Cristine;1
Cristy;1
Crystal;53
Crystal-Dawn;1
Crystal-Jade;1
Crystal-Lynn;1
Cydney;2
Cymara;1
Cyndi;1
Cyndy;1
Cynthia;23
Cyrena;2
Cyrenna;1
D.;1
Dacie;1
Daelee;1
Daelyn;1
Daenya;1
Dahlia;1
Daidra;1
Daina;1
Daisha;1
Daisy;3
Dakoda;1
Dakota;10
Dalaree;1
Dalean;1
Daleen;1
Dalenna;1
Dalice;1
Dallace;1
Dallas;11
Dalyce;1
Damara;3
Dameeda;1
Dan;1
Dana;36
Danae;1
Dana-Lynn;1
Daneen;1
Daneve;1
Dani;3
Danica;27
Daniea;1
Daniela;3
Daniell;2
Daniella;4
Danielle;188
Danika;9
Danila;1
Danille;1
Danita;1
Danna;2
Danna-Leigh;1
Danneil;1
Dannielle;1
Dannika;1
Dannina;1
Dannyl;1
Danya;2
Danyelle;1
Daphne;1
Dara;1
Daran;1
Darby;3
Darcee;1
D'Arcey;1
Darci;6
Darcia-Lynn;1
Darcie;9
Darcy;2
Darea;1
Dareen;1
Darielle;1
Darien;1
Darilyn;1
Darla;4
Darlene;9
Darlyn;1
Darnell;1
Darpan;1
Darsha;1
Daryl;1
Daryl-Leigh;1
Dashmeet;1
Dautsen;1
Davalyn;1
Davilyn;1
Davina;2
Davita;1
Dawn;11
Dawna;2
Dawnielle;1
Dawn-Joy;1
Dawnya;1
Dayl;1
Dayla;2
Dayle;2
Daylena;1
Daylene;2
Dayna;14
Daytona;1
Deaelle;1
Deana;1
Deanalee;1
Deandra;2
Deanna;25
Deanne;2
Debbie;2
Debby;1
Debora;1
Deborah;6
Debra;4
December;1
Deeanna;1
Deena;2
Deepika;1
Deidra;3
Deidri;1
Deirdre;1
Deirdre-Anna;1
Del;1
Dela;1
Delacey;1
Delaina;1
Delaine;1
Delaney;6
Delanie;2
Delayne;1
Delia;1
Delila;1
Delilah;3
Demi;3
Dena;2
Denae;1
Denai;1
Deneen;1
Deneige;1
Denelle;2
Denene;1
Deni;1
Denika;1
Denine;1
Denise;11
Dennise;1
Denny;1
Deri;1
Derrian;1
Derryl-Leigh;1
Desarae;1
Deserae;1
Deseray;1
Desideria;1
Desira;1
Desirae;1
Desire;3
Desiree;40
Desiree-Jean;1
Desni;1
Dessy;1
Destani;1
Destinee;1
Destini;1
Destiny;9
Devan;3
Devann;1
Devin;5
Devon;14
Devonna;1
Devynn;2
Dezaray;1
Dezeray;1
Dezirae;1
Deziree;1
Diamond;1
Diana;17
Diandra;1
Diane;7
Dianna;1
Dianne;2
Dierdre;1
Dinah;1
Diotima;1
Dixie;4
Dolly;2
Dolpha;1
Domini;1
Dominica;2
Dominique;19
Donia;1
Donita;1
Donna;12
Donnelle;1
Dora;1
Doreen;2
Dori;1
Doris;1
Dorothy;4
Douna;1
Dreena;1
Drew;5
Dru;1
Duchess;1
Dulcie;1
Dushita;1
Dustann;1
Dusteen;1
Dusti;1
Dustin;1
Dusty;1
D'Vonne;1
Dwila;1
Ebonie;1
Ebony;2
Ebtehel;1
Echo;1
Eden;9
Edith;1
Edna;3
Eiblis;1
Eileen;5
Eilendra;1
Eilish;1
Elaine;8
Elan;1
Elana;2
Elashia;1
Elaura;1
Elayna;1
Eleanor;2
Elena;6
Eleni;2
Elesha;1
Eliane;1
Elianne;1
Elicia;1
Elif;1
Elisa;5
Elisabeth;2
Elise;13
Elisha;4
Eliska;1
Elissa;2
Elisse;1
Elitta;1
Elizabeth;103
Ella;2
Ellen;11
Ellesar;1
Ellexis;1
Ellie;2
Ellis;1
Ellisa;1
Ellya;1
Ellyn;1
Elsa;1
Elsie;2
Elspeth;1
Elthia;1
Elvinia;1
Elyce;1
Elyna;1
Elysa;1
Elyse;15
Elysha;1
Elyshia;1
Elysse;1
Ema;1
Ema-Lee;1
Eman;1
Emanuelle;1
Ember;2
Emelia;1
Emelie-Anne;1
Emese;1
Emiko;1
Emilee;1
Emilia;2
Emilie;9
Emilija;1
Emilly;1
Emily;120
Emily-Anne;1
Emma;45
Emmaclaire;1
Emma-Joelle;1
Emma-Lee;1
Emmalina;1
Emmanuelle;1
Emmy;1
Enola;1
Erica;54
Ericka;3
Erika;31
Erika-Lee;1
Erin;124
Erinn;2
Eryn;2
Erynn;1
Esha;1
Esi;1
Esmeralda;1
Esra;1
Esther;10
Euliania;1
Eunice;1
Eva;9
Eva-Deann;1
Eva-Maria;1
Evan;2
Evangelia;1
Evangeline;3
Evania;2
Evanne;1
Eve;3
Evelene;1
Eveline;1
Evelyn;10
Evelyne;1
Evelynn;1
Evin;1
Evon;1
Ezelle;1
Faaria;1
Fadia;1
Fadwa;1
Faith;4
Fala;1
Faline;1
Falisha;1
Fallon;2
Falon;2
Falyn;1
Farah;3
Fareen;1
Farha;1
Farial;1
Farida;1
Farrah;5
Farrell;1
Farren;1
Farzaana;1
Farzana;1
Fatema;1
Fatima;7
Fatime;2
Fatina;1
Fauve;1
Fauzia;1
Fawn;1
Fayann;1
Faye;3
Felicia;20
Felicity;1
Ferrin;1
Filiz;1
Fiona;6
Florence;1
Fozia;1
Frances;5
Francesca;4
Francessca;1
Franchesca;1
Francine;4
Francis;2
Francisca;1
Francoise;1
Frankee;1
Frankie;1
Franky;1
Freda;2
Fredrique;1
Frieda;1
Funda;1
Gabriela;1
Gabriella;2
Gabrielle;10
Gagan;2
Gagandeep;2
Gaganpreet;1
Gardenia;1
Gayatri;1
Gayle;1
Gaylene;1
Geena;2
Gemma;1
Geneeva;1
Genene;1
Geneva;3
Genevieve;7
Genieve;1
Genis;1
Genna;1
Gennalynn;1
Genny;1
Genoa;1
Gentry;1
Genya;1
Georgette;1
Georgia;6
Georgina;1
Geralyn;1
Geri;1
Germaine;1
Gerrica;1
Gertruda;1
Gertrude;1
Gia;1
Gia-Linh;1
Gillian;16
Gina;9
Ginette;2
Ginger;1
Ginnie;1
Ginny;1
Ginny-Lou;1
Giny-Lyn;1
Giovanna;2
Giselle;2
Giulia;1
Glenda;1
Glenna;2
Glennda;1
Gloria;4
Glory;1
Glynis;1
Glynnis;1
Gorky;1
Gowthami;1
Grace;26
Gracie;3
Grady;1
Grainne;1
Grietje;1
Guinevere;1
Gulkiran;1
Gurinder;1
Gurkirn;1
Gurpreet;2
Gwen;2
Gypsi;1
Habiba;1
Hadassah;1
Hadika;1
Hager;1
Hai;1
Hailey;22
Haillie;1
Hajar;1
Haleigh;1
Haley;28
Hali;1
Halie;1
Halina;1
Halley;1
Hallie;1
Hamreet;1
Hanan;1
Haneen;3
Hanna;5
Hannah;40
Hannan;1
Hannie;1
Harjit;1
Harjot;2
Harlee;1
Harleena;1
Harley;1
Harmeet;1
Harmina;1
Harneet;1
Harpreet;3
Harpriya;1
Har-Sonam;1
Hawna;1
Hayden;1
Haylee;3
Hayleigh;1
Hayley;25
Hayley-Marie;1
Haylie;2
Hazel;4
Heather;107
Heidi;10
Hejaab;1
Hela;1
Heleena;1
Helen;10
Helena;2
Helene;1
Hellen;1
Hema;1
Herpinder;1
Hidee;1
Hieu;1
Hilary;15
Hilda;1
Hillary;7
Hilorie;1
Hilory;1
Hiu;1
Ho;1
Hoda;1
Hollee;1
Hollie;1
Hollii;1
Hollis;1
Holly;38
Holly-Anne;1
Holly-Joyce;1
Holly-Lisa;1
Hollyn;1
Hope;6
Huaida;1
Hual;1
Husin;1
Hysteria;1
Iashiana;1
Ida;1
Idana;1
Idell;1
Ileia;1
Ilene;1
Illnaz;1
Ilona;1
Ilyse;1
Iman;3
Ina;1
India;1
Ineke;1
Ingrid;1
Intissar;1
Iona;1
Irean;1
Irene;3
Iris;3
Isabel;4
Isabella;3
Isabelle;2
Isis;1
Islay;1
Isobel;1
Israa;1
Isylla;1
Ivana;1
Ivy;5
Iyamide;1
Izabela;2
Jacalyn;1
Jace;1
Jacenta;1
Jacey;3
Jaci;1
Jacie;2
Jacinta;3
Jacinthe;1
Jackelyn;4
Jacki;1
Jackie;7
Jackienna;1
Jacklyn;7
Jacklynn;1
Jaclyn;28
Jaclynn;3
Jaclynne;1
Jacquelin;2
Jacqueline;50
Jacquelyn;9
Jacquelynn;2
Jacy;2
Jacynta;1
Jada;1
Jade;25
Jade-Ann;1
Jade-Kris;1
Jadel;1
Jaelene;1
Jaelyn;1
Jaemi;1
Jahan;2
Jaida;3
Jaide;1
Jaiden;1
Jailene;1
Jaime;7
Jaimee;3
Jaimie;3
Jaimie-Lynn;1
Jakki-Lee;1
Jaklyn;1
Jalena;2
Jalene;1
Jalissa;2
Jalysa;1
Jamaika;1
Jami;2
Jamie;64
Jamielee;3
Jamie-Lee;5
Jamila;2
Jammie;1
Jammie-Lee;1
Jamy;1
Jana;7
Janae;1
Janah;1
Janai;1
Janaki;1
Janalee;1
Janany;1
Janay;3
Janaya;2
Janaye;1
Jane;15
Janeen;3
Janel;1
Janell;2
Janelle;42
Janene;1
Janessa;8
Janesta;1
Janet;16
Janet-Lee;1
Janette;1
Jani;1
Janice;6
Janie;3
Janina;2
Janine;19
Janis;1
Janisa;1
Janita;2
Janja;1
Janna;2
Jannah;1
Janna-Marynn;1
Jannet;1
Janniene;1
Janvier;1
Janylle;1
Japhia;1
Jaqueline;2
Jaquelynn;1
Jaqui;1
Jara;1
Jaryn;2
Jasdeep;1
Jaskamal;1
Jaskaran;1
Jaskaranjit;1
Jaslean;1
Jasman;1
Jasmeen;2
Jasmin;4
Jasminder;1
Jasmine;58
Jasmyn;4
Jasmyne;1
Jasneet;1
Jasper;1
Jaspreet;2
Jaspreet-Kaur;1
Jasra;1
Jasreet;1
Jassie;1
Jaussila;1
Jay;1
Jaya;1
Jaycee;3
Jayda;2
Jayde;1
Jaydee;1
Jayden;2
Jayelle;2
Jayla;1
Jayleen;4
Jaylene;6
Jaylina;1
Jayline;1
Jayme;12
Jaymee;5
Jaymie;3
Jayna;4
Jayne;1
Jaynell;1
Jazlyn;1
Jazmin;2
JC;1
Jealisa;1
Jean;2
Jeana;1
Jeanean;1
Jeanetta;1
Jeanette;1
Jeanie;3
Jeanine;6
Jeanna;1
Jeannette;1
Jeannie;1
Jeannine;3
Jehan;2
Jelena;1
Jelise;1
Jemma;1
Jena;4
Jenae;2
Jenalee;2
Jenall;1
Jenalle;1
Jenavieve;2
Jenaye;1
Jeneille;1
Jenell;1
Jenelle;9
Jenessa;5
Jenica;2
Jenielle;1
Jeniese;1
Jenifer;3
Jenika;1
Jenna;74
Jenna-Katheryn;1
Jennalee;2
Jennalyn;2
Jennese;1
Jenni;3
Jennica;4
Jennie;10
Jennifer;283
Jennifer-Anne;1
Jennine;2
Jenny;19
Jenny-Lee;1
Jeralyn;1
Jeri;1
Jerica;2
Jericho;2
Jerri;1
Jerrica;2
Jerrie;1
Jerri-Lynn;1
Jeryn;1
Jesilyn;1
Jessalin;1
Jessalyn;5
Jessalynne;1
Jessamy;1
Jesse;10
Jessea;1
Jessee;1
Jesselyn;1
Jessenia;1
Jessi;5
Jessica;433
Jessica-Farrah;1
Jessica-Rita;1
Jessicka;1
Jessie;27
Jessie-Ann;1
Jessie-Lee;1
Jessie-Lynn;1
Jessika;5
Jessilyn;2
Jessyka-Lin;1
Jesyca;1
Jewel;2
Jherica;1
Jia;1
Jiae;1
Jiana;1
Jihan;1
Jilaine;1
Jilayne;1
Jiley;1
Jilian;1
Jill;13
Jillana;1
Jillene;1
Jillian;68
Jillisa;1
Jill-Lynn;1
Jillyan;1
Jinessa;1
Jinni;1
J-Lyn;1
Jo;1
Joalynn;1
Joan;2
Joana;1
Joanie;1
Jo-Ann;1
Joanna;16
Joanne;13
Jo-Anne;1
Joceline;1
Jocelyn;47
Jocelyne;1
Jocelynn;1
Joclyn;1
Jocoba;1
Jodel;1
Jodi;20
Jodie;7
Jodie-Lynn;1
Jody;14
Joella;1
Joelle;8
Joeni;1
Joesphine;1
Johanna;2
Johannah;1
Johanne;1
Joilinn;1
Jolan;1
Jolanna;1
Jolene;17
Joline;1
Jolisa;1
Jolyn;1
Jonessa;1
Joni;2
Jonita;1
Jonnee-Mae;1
Jordan;52
Jordana;6
Jordane;1
Jordann;2
Jordanna;1
Jordanne;2
Jordan-Rebekah;1
Jorden;3
Jordi;1
Jordon;2
Jordyn;16
Jordynn;1
Jorie;1
Jorinda;1
Jory;1
Joscelyne;1
Jose;1
Josee;3
Joselle;1
Josephine;6
Joshika;1
Josie;6
Josie-Lee;1
Joslyn;3
Joslyne;1
Josselyn;1
Jovana;1
Jovimarie;1
Jovita;1
Joy;3
Joyce;7
Joyleen;1
Joylyn;1
Joyoshree;1
Joza;1
Juanita;3
Judie;1
Judith;4
Judy;5
Judylynn;1
Juel;1
Juelle;1
Juhaina;1
Juleigh;1
Julene;1
Julia;46
Julia-Lynn;1
Juliana;4
Juliane;1
Julianna;12
Julianne;6
Julie;48
Julie-Ann;1
Julien;1
Juliet;1
Juliette;1
Juline;1
June;1
Justeen;1
Justelina-Delcia;1
Justene;1
Justiah;1
Justice;3
Justin;1
Justina;4
Justine;48
Justine-May;1
Justyna;1
Justyne;1
Jylisa;1
Jynelle;1
Jynessia;1
Jyodi;1
Ka;4
Kaarina;3
Kabrea;1
Kabrina;1
Kacey;2
Kachina;1
Kacie;3
Kacy;2
Kaden;1
Kadija;1
Kady;4
Kadyn;1
Kaede;1
Kaela;7
Kae-Lea;1
Kaelee;2
Kaeleigh;1
Kaeley;1
Kaeli;1
Kaelie;1
Kaelyn;1
Kaesha;1
Kaetlyn;2
Kahla;1
Kahlaya;1
Kahlei;1
Kaia;1
Kaicee;1
Kaihla;1
Kaila;7
Kailah;1
Kailee;6
Kaileigh;2
Kailen;1
Kailey;5
Kailie;1
Kaily;1
Kailyn;2
Kailynn;1
Kaisha;1
Kaitlan;1
Kaitland;2
Kaitlin;47
Kaitlyn;63
Kaitlynn;8
Kaitlynne;2
Kala;8
Ka-Lam;1
Kalea;1
Kalee;2
Kaleen;1
Kaleigh;9
Kaley;5
Kali;7
Kalia;1
Kalie;5
Kaliesha;1
Kali-Mae;1
Kalina;1
Kalinda;1
Kalisha;1
Kaliska;1
Kalista;2
Kallashandra;1
Kalley;1
Kalli;3
Kallie;1
Kalmy;1
Kalsie;1
Kalysha;1
Kalysta;1
Kamal;1
Kamalpreet;1
Kamaria;1
Kameko;1
Kami;1
Kamiko;1
Kamilah;1
Kamille;2
Kana;1
Kandace;5
Kandis;2
Kandus;1
Kandyce;1
Kane;1
Kanesa;1
Kanesha;1
Kansas;1
Kaori;1
Kar;1
Kara;28
Karah;1
Karalee;3
Karalynn;1
Karamia;1
Kar-Bik;1
Kareena;1
Karen;36
Karena;1
Kari;15
Karianne;2
Kari-Lynn;1
Karin;6
Karina;6
Karinn;1
Karinna;1
Karis;1
Karissa;15
Karissa-Lynn;1
Karla;12
Karlee;8
Karleen;2
Karleigh;1
Karlene-Pamela;1
Karley;4
Karli;6
Karlie;4
Karly;8
Karlyn;2
Karlynn;1
Karmyn;1
Karol;1
Karolina;1
Karoline;3
Karren;1
Karri;2
Karrie;2
Karrilynn;1
Karuna;1
Karyn;2
Kasandra;3
Kasey;2
Kasha;1
Kasi;1
Kasia;2
Kasie;1
Kasiku;1
Kasmira;1
Kassandra;30
Kassaundra;1
Kassee;1
Kassey;1
Kassia;2
Kassidy;2
Kassie;3
Kassima;1
Kassondra;2
Katanya;1
Katarina;5
Kate;19
Katee;1
Katelan;1
Katelin;5
Katelyn;77
Katelyne;1
Katelynn;16
Kate-Lynn;3
Katerina;4
Kathaleen;1
Katharina;3
Katharine;6
Katherin;1
Katherina;2
Katherine;99
Katheryne;1
Kathleen;62
Kathlene;1
Kathrina;3
Kathryn;51
Kathy;4
Kathyrn;1
Katie;38
Katie-Anne;1
Katina;1
Katja;1
Katlayn;1
Katlin;4
Katlyn;8
Katlynn;5
Katlynne;1
Katrin;2
Katrina;59
Katryna;3
Kattie;1
Kattie-Lynn;1
Katty;1
Katya;1
Katy-Anne;1
Kauley;1
Kawthar;1
Kawther;1
Kayanna;1
Kaycie;1
Kaydee;1
Kaydie;1
Kaydree;2
Kayelee;1
Kayla;242
Kayla-Ann;1
Kayla-Dawn;1
Kaylah;2
Kayla-Marie;2
Kayle;1
Kaylee;34
Kay-Lee;1
Kayleen;4
Kayleigh;9
Kaylene;4
Kayley;7
Kayli;4
Kaylie;5
Kaylin;4
Kaylla;2
Kayly;1
Kaylyn;3
Kaylynn;1
Kaysee;1
Kaytlan;1
Kaytlin;2
Kaytlyn;3
Kaytlyne;1
Kaytlynn;2
Kayzra;1
Kazuyo;1
Kdianne;1
Kea;1
Keaghan;1
Keaira;1
Keara;3
Kearstin;1
Kearstyn;1
Keelan;1
Keeley;2
Keelia;1
Keellie;1
Keely;10
Keenan;1
Keerat;1
Keesha;1
Keiandra;1
Keiko;1
Keira;5
Keirsten;1
Keisha;3
Kelan;1
Kelcey;1
Kelci;1
Kelcie;1
Kelin;1
Kelley;4
Kelli;3
Kelliane;1
Kellie;8
Kell-Sea;1
Kellsey;1
Kelly;62
Kelly-Ann;2
Kellyanne;1
Kelly-Anne;1
Kelly-Dawn;1
Kelly-Shea;1
Kelsea;1
Kelsee;1
Kelsey;157
Kelsi;8
Kelsie;13
Keltie;8
Kelty;1
Kelycia;1
Kendahl;1
Kendal;1
Kendall;12
Kendell;2
Kendice;1
Kendra;44
Kenidy;1
Kenna;1
Kennedy;10
Kenzie;8
Kera;3
Keri;7
Keri-Ann;2
Kerianne;1
Keridiss;1
Kerie;1
Kerilyn;1
Keri-Lyn;1
Kerin;1
Kerisa;1
Kerith;1
Kermun;1
Kerri;3
Kerri-Anne;1
Kerry;10
Kersti;1
Kerstina;1
Kerstyn;1
Keshena;1
Keshia;10
Keshia-Marie;1
Ketaki;1
Keyata;1
Keylee;1
Kez-Anne;1
Keziah;3
Khadijah;1
Kharissa;1
Khaulah;1
Khristine;1
Khristy;1
Khushjeet;1
Kiana;1
Kiara;4
Kiara-Jade;1
Kiaya-Dawn;1
Kiera;3
Kieran;2
Kierra;2
Kiershyn;1
Kiersten;3
Kieva;1
Kim;3
Kimara;1
Kimber;1
Kimberlee;3
Kimberleigh;1
Kimberley;32
Kimberly;123
Kimdeep;1
Kimi;1
Kimiko;1
Kimmy;1
Kim-Thi;1
Kindra;1
Kineta;1
Kinsley;2
Kinza;1
Kiona;1
Kira;9
Kiralyn;1
Kiran;1
Kirandeep;1
Kirby;3
Kirendeep;1
Kirenjit;1
Kiri;1
Kirin;1
Kirnvir;1
Kirra;1
Kirsta;1
Kirstan;1
Kirstee;1
Kirstei;1
Kirsten;60
Kirsti;1
Kirstie;9
Kirstin;13
Kirston;1
Kirsty;5
Kirstyn;6
Kisa;1
Kisha;1
Kishana;1
Kishia;1
Kistie;1
Kitty;1
Kiva;1
Kiya;1
Kjirsten;1
Kloe;1
Klorisa;1
Kodi;1
Kodi-Lee;1
Kohl;1
Kolby;1
Kolese;1
Kolina;1
Kori;4
Korie;1
Korissa;2
Korrin;1
Korrine;1
Kortnaey;1
Kortnee;1
Kortney;3
Kourtnee;1
Kourtnei;1
Kourtney;4
Krechenna;1
Kris;2
Krissy;2
Krista;43
Kristal;3
Krista-Lee;1
Kristen;82
Kristene;1
Kristi;14
Kristian;1
Kristiana;1
Kristiann;1
Kristie;12
Kristie-Anne;1
Kristie-Marie;1
Kristien;1
Kristin;38
Kristina;52
Kristine;13
Kristjana;1
Kristy;21
Kristyn;13
Krisztina;3
Krysia;1
Kryssa;1
Krysta;8
Krystal;30
Krysten;6
Krysti;1
Krystie;1
Krystin;5
Krystina;3
Krystine;3
Krystle;5
Krystyn;2
Krystyna;1
Kryzll;1
Kurstie;1
Kurstyn;1
Kwther;1
Kyla;40
Kyla-Faye;1
Kylee;6
Kylene;2
Kyli;2
Kylia;1
Kylie;21
Kylie-Rae;1
Kyllo;1
Kymberlee;1
Kymberly;3
Kyndra;3
Kyoko;1
Kyra;9
Kyran;1
Kyria;1
Kyriay;1
Kyrsten;2
Kyrstyn;1
Kysa;1
Lacara;1
Lacey;19
Laci;1
Lacie;1
Lacy;3
Ladean;2
Lael;1
Laila;1
Laine;2
Lainey;4
Lainie;1
Lakeisha;1
Lakelind;1
Lakota;1
Lamara;1
Lamia;1
Lamya;1
Lana;8
Lanae;1
Landra;1
Langley;1
Lanica;1
Lanny;1
Lara;10
Larana;1
Larasia;1
Larisa;2
Larissa;28
Larrissa;1
Laryssa;1
Lasena;1
Lasha;2
Lateasha;1
Lateisha;1
Latesha;1
Latisha;2
Latonah;1
Latoya;1
Latrisha;1
Launa;1
Laura;139
Laura-Ann;2
Laura-Lynn;1
Laurann;1
Laureen;1
Laurel;10
Laurell;1
Lauren;131
Laurenne;1
Laurie;7
Laurin;1
Laurisa;1
Laurissa;1
Laurna;1
Laurren;1
Lausanne;1
Laverne;1
Lawna;1
Lawra;1
Layal;1
Layla;1
Layne;2
Laysha;1
Le;2
Lea;1
Leah;67
Leaha;2
Leah-Gabrielle;1
Leandra;1
Leane;1
Leann;1
Leanna;10
Leanne;27
Leanore;1
Leaticia;1
Leba;1
Lee;3
Leeann;1
Leeanna;1
Leeanne;1
Leesa;1
Leesha;2
Leigh;7
Leigha;1
Leighsha;1
Leila;3
Leilani;2
Leisha;1
Lena;8
Lenora;3
Leona;6
Leray;1
Leslee;1
Lesley;8
Lesley-Ann;1
Leslie;19
Levi;1
Lexi;2
Lexie;1
Leya;1
Lhea;1
Li;1
Lia;1
Lian;1
Liane;2
Lianna;2
Lianne;1
Lichelle;1
Lila;1
Lilian;3
Lilith;1
Lillian;3
Lily;3
Lina;4
Linda;22
Lindsay;107
Lindsey;61
Lindsi;1
Lindy;2
Linnea;2
Linsay;1
Linzy;1
Lisa;120
Lisa-Ann;1
Lisa-Marie;1
Lisbeth;1
Lise;4
Liselle;1
Liselotte;1
Lisha;1
Lissa;1
Lita;1
Liteasha;1
Lith;1
Little;1
Livia;1
Liyany;1
Liza;1
Lizanne;1
Logan;2
Lois;2
Lona;1
Loni;2
Lonnie;1
Lora;1
Loralea;1
Loralee;1
Loredana;1
Lorelei;1
Lorelle;2
Loren;3
Lorene;1
Loretta;2
Lori;9
Lorian;1
Lori-Ann;1
Lorie;1
Lorilei;1
Lorinda;1
Lorine;1
Lorissa;5
Lorna;2
Lorna-Lori;1
Lorraine;4
Lorrie;1
Loryn;1
Louisa;2
Louise;6
Louisiana;1
Lua;1
Luan;1
Luanne;1
Lucienne;1
Lucille;2
Lucina;1
Lucinda;2
Lucy;2
Lucyna;1
Luella;1
Lukia;1
Luna;1
Lurel;1
Lutfiya;1
Lutina;1
Luwam;1
Lydeen;1
Lydia;11
Lynda;1
Lyndi;1
Lyndley;1
Lyndsay;5
Lyndsey;12
Lyndsie;1
Lynessa;1
Lynette;3
Lynley;1
Lynn;5
Lynnae;1
Lynnaya;1
Lynne;2
Lynnea;2
Lynnette;1
Lynnsy;1
Lynsay-Rose;1
Lynsey;7
Lynsi;1
Lynzee;1
Lynzie;1
Lyra;1
M.;1
Macey;1
Macilyn;1
Mackenzi;1
Mackenzie;26
Mackenzy;1
Macy;1
Maddie;2
Maddison;4
Maddleine;1
Madelaine;4
Madeleine;6
Madeline;8
Madelyn;2
Madelyne;1
Madilyn;1
Madisen;1
Madison;31
Madisson;1
Madisyn;1
Madyson;1
Mae;1
Maegan;6
Maeghan;1
Magaretha;2
Magdalene;1
Magen;2
Maggie;6
Magyn;1
Maha;3
Mai;2
Maia;1
Maibble;1
Maibritt;1
Maigann;1
Maikim;1
Maikki;1
Maila;1
Maireena;1
Maisam;1
Maisara;1
Maisy;1
Maisyn;1
Maja;2
Majeda;1
Makarena;1
Makayla;1
Makena;1
Makenzi;1
Makyla;1
Malaki;1
Maleeka;1
Malika;1
Malinda;1
Malissa;1
Mallorey;1
Mallorie;1
Mallory;11
Malorie;1
Malory;1
Malwina;1
Malynn;1
Manal;1
Manbir;1
Manda;1
Mandalynn;1
Mandeep;1
Mandi;5
Mandie;1
Mandi-Lorraine;1
Mandip;1
Mandi-Rae;1
Mandy;14
Manisha;1
Manit;2
Manmeet;2
Manpreet;2
Mansharn;1
Mara;2
Maral;1
Maraya;1
Marcedes;1
Marcey;1
Marci;2
Marcia;2
Marcie;2
Marcy;5
Mardi;1
Mareike;1
Maren;5
Margaret;16
Margaret-Lynn;1
Margarette;2
Margarita;1
Margot;3
Marguerite;2
Maria;43
Mariah;4
Mariam;8
Marian;2
Marianne;5
Maricel;1
Mari-Dev;1
Marie;31
Marie-Claire;1
Mariel;2
Marielle;2
Marie-Pierre;1
Marijke;1
Marijo;1
Marika;2
Marilee;1
Marilucia;1
Marilyn;4
Marin;1
Marina;17
Marion;2
Marisa;13
Marissa;19
Marit;1
Marita;3
Marla;6
Marlea;1
Marlee;2
Marleigh;1
Marlena;1
Marlene;2
Marlese;1
Marley;4
Marlies;1
Marlis;1
Marlo;2
Marly;1
Marney;1
Marni;1
Marnie;2
Marni-Lyn;1
Maron;1
Marta;2
Martha;11
Martika;3
Martina;3
Martine;1
Mary;37
Maryam;1
Maryama;1
Maryann;1
Mary-Ann;2
Maryanne;2
Mary-Anne;1
Marybeth;1
Mary-Katherine;1
Mary-Rose;1
Marysa;2
Matatha;1
Matilda;2
Matina;1
Matricia;1
Mattae;1
Mattea;1
Mattison;1
Maud;1
Maureen;3
Maurissa;1
Maxine;3
May;2
Maya;3
Maycm;1
Maydie;1
Mayu;1
Mazlie;1
Mckayla;2
Mckendra;1
Mckenna;1
Mckensy-Anne;1
Mckenzie;6
Meagan;52
Meagen;2
Meaggan;1
Meaghan;11
Mecede;1
Mechelle;1
Medina;3
Meenal;1
Meg;2
Megan;246
Megean;1
Megen;1
Meggan;3
Meggie;1
Meghan;40
Meghann;2
Mehgan;1
Meighan;2
Meika;1
Meishell;1
Melana;1
Melanie;63
Melanie-Zita;1
Melany;1
Melena;1
Melina;1
Melinda;13
Melinna;1
Melisent;1
Melissa;236
Melita;1
Mellisa;2
Mellissa;1
Melodie;4
Melody;11
Melveera;1
Melynda;2
Melyssa;2
Merai;1
Mercedes;12
Meredith;8
Merika;1
Merissa;3
Merrisa;1
Merrissa;1
Meryk;1
Mesha;1
Mia;2
Mia-Bernadine;1
Miada;1
Mianna;1
Micaela;3
Micah;1
Michaela;4
Michael-Ann;1
Michaela-Rae;1
Michala;1
Michalene;1
Michela;1
Michele;5
Michelina;1
Michella;2
Michelle;187
Michelle-Rae;1
Michilla;1
Mika;4
Mikaela;6
Mikasa;1
Mikayla;6
Mikela;1
Mikhaila;2
Mikki;1
Mikyla;1
Milan;1
Milica;1
Millie;2
Milli-Joanna;1
Milly;1
Mindy;5
Mininder;1
Miori;1
Miquila;1
Mira;1
Miranda;56
Mirena;1
Miriah;1
Miriam;5
Mirna;1
Misel;1
Misha;1
Misker;1
Miste;1
Mistie;1
Misty;6
Misty-Lynn;1
Mitanjeli;1
Moeah;1
Moira;2
Mollie;2
Molly;15
Momoko;1
Mona;1
Moneera;1
Monica;21
Monicca;1
Monika;5
Monique;13
Montana;3
Morag;1
Morgan;61
Morganne;1
Morginn;1
Morrina;1
Mouna;1
Mponya;1
Mrianda;1
Munpreet;1
Muriel;3
Murphy;2
Mussia;1
Mwansa;1
My;2
Mya;1
Mylene;1
Mylinh;1
Myra;1
Myranda;3
Myrandha-Jo;1
Mysatt;1
Mysha;1
Myura;1
Nabeela;1
Nada;1
Nadean;1
Nadeane;1
Nadeen;1
Nadia;10
Nadima;1
Nadina;2
Nadine;15
Nadya;1
Nafiza;1
Nagham;1
Najlaa;1
Nakayla;1
Nakita;3
Nalanie;1
Nancy;7
Naomi;16
Narissa;1
Naryrath;1
Nashambi;1
Natacha;1
Natalee;1
Natali;1
Natalia;5
Natalie;56
Natalya;2
Natasha;99
Natashi;1
Natashia;3
Natesha;1
Nathalie;3
Nathaly;1
Natia;2
Nattalia;1
Navdeep;2
Navjit;1
Navkiran;1
Navonia;1
Navpreet;2
Nduta;1
Nealmanie;1
Neda;1
Nedaya;1
Neddy;1
Neechel;1
Neelam;3
Neesha;1
Neha;1
Nehal;1
Nelia;1
Neomi;1
Nerissa;1
Nestille;1
Netanya;1
Nevada;1
Nga;1
Ngoc;1
Niamh;2
Nichel;1
Nichelle;2
Nichol;1
Nichola;2
Nichole;12
Nicholette;1
Nicholle;2
Nickie;1
Nickolina;1
Nicol;1
Nicola;9
Nicole;273
Nicolette;7
Nicolle;2
Nicollette;3
Nicolyn;1
Nidhi;1
Nieva;1
Nifiterie;1
Nikala;1
Niki;2
Nikita;8
Nikitah;1
Nikiya;1
Nikka;1
Nikki;15
Nikkieta;1
Nikkita;3
Nikole;4
Nikoleta;1
Nikolina;1
Ni'Meh;1
Nina;4
Niomi;2
Nisa;1
Nisha;1
Nissa;1
Nita;1
Nitasha;1
Noelannah;1
Noele;1
Noella;3
Noelle;7
Nora;4
Norah;1
Noranda;1
Noreen;2
Norma;1
Nour;1
Nuri;1
Nurian;1
Nyebath;1
Nykita;1
Nykkole;1
Nyomi;2
Nyssa;2
Oalah;1
Odelia;1
Ola;1
Olga;2
Olivia;36
Olla;1
Olwen;1
Oriana;1
Orla;1
Orleane;1
Osaze;1
Ovilok;1
Paege;1
Page;2
Paige;73
Paisha;1
Palyferie;1
Pamela;24
Pamella;1
Pamneet;1
Pamraj;1
Paresa;1
Paris;1
Parmdeep;1
Parminder;1
Parvoneh;1
Pathrysha;1
Patience;1
Patricia;26
Patricia-Anne;1
Paula;17
Paulina;6
Pauline;11
Paulyna;1
Pearl;1
Pearlic;1
Peggy;1
Perlina;1
Perri;1
Phaedra;1
Phallon;1
Phanson;1
Pheadra;1
Phebe-Anne;1
Phelony;1
Phia;1
Phiefer;1
Phillipa;1
Philomena;1
Phoebe;2
Phoenix;2
Phuong;1
Phyline;1
Pilar;1
Piper;2
Piyashi;1
Poiyun;1
Pollygaya;1
Pooja;1
Porsha;1
Porshia;1
Portia;1
Prabhjot;2
Prabhneet;1
Prathna;1
Preet;1
Prianka;1
Prinka;1
Priscilla;3
Priti;1
Priya;4
Priyanka;1
Prokopia;1
Pulcheria;1
Puti;1
Quincy;1
Quinn;5
Quintina;1
Raabia;1
Raavyn;1
Rabiya;1
Rachael;11
Racheal;1
Rachel;94
Rachele;3
Rachelle;35
Rachelle-Ann;1
Rachelle-Ruby;1
Racine;1
Radha;1
Rae;1
Raeah;1
Raeann;2
Rae-Ann;1
Raeanna;1
Rae-Anna;1
Raeanne;4
Rae-Anne;2
Raechel;2
Rae-Dawn;1
Raedean;1
Raederle;1
Raegan;2
Rae-Lee;1
Raeleen;1
Raeleigh;1
Raelene;6
Raelyn;2
Raelynn;3
Rae-Lynn;1
Rae-Lynne;1
Raena;1
Raeva;1
Raheema;1
Rahemat;1
Rahwa;1
Railey;1
Raina;2
Raiven;1
Rajinder;2
Rajneet;1
Rakel;1
Ralee;1
Ramandeep;2
Ramanjeet;1
Raminder;1
Ramneet;1
Ramona;1
Rana;1
Randa;2
Randall;1
Randean;1
Randeep;1
Randelle;1
Randi;15
Randice;1
Randie;2
Randilee;1
Randi-Lee;1
Randi-Lynn;1
Ranelyn;1
Rani;1
Ranita;1
Ranndie;1
Raphaelle;1
Raquel;6
Rashida;2
Rati;1
Raveena;2
Raven;7
Ravinder;1
Rawan;1
Rayah;1
Rayana;1
Rayanna;2
Rayanne;1
Rayelle;1
Rayle;1
Raylee;2
Rayleen;1
Rayleigh;1
Raylene;6
Raymona;1
Rayna;4
Rayni;1
Rayshel;1
Razeen;1
Reagan;3
Reanna;1
Reanne;1
Rebbekkah;1
Rebeca;1
Rebecca;193
Rebeka;1
Rebekah;12
Rebekkah;1
Reece;1
Regan;1
Regina;2
Regis;1
Reha;1
Rehana;2
Reily;1
Reina;2
Rema;3
Reme;1
Remi;1
Remick;1
Remy;1
Rena;2
Renae;6
Renata;1
Renate;1
Rene;3
Renee;21
Renele;1
Renelle;1
Renna;1
Reno;1
Reva;3
Reyann;1
Rhaelene;1
Rhaelyn;1
Rhea;2
Rheann;1
Rheanna;1
Rheanne;1
Rhianna;2
Rhianne;1
Rhiannon;5
Rhoda;1
Rhonda;3
Riana;2
Rianna;2
Rianne;2
Richa;1
Richeena;1
Richel;1
Richele;1
Richelle;12
Richina;1
Rickee;1
Ricki;1
Rickie-Lee;1
Rie;2
Riki;1
Rikke;1
Rikki;3
Rikki-Lyn;1
Rileigh;1
Riley;4
Rilla;1
Rima;3
Rimjeet;1
Rimple;1
Rio;2
Riordan;1
Risa;1
Rita;5
Roana;1
Roanne;2
Robbin;1
Robbyn;1
Roberta;1
Robertta;1
Robertta-Jean;1
Robin;12
Robina;1
Robyn;58
Robyne;2
Robynn;3
Robynne;1
Rochelle;9
Roisin;2
Rolanda;1
Romal;1
Romi;1
Ronda;1
Roni;1
Ronilyn;1
Ronya;1
Roohee;1
Roopa;1
Roopkiran;1
Rory;2
Rosa;3
Rosalee;1
Rosalie;2
Rosalina;2
Rosalind;3
Rosalita;1
Rosanna;6
Rose;7
Roseann;1
Roseanne;3
Rose-Lee;1
Rosella;1
Rosemarie;2
Rose-Marie;1
Rosemary;1
Roslyn;2
Rosy;1
Rowan;1
Roweyah;1
Roxana;2
Roxane;1
Roxanna;3
Roxanne;5
Roxette;1
Roxie;1
Rubeen;1
Rubie;1
Ruby;1
Rudy;2
Ruena;1
Rukshana;2
Rulla;1
Runy;1
Ruth;6
Ruthanne;1
Ruvani;1
Ryann;1
Rylee;3
Ryleigh;2
Rylie;1
Ryliegh;1
Rynelle;1
Saaraa;1
Sabah;1
Sabina;3
Sable;1
Sabreena;2
Sabrina;25
Sabrina-Ami;1
Sabryna;1
Sachiko;1
Sachsa;1
Sada;1
Sadie;3
Safia;1
Safra;1
Sagan;1
Sage;1
Sahaer;1
Sahara;2
Saherish;1
Sahra;1
Saicco;1
Saige;1
Saira;2
Sakshi;1
Saleen;1
Salena;3
Salima;2
Salina;6
Sally;3
Sally-Jo;1
Salma;4
Samaah;1
Samandtha;1
Samanntha;1
Samantha;313
Samantha-Ann;1
Samantha-Lynne;1
Samara;9
Samatha;1
Samica;1
Samira;2
Sammar;1
Sammie;1
Samneet;1
Samona;1
Samone;1
Samy-Jo;1
Sana;1
Sanaa-Yasania;1
Sanaz;1
Sanderina;1
Sandra;15
Sandrah;1
Sandralee;1
Sandrelle;1
Sandy;4
Sanja;1
Santana;4
Santanna;1
Santina;1
Saphron;1
Sapphire;2
Saprina;1
Sara;93
Sara-Anne;1
Sara-Dawn;1
Sarah;333
Sarah-Ann;1
Sarah-Ann-Lilas;1
Sarah-Jane;2
Sarah-Pauline;1
Sara-Jean;1
Saranya;1
Saressa;1
Sari;1
Sarika;1
Sarina;2
Sarita;1
Sarra;1
Sarrah;1
Sasha;14
Satara;1
Satbir;2
Sauve;1
Savana;2
Savanah;4
Savanna;4
Savannah;20
Sawyer;4
Saydee;1
Sayler;1
Schuyler;1
Scuylar;1
Sean;1
Seanade;1
Seanna;2
Seema;1
Seetal;1
Seher;1
Selah;1
Seleen;1
Seleena;1
Selena;1
Selene;1
Selestia;1
Selina;3
Sena;1
Senait;1
Sendy;1
Seonaid;1
Serena;11
Serina;2
Sevanne;1
Sevea;1
Sevena;1
Shabhana;1
Shabina;1
Shadeen;1
Shae;1
Shaekayla;1
Shaela;2
Shaelene;2
Shae-Lynn;1
Shaey-Dene;1
Shafiah;1
Shafina;2
Shaharazade;1
Shaheen;1
Shahista;1
Shaila;2
Shailah;1
Shaina;4
Shainna;1
Shaireen;1
Shakira;2
Shalan;1
Shalane;1
Sha-Lee;1
Shaleen;1
Shaleeza;1
Shaleigh;1
Shalene;4
Shaley;1
Shalon;1
Shalyn;2
Shana;5
Shanay;1
Shanda;2
Shanda-Lee;1
Shanda-Leigh;1
Shanda-Lynne;1
Shandel;2
Shandelle;1
Shandi;1
Shandilaine;1
Shandra;1
Shandy;3
Shaneen;1
Shaneigh;1
Shanel;2
Shanelle;2
Shanice;1
Shaniece;1
Shanlee;1
Shanna;5
Shannalee;1
Shannel;1
Shannell;1
Shannon;55
Shantel;8
Shantell;1
Shantelle;7
Shanya;1
Shara;1
Sharan;1
Sharandeep;1
Sharanjit;1
Sharayah;2
Sharee;1
Shareen;1
Sharen;1
Sharene;1
Shari;1
Sharianne;1
Sharie;1
Sharilyn;1
Sharise;1
Sharissa;2
Sharita;1
Sharla;5
Sharleen;2
Sharlene;2
Sharli;1
Sharlynn;1
Sharmaine;1
Sharmane;1
Sharnae;1
Sharnell;1
Sharnelle;2
Sharon;5
Sharona;2
Sharri;1
Shastelyn;1
Shauna;10
Shaunah;1
Shauni;2
Shaunice;1
Shaunna;3
Shauntae;1
Shaunti;1
Shavonne;1
Shawna;29
Shawnee;6
Shawni;2
Shay;1
Shayda;1
Shaye;1
Shayla;18
Shaylagh;1
Shaylah;1
Shaylee;1
Shayleen;3
Shayleene;1
Shaylene;9
Shaylene-Chantel;1
Shaylie;1
Shaylyn;1
Shay-Lyn;1
Shayna;13
Shaynah;1
Shayra;1
Shazeal;1
Shea;2
Shealynn;1
Sheelagh;1
Sheena;14
Sheila;8
Shelagh;1
Shelaine;1
Shelbi;4
Shelbie;1
Shelby;69
Sheleen;1
Shelika;1
Sheliza;2
Shellaine;1
Shelley;6
Shellie;1
Shellina;1
Shelly;6
Shelneil;1
Shelsey;1
Shenae;1
Shenai;1
Shendelle;1
Shenea;1
Shenica;1
Shenise;1
Shentel;1
Shera;3
Sheralee;1
Sheree;1
Sherelle;1
Sheri-Lynn;1
Sherry;8
Sheryl;6
Shevaun;1
Shevawn;1
Shevon;1
Shey;1
Sheyanne;1
Sheydeen;1
Sheyenne;1
Shiann;1
Shianne;2
Shilo;3
Shin;1
Shinedeep;1
Shino;1
Shiralee;1
Shireen;1
Shirin;1
Shirleena;1
Shirley;3
Shirstine;1
Shivalika;1
Shivon;1
Shivonne;1
Sholayne;1
Sholyn;1
Shon;1
Shona;1
Shristi;1
Shu;1
Shuna;1
Shweta;1
Shyan;1
Shyann;2
Shyanne;2
Shyla;11
Shylee;1
Shylo;3
Shyloe;1
Shyloh;1
Siama;1
Sian;1
Sianna;1
Sibin;1
Sibyl-Melanie;1
Sidney;2
Sieanna;1
Sienna;1
Sien-Ven;1
Sierra;9
Signe;1
Silka;1
Silvia;1
Simona;1
Simone;14
Simranjit;1
Sinead;6
Sineado;1
Siobhan;10
Siobhann;1
Siri;1
Siu;1
Sky;1
Skye;6
Skyelar;1
Skyla;1
Skylar;9
Skylea;1
Skylei;1
Skyler;3
Sky-Lynn;1
Skyy;1
Smita;1
Somalaiy;1
Somarly;1
Somayya;1
Sonal;1
Sonam;1
Sonia;7
Sonja;1
Sonya;8
Sophia;7
Sophie;4
Soreen;1
Sorrel;1
Souad;1
Special;1
Spencer;4
Spirit;1
Stacey;45
Staci;3
Stacie;7
Stacy;21
Stanna-Rae;1
Star;1
Starla;2
Starly;1
Starr;1
Starrly;1
Stefani;6
Stefanie;17
Stefany;1
Steffani;2
Steffanie;1
Steffeny;1
Steffi;3
Stella;2
Stephani;2
Stephanie;345
Stephanie-Ann;1
Stephanie-May;1
Stephannee;1
Stephannie;1
Stephany;1
Stephenie;4
Stephennie;1
Stephine;1
Sterling;1
Stevie;5
Stevie-Ann;1
Stevie-Lee;1
Stevi-Rayleen;1
Stina;1
Storm;1
Strathie;1
Sue;3
Sukhjeet;1
Sukhjot;1
Sumanpreet;1
Sumeet;1
Sumera;1
Summer;2
Sum-Ming;1
Suneet;1
Sunni;1
Sunshine;1
Supatra;1
Surpreet;1
Susan;20
Susana;1
Susanna;2
Susannah;1
Susanne;1
Susie;3
Suzan;1
Suzanna;2
Suzanne;11
Svea;1
Syarrah;1
Sydele;1
Sydnee;2
Sydnee-Leigh;1
Sydney;35
Sydni;1
Sydnie;1
Sylina;1
Sylvia;7
Sylvie;1
Symantha;1
Symona;1
Symone;1
Tabatha;2
Tabea;1
Tabeah;1
Tabetha;2
Tabitha;17
Tace;1
Taenelle;1
Taetum;1
Tagried;1
Tahani;1
Taheera;1
Tahera-Rafia;1
Tahira-Mubeen;1
Tahnee;2
Tai;1
Taia;1
Taiya;1
Tajaira;1
Takara;1
Takumi;1
Talaina;1
Taleah;1
Tali;1
Talia;2
Talina;2
Talisa;2
Talisha;2
Talisia;1
Talissa;1
Talitha;1
Talleha;1
Talsa;1
Talysja;1
Tamar;1
Tamara;47
Tamara-Lee;1
Tamara-Lynn;1
Tamara-May;1
Tamaris;1
Tamera-Lee;1
Tamica;1
Tamika;1
Tamiko;1
Tammam;1
Tammara;1
Tammy;7
Tammy-Jo;1
Tamra;1
Tamra-Lynn;1
Tamsin;1
Tana;2
Taneal;1
Tanella;1
Tania;6
Tanielle;1
Tanis;8
Tanisha;5
Tanita;1
Tanmeet;1
Tanna;1
Tannis;10
Tanny;1
Tanya;35
Tanyelle;1
Tanysha;1
Tanziyah;1
Tara;46
Tarah;3
Taralee;1
Taralyn;1
Taralynn;1
Tara-Lynn;5
Taren;1
Tarenjeet;1
Tari;1
Taria;1
Tarilyn;2
Tarissa;1
Tarra;1
Taryn;21
Tarynn;2
Tasha;16
Tasheena;2
Tashia;1
Tashina;2
Tasia;3
Tassy;1
Tataryn;1
Tatiana;6
Tatianna;1
Tatyana;1
Taura;1
Tavia;2
Tawni;2
Taya;4
Tayce;1
Taye;1
Tayla;2
Tayla-Jane;1
Taylene;1
Tayler;7
Taylor;40
Taylor-Rae;1
Taylorre;1
Tayn;1
Taysha;1
Tayshia;1
Tazmeen;1
Teagan;7
Teaghan;1
Teagin;1
Teanna;2
Teddi;4
Teddi-Jo;1
Tedra;1
Teela;1
Teesha;1
Tegan;12
Teghan;2
Tehera;1
Teigan;2
Teigen;1
Teijna;1
Teirra;1
Teja;1
Tekarra;1
Teleshia;1
Teliesha;1
Tella;1
Tellisa;1
Tempest;1
Teneille;1
Tenelle;1
Tenesha;1
Tenielle;1
Tenille;4
Tenneil;1
Tennielle;1
Tennille;3
Tensity;1
Tenyka;1
Tera;4
Tereasa;1
Terenia;1
Teresa;17
Terez;1
Teri;5
Terin;1
Terra;12
Terresa;2
Terri;9
Terri-Ann;1
Terri-Dawn;1
Terrie;1
Terrilynn;1
Terri-Lynn;1
Terrilyssa;1
Terrissa;1
Terry;1
Terry-Jolene;1
Terryn;1
Teryn;2
Terynn;1
Tess;6
Tessa;37
Teusdae;1
Thalaissa;1
Thalia;2
Thanh;2
Thao;4
Thara;1
Thea;6
Theah;1
Theresa;19
Theresa-Lynn;1
Therese;1
Thi;4
Thomasina;1
Thu;1
Thuy;2
Thyra;1
Tia;14
Tia-Cherise;1
Tiana;3
Tiani;1
Tianna;6
Tiara;2
Tiaretaina;1
Tichia;1
Tieghan;1
Tierra;1
Tifanie;1
Tiffan;1
Tiffani;1
Tiffany;59
Timberley;1
Timi;1
Timika;1
Tina;9
Tina-Anne;1
Ting;1
Tiora;1
Tira;1
Tishina;1
Tobi;1
Tobie;1
Toby;1
Tolene;1
Toni;5
Tonia;1
Toniko;1
Tonishia;1
Tonnia;1
Tonya;3
Tori;10
Toria;1
Torie;3
Torina;1
Tory;1
Tosha;1
Toshana;1
Tova;1
Tracee;1
Tracey;8
Traci;5
Traci-Lee;1
Tracy;19
Tralene;1
Tran;1
Trang;2
Treasca;1
Treasure;1
Treena;1
Tresa;1
Tresilyn;1
Treva;1
Tricia;1
Trina;11
Trinda;1
Trinity;1
Trish;1
Trisha;15
Trisha-Lynn;1
Trishtina;1
Trista;4
Tristan;3
Tristie;1
Tristina;1
Tristyn;1
Troy;1
Trudi;1
Trudy;5
Tryphina;1
Trysta;1
Trystin;1
Tue-An;1
Tulsa;1
Tuyet;1
Twilla;1
Twyla;3
Tynnea;1
Tyrah;1
Tysheena;1
Tze;2
Ursula;3
Valeen;1
Valene;1
Valentina;2
Valeria;1
Valerie;14
Valeska;1
Valisity;1
Valissa;1
Valorie;1
Vandhna;1
Vanessa;64
Vanity;1
Varsha;1
Vasiliky;1
Vasilisa;1
Velora;1
Velvet;2
Venessa;3
Vennessa;1
Vennisha;1
Venora;1
Vera;2
Verna;1
Veronica;12
Veronica-Lizeth;1
Veronika;1
Veronique;3
Vicharadarlee;1
Vicki;2
Vicky;2
Victoria;96
Victoria-Lynn;1
Vienna;1
Viktoria;1
Vinny;1
Viola;1
Virgeline;1
Virginia;5
Vivian;7
Viviana;1
Vy;1
Wanda;3
Wavie;1
Waylynn;1
Wei-Shan;1
Wendy;13
Wenonah;1
Weronika;1
Whitley;2
Whitney;35
Whitney-Lynn;1
Willa;1
Willene;1
Willow;3
Wilma;1
Wing;1
Winna;1
Winnie;3
Winona;2
Winston;1
Wunlane-May;1
Wynter;1
Xandra;1
Xanthe;1
Xuan;1
Xyomara;1
Yaa;1
Yamila;1
Yan-Yee;1
Yasemin;2
Yasin;1
Yasmeen;2
Yasmin;1
Yasmina;1
Yasmine;1
Yesenia;1
Yesmeen;1
Yin;1
Ying;1
Yi-Xzen;1
Ylana;1
Yodit;1
Yu;1
Yue;1
Yulande;1
Yuumi;1
Yvette;2
Yvonne;5
Y-Yen;1
Zabrina;1
Zahra;4
Zahrah;1
Zaina;1
Zainab;2
Zainub;1
Zana;1
Zara;4
Zayne;1
Zeannine;1
Zena;2
Zenab;1
Ziana;2
Zoa;1
Zobina;1
Zoe;13
Zoey-Lyn;1
Zoya;1