A-si;2
Aadhya;2
Aalia;3
Aaliayah;2
Aaliya;2
Aaliyaa;2
Aaliyah;1932
Aaliyah-rose;3
Aamira;2
Aamna;2
Aanika;2
Aanisah;2
Aaralyn;2
Aarifah;2
Aarohi;2
Aashi;2
Aashna;2
Aashritha;2
Aasma;2
Aastha;2
Aayeesha;2
Abagail;6
Abagaile;2
Abai;2
Abaigael;2
Abaigeal;11
Abaigh;427
Abbagael;2
Abbagail;2
Abbey;3640
Abbey-lei;2
Abbey-leigh;2
Abbi;2920
Abbi-louise;2
Abbia;2
Abbiagh;2
Abbie;713
Abbie-gayle;2
Abbie-grace;2
Abbie-jane;2
Abbie-jo;2
Abbie-lea;2
Abbie-lee;390
Abbie-leigh;6
Abbie-louise;6
Abbie-marie;2
Abbie-raya;2
Abbie-rose;2
Abbiegail;2
Abbielee;2
Abbierose;2
Abbigail;11
Abby;2053
Abby-shirelle;2
Abbygail;3
Abegail;2
Abella;2
Abena;2
Abgeena;2
Abha;3
Abhainn;2
Abhipri;2
Abi;1195
Abi-gail;2
Abi-lee;5
Abi-leigh;3
Abi-nicole;2
Abi-rose;3
Abie;2
Abie-jade;2
Abigael;8
Abigail;687
Abigail-shavanna;2
Abigaile;2
Abigale;8
Abigayl;2
Abigayle;8
Abigeal;2
Abiodun;2
Abiya;2
Abrar;2
Abygail;2
Acacia;6
Achazia;2
Achsah;2
Acia;2
Acqulin;2
Ada;8
Adah;3
Adam;2
Adara;5
Addi;2
Addia;2
Addie;2
Addison;638
Addisyn;3
Ade;2
Adebambo;2
Adeena;2
Adeina;2
Adejumoke;2
Adel;3
Adela;3
Adelaide;3
Adele;3536
Adeleine;2
Adeline;2
Adelle;3
Adelola;2
Aderyn;2
Adheena;2
Adia;2
Adina;5
Aditi;5
Aditri;2
Adlanta;2
Admira;2
Adney;2
Adorna;2
Adria;2
Adriana;8
Adrianna;1143
Adrianne;5
Adrien;2
Adrienne;9
Adrija;3
Adrina;2
Adyson;2
Aebh;2
Aebha;5
Aedammair;2
Aedin;8
Aela;9
Aelisha;2
Aemilia;2
Aeniose;2
Aeona;2
Aerinne;2
Aerith;2
Aeron;2
Aerona;2
Aeryn;8
Aesha;2
Aeva;2
Aeyla;2
Afiya;2
Afnan;2
Afreen;2
Africa;2
Afton;3
Agata;5
Agatha;2
Agne;3
Agnes;8
Agnese;2
Agnieszka;3
Agota;2
Agrejsa;2
Ahlam;2
Ahlana;2
Ahlem;2
Ahna;2
Aiasha;3
Aibh;2
Aibhe;3
Aibhilin;5
Aibhlinn;424
Aibhne;2
Aibrean;3
Aicha;2
Aida;3
Aida-mae;2
Aideen;2865
Aidin;2
Aiesha;11
Aife;15
Aifric;2
Aila;2
Ailana;2
Ailbhe;428
Aileana;2
Aileen;2470
Ailene;2
Ailey;3
Ailie;6
Ailis;666
Ailisa;3
Ailise;705
Ailish;635
Ailisha;8
Aille;3
Ailsa;453
Ailsise;3
Aime;379
Aime-leigh;2
Aimee;310
Aimee-jayne;2
Aimee-jean;5
Aimee-jo;5
Aimee-kate;2
Aimee-le;2
Aimee-lea;2
Aimee-lee;805
Aimee-leigh;577
Aimee-lnigh;2
Aimee-louise;1156
Aimee-marie;2
Aimee-may;2
Aimee-rae;2
Aimee-rose;3
Aimeelee;3
Aimelee;2
Aimen;2
Aimes;2
Aimi;3
Aimie;293
Aimie-lee;2
Aimie-louise;2
Aimiee;2
Aimmie;2
Aimse;3
Aimy;2
Ain;2
Aina;2
Ainara;3
Aine;686
Aine-gerardine;2
Aine-louise;5
Aine-maire;2
Aine-marie;3
Aine-may;2
Aine-rose;2
Aingeal;2
Aingeall;2
Ainhoa;2
Ainsley;8
Ainslie;2
Aiobh;5
Aiobhan;2
Aiobhe;2
Aiobhean;2
Aiobheann;350
Aiobhin;3
Aiobhinn;2
Aiofe;8
Aionagh;2
Aiotha;2
Aira;2
Aireann;2
Airina;3
Aisha;1942
Aishah;5
Aishea;2
Aishleann;2
Aishleen;2
Aishlin;2
Aishling;361
Aishlinn;6
Aishlyn;2
Aisleen;296
Aisleigh;2
Aislene;2
Aislin;362
Aisling;1424
Aislingmarie;2
Aislinn;3196
Aislinn-rose;2
Aislinng;2
Aislyn;2
Aissatu;2
Aiste;3
Aitana;2
Aiva;2
Aiveen;9
Aiyana;3
Aiyanah;2
Aiyanna;3
Aiza;2
Aizza;2
Aj;2
Ajala;2
Ajibola;2
Ajwa;2
Akaisha;2
Akasha;2
Akeelaa;2
Akeisha;2
Akeysha;2
Akili;2
Akisha;2
Akshara;3
Akshata;2
Akuti;2
Akvile;2
Al;2
Al-safa;2
Ala;2
Alaa;2
Alaia;2
Alaidh;2
Alaiha;2
Alaina;8
Alainn;3
Alaiyah;2
Alaiza;2
Alana;1449
Alana-jane;2
Alanagh;5
Alanah;1053
Alanda;3
Alanie;2
Alanis;365
Alanna;1912
Alanna-jayne;2
Alannagh;5
Alannah;2405
Alannah-brooke;2
Alanta;3
Alanus;2
Alanya;3
Alanyss;2
Alaoighse;2
Alaoise;3
Alara;3
Alayah;6
Alayna;5
Alaynna;2
Alba;2
Alberta;2
Albjona;2
Alea;2
Aleagh;2
Aleah;428
Aleahsha;2
Aleana;2
Aleanbh;2
Alec;2
Alecia;422
Aleeah;2
Aleece;2
Aleena;11
Aleese;2
Aleesha;636
Aleigha;8
Aleina;2
Aleine;2
Aleisha;450
Aleks;2
Aleksandra;1359
Alela;2
Alena;11
Alese;2
Alesha;1039
Alesia;2
Alessandra;3
Alessia;5
Aleta;2
Alethea;5
Alethia;2
Aleu;2
Alex;1314
Alexa;668
Alexander;2
Alexandra;880
Alexandrea;6
Alexandria;2680
Alexandrina;3
Alexandrine;2
Alexia;375
Alexie;5
Alexis;1353
Alexius;2
Alexs;2
Alexx;3
Alexy;2
Alexzena;2
Aleya;2
Aleyha;2
Aleyna;6
Aleysha;2
Ali;9
Alia;5
Aliah;3
Alica;2
Alicamarie;2
Alice;1154
Alice-joy;2
Alice-louise;2
Alice-marie;2
Alice-rose;3
Alicia;1531
Alicia-lee;2
Alicia-marie;2
Alicja;1075
Aliesha;8
Aliesha-leigh;2
Aliisa;2
Alijhanna;2
Alimah;2
Alina;11
Aline;2
Alis;3
Alisa;8
Alisar;2
Alise;8
Alise-jo;2
Alisha;1771
Alisha-jane;2
Alishah;2
Alishba;2
Alishia;3
Alishya;3
Alisia;5
Alison;2237
Alissa;434
Alissa-laurie;2
Alisse;2
Alisshia;2
Alita;2
Alivia;5
Alix;2971
Alixandra;3
Aliya;9
Aliyagh;2
Aliyah;590
Aliye;2
Aliyya;2
Aliz;2
Aliza;2
Alizeh;2
Aliziha;2
Allana;6
Allanah;5
Allanis;2
Allannah;2
Allayna;2
Alleah;2
Allegra;6
Alleigh;2
Alleigha;2
Allen;2
Alleneh;2
Allesha;2
Allex;2
Allexx;2
Alleyah;2
Alli;5
Allia;3
Allice;2
Allicia;2
Allie;17
Allie-jay;2
Allie-leah;2
Allisha;2
Allison;11
Alliyah;2
Ally;637
Ally-louise;2
Allyah;2
Allyce;3
Allyiah;2
Allysha;2
Allyshia;2
Allyson;3
Allyssa;3
Alma;2
Almha;3
Aloisia;3
Alona;2
Alonna;2
Alora;3
Alpha-lily;2
Alphonsa;2
Alsu;2
Alsyia;2
Althea;3
Aluma;2
Alva;3
Alveena;2
Alvena;2
Alvin;2
Alyah;2
Alyce;2
Alycia;6
Alyda;2
Alyese;2
Alys;6
Alysa;2
Alysah-jayne;2
Alysha;1773
Alyshea;2
Alyshia;2
Alysia;5
Alyson;354
Alyssa;2064
Alyssa-leigh;2
Alyssandra;2
Alysse;2
Alyssia;6
Alyvia;2
Alyx;11
Alyx-ann;2
Alyxandra;2
Amaal;2
Amai;2
Amaira;2
Amaiya;2
Amal;5
Amalee;2
Amalia;3
Amalie;5
Amanda;2924
Amanda-jane;2
Amanda-joy;2
Amandine;2
Amani;3
Amara;8
Amara-rose;2
Amarah;2
Amaresh;2
Amarins;2
Amaya;444
Amazing;2
Amba;2
Amber;1210
Amber-jo;2
Amber-lei;2
Amber-leigh;3
Amber-maia;2
Amber-marie;2
Amber-rae;2
Amber-rose;2
Amberlee;2
Amberleigh;3
Amberlie;2
Amberlouise;2
Ambra;2
Ambre-laurie;2
Ame;2
Ameara;2
Amee;3
Amee-leigh;2
Ameena;2
Ameera;5
Amehra;2
Ameja;2
Amel;3
Amelee;2
Amelia;2178
Amelia-jayne;2
Amelia-joyce;2
Amelia-rose;2
Ameliagh;2
Ameliah;2
Amelie;1377
Amelie-jane;2
Amelija;2
Amelle;2
Amena;2
Amenah;3
Amera;2
Ameragh;2
Ameria-rose;2
Amey;2
Amhran;2
Ami;1394
Ami-lee;2
Ami-leigh;2
Amia;6
Amia-tonte;2
Amie;4080
Amie-jane;2
Amie-lee;6
Amie-leigh;5
Amie-louise;2
Amiee;762
Amiee-jade;2
Amiee-leigh;2
Amiel;2
Amilah;2
Amileigh;2
Amilia;2
Amilyn;2
Amina;6
Aminah;2
Amira;159
Amirah;2
Amise;2
Amisha;5
Ammaarah;2
Ammara;2
Amme;2
Ammie;3
Ammie-lea;2
Ammie-louise;2
Ammy;2
Amna;5
Amnn;2
Amodita;2
Amrita;2
Amruta;2
Amy;151
Amy-beth;2
Amy-grace;2
Amy-jane;3
Amy-jayne;2
Amy-jo;2
Amy-joe;2
Amy-joy;2
Amy-joyce;2
Amy-kate;2
Amy-lauren;2
Amy-lea;2
Amy-lee;1976
Amy-lei;2
Amy-leigh;2672
Amy-lou;2
Amy-louise;1399
Amy-marie;3
Amy-may;2
Amy-nicole;2
Amy-patrice;2
Amy-rose;8
Amy-ruth;3
Amye;2
Amyee;2
Amylee;8
Amyleigh;8
Amylouise;2
An;2
Ana;3036
Ana-leigh;2
Ana-lily;2
Ana-lucia;2
Ana-marie;2
Ana-sophia;2
Anabel;3
Anabelle;5
Anabelsn;2
Anah;2
Anai;2
Anaia;2
Anaiah;2
Anais;814
Anakha;2
Analeigh;2
Analia;2
Analie;2
Analiese;2
Analise;8
Anannya;2
Ananya;2
Ananyalakshmi;2
Anaoise;2
Anashe;2
Anastacia;383
Anastasia;1067
Anastasija;5
Anastasiya;3
Anastazja;422
Anaswara;2
Anayah;2
Ancel;2
Anchala;2
Andi;5
Andie;8
Andrada;2
Andrea;2998
Andreanna;2
Andree;2
Andreea;2
Andreena;2
Andreja;6
Andrene;2
Andreya;2
Andri;2
Andria;2
Andriana;2
Andrina;5
Andriya;2
Andzelika;2
Andzolina;2
Ane;2
Aneda;2
Aneeka;2
Aneesah;2
Aneesha;3
Aneeta;2
Aneisha;2
Anelia;2
Aneqa;2
Anesa;2
Anesu;3
Anete;2
Anfal;2
Angel;3257
Angel-eva;2
Angel-lee;5
Angel-louise;2
Angela;2910
Angela-louise;2
Angeleena;2
Angeleigh;2
Angelena;2
Angelia;2
Angelica;392
Angeliegh;2
Angelika;5
Angelina;1494
Angeline;6
Angelique;6
Angharad;6
Angie;3
Angiel;2
Ania;5
Aniea;2
Aniela;5
Aniesha;5
Anieshia;2
Anika;2
Anila;2
Aniniwaa;2
Anisa;5
Anisah;2
Anise;2
Anisha;5
Anisia;2
Anita;1165
Anize;2
Anja;2
Anjali;8
Anjanette;2
Anjelica;2
Anju;2
Ankita;2
Ann;2350
Ann-marie;611
Anna;202
Anna-belle;2
Anna-beth;3
Anna-catherine;2
Anna-flo;2
Anna-grace;5
Anna-jael;2
Anna-jane;8
Anna-kate;3
Anna-kay;2
Anna-lee;11
Anna-leigh;6
Anna-lena;2
Anna-lily;2
Anna-lisa;3
Anna-lise;2
Anna-louise;11
Anna-lucia;3
Anna-mae;11
Anna-mai;2
Anna-maria;5
Anna-marie;385
Anna-may;3
Anna-mieke;2
Anna-nicole;3
Anna-rae;2
Anna-rose;1141
Anna-ruth;2
Anna-sophia;3
Annabel;3017
Annabell;8
Annabella;788
Annabelle;1969
Annabelle-rose;2
Annagh;2
Annah;3
Annai;2
Annalaise;2
Annalea;3
Annalee;5
Annaleece;3
Annaleese;5
Annaleigh;3
Annaleise;2
Annalese;9
Annali;2
Annalice;2
Annaliese;6
Annalisa;2
Annalise;1370
Annalise-may;2
Annalisha;2
Annalivia;2
Annalouise;2
Annarose;5
Annasophia;2
Anndreya;2
Anne;3179
Anne-frances;2
Anne-louise;5
Anne-mae;2
Anne-marie;650
Anneisha;2
Anneka;6
Anneke;2
Anneli;2
Anneliese;8
Annelise;3
Annemarie;2
Annest;2
Annette;3
Anni;2
Annie;1180
Annie-dee;2
Annie-grace;2
Annie-jean;2
Annie-joe;2
Annie-kate;2
Annie-louisa;3
Annie-mae;2
Annie-may;3
Annie-rose;3
Annija;2
Annika;8
Annimae-elizze;2
Annina;2
Annisha;2
Annissa;3
Annixi-nicole;2
Annmaria;2
Annmarie;9
Annmary;2
Annola;2
Anny;3
Annya;2
Annyagh;2
Anointed;2
Anona;2
Anouk;5
Anoushka;5
Anouska;5
Antaine;2
Anthea;9
Antionette;2
Antoinette;366
Antonela;2
Antonella;2
Antonette;2
Antonia;2032
Antonina;366
Anu;2
Anugraha;2
Anuoreoluwa;2
Anushka;6
Anusree;2
Anya;2395
Anyena;2
Aobh;1476
Aobha;422
Aobhe;2
Aobhin;5
Aodhain;2
Aodhbhinn;2
Aodheen;2
Aodhinne;2
Aoi;2
Aoibh;1920
Aoibha;5
Aoibhe;1758
Aoibhe-rois;2
Aoibhea;2
Aoibhean;5
Aoibheann;1792
Aoibheanna;3
Aoibheen;3
Aoibhen;2
Aoibhin;2884
Aoibhine;2
Aoibhinn;2926
Aoibhlin;2
Aoibhlinn;6
Aoibhnn;2
Aoibhriona;2
Aoideann;2
Aoidhean;2
Aoidheann;2
Aoidhin;5
Aoidin;3
Aoifa;3
Aoife;215
Aoife-cait;2
Aoife-grace;2
Aoife-jean;2
Aoife-marie;5
Aoiffe;3
Aoileann;5
Aoine;3
Aoisa;2
Aoise;1210
Aoisha;2
Aoleon;2
Aparna;2
Aphaia;2
Aphria;2
April;3065
April-louise;2
April-rose;2
Aprill;2
Apryl;3
Aqeelah;2
Ara;2
Arabella;660
Arabelle;2
Arah;2
Araia;2
Araina;2
Arayah;2
Arbjola;2
Archana;2
Arden;3
Areej;2
Arees;2
Arella;2
Aretha;2
Arfa;2
Arfhlaith;360
Arhama;2
Arhitha;2
Aria;5
Ariadne;3
Arial;2
Arian;2
Ariana;326
Ariane;8
Arianna;1811
Arianna-louise;2
Arianne;329
Arielle;3
Arijana;2
Arijiele;2
Arina;2
Ariyike;2
Arizona;3
Arla;273
Arlagh;2
Arlaith;220
Arlena;2
Arlene;11
Arlira;2
Armani;6
Armante;2
Armela;2
Armina;3
Arna;2
Aroan;2
Aroha;2
Arpita;2
Arrah;2
Arriayn;2
Artila;2
Artina;2
Aruna;2
Arune;2
Arva;2
Arwen;342
Arya;3
Aryana;3
Aryanaz;2
Aryanna;2
Ascha;2
Aseel;2
Asha;1839
Ashanti;8
Asharra;2
Ashaya;3
Ashden;2
Ashdon;2
Ashdyn;2
Ashely;2
Ashera;2
Ashia;2
Ashiera;2
Ashlea;5
Ashleah;2
Ashlee;12
Ashleen;12
Ashleigh;2530
Ashleigh-jo;2
Ashleigh-louise;3
Ashlene;366
Ashley;3316
Ashley-hope;2
Ashleyann;2
Ashlie;5
Ashlin;3
Ashling;1452
Ashlinn;3
Ashly;2
Ashlyn;398
Ashlynn;5
Ashna;2
Ashni;2
Ashten;2
Ashton;928
Ashtyn;8
Ashya;2
Ashyton;2
Asia;9
Asiling;2
Asiya;2
Asiyah;2
Asma;3
Asmaa;2
Asmita;2
Aspen;2
Assiatu;2
Assisi;2
Astara;2
Aston;2
Astrah;2
Astrid;5
Astyn;2
Asya;3
Ataigh;2
Atalya;2
Athena;11
Athirah;2
Athulya;3
Atlanta;622
Atlanta-jade;2
Atlantis;3
Atriece;2
Atriyaa;2
Attarah;2
Attracta;2
Audree;2
Audrey;2
Audrey-rose;2
Audrina;2
August;2
Auguste;826
Aukse;3
Aura;5
Aurelia;5
Aurla;2
Aurora;14
Auste;2
Austeja;389
Autumn;2044
Autumn-lyn;2
Autumn-secret;2
Auveen;2
Ava;1334
Ava-chelsy;2
Ava-grace;2
Ava-jayne;2
Ava-lei;2
Ava-ling;2
Ava-rae;2
Ava-rose;5
Avagh;2
Avah;5
Avana;2
Avani;2
Avanti;2
Avarose;2
Ave;2
Aveen;294
Aveleen;2
Avelene;2
Avelina;2
Avelinn;2
Avery;3
Aviah;2
Avianne;2
Avigail;2
Avishi;2
Aviyah;2
Avril;8
Avrora;2
Avy;2
Awa;2
Awanya;2
Awria;2
Axien;2
Aya;5
Aya-sky;2
Ayah;5
Ayame;2
Ayan;2
Ayca;2
Ayda;432
Ayeesha;2
Ayeisha;6
Ayeitia;2
Ayesha;794
Ayiesha;2
Ayinta;2
Ayisha;3
Ayla;1203
Ayleah;2
Ayleesha;2
Ayleshea;2
Aylesshea;2
Aylin;2
Aylisha;5
Aymee;2
Aynsley;3
Ayokunle;2
Ayona;2
Ayooluwatunmininu;2
Ayowande;2
Ayra;2
Ayren;3
Ayrin;2
Ayse;9
Aysha;9
Ayten;2
Ayushi;2
Ayva;3
Azara;2
Azaria;9
Azaria-aliyah;2
Azelia;2
Aziya;2
Azul;2
Azura;2
Baeli;2
Bahatyakili;2
Bailee;11
Baileigh;3
Bailey;1761
Bailey-jian;2
Bailie;421
Baillie;3
Baily;2
Bali;2
Banbha;5
Barah;2
Baraka;2
Barbara;8
Barbara-ann;2
Barbora;2
Barclay;2
Barrdhubh;2
Basmala;2
Batool;3
Bay;3
Baylee;2
Bayleigh;5
Bayley;2
Bea;3
Beata;6
Beatrice;1158
Beatris;2
Beatrix;6
Beatriz;5
Beau;8
Beau-anna;2
Bebhinn;12
Bebhinne;2
Bebhionn;9
Becca;9
Becci;2
Beccie;2
Becka;2
Becki;2
Becky;1146
Becky-lee;2
Becky-louise;2
Bedelia;2
Bei;3
Beibhinn;14
Beka;2
Beki;2
Bekka;2
Bekki;2
Bela;2
Belinda;5
Bella;582
Bella-jayne;2
Bella-lucia;2
Belle;8
Bellina;2
Belvia;2
Benita;5
Bereanna;2
Berlyn;2
Bernadene;2
Bernadetta;3
Bernadette;1851
Bernadine;2
Berneen;3
Bernice;5
Bessie;3
Beth;758
Betha;3
Bethan;2094
Bethaney;8
Bethaney-ann;2
Bethani;2
Bethanie;8
Bethann;2
Bethany;674
Bethany-beech;2
Bethany-ellen;2
Bethany-grace;2
Bethany-jo;2
Bethany-louise;2
Bethany-rose;2
Betheney;2
Betheny;2
Bethinn;2
Bethnai;2
Bethnay;2
Bethney;2
Bethwyn;2
Betija;2
Betsann;2
Betsy;8
Betty;5
Betty-jean;2
Beulah;2
Bevelyn;2
Beverley;5
Beverly;3
Bevin;8
Bevis;2
Bevyn;2
Beyonce;2
Bhavya;2
Bhrianna;2
Bianca;439
Bianca-alexandra;2
Bianka;3
Biddy;3
Biliana;2
Bilkis;2
Billi;3
Billie;2439
Billie-ann;2
Billie-jean;6
Billie-jo;1824
Billie-joel;2
Billie-leigh;3
Billie-mae;2
Billie-rose;2
Bin;2
Bindi-lee;2
Binsha;2
Bintou;2
Bisma;2
Bismah;2
Blair;2
Blaise;3
Blaithin;3299
Blaithnaid;2
Blanad;2
Blanaid;1749
Blandina;2
Blane;2
Blanka;5
Blathine;2
Blathnaid;3570
Blathnait;8
Blathnat;2
Blaynee;2
Blaze;2
Blessing;2
Bliana;2
Blinne;12
Blinnia;2
Bliss;2
Blossom;6
Blyth;3
Blythe;3
Bo;3
Bo-yee;2
Bobbi;972
Bobbi-jo;8
Bobbi-kiah;2
Bobbi-lee;5
Bobbi-leigh;5
Bobbi-louise;2
Bobbie;252
Bobbie-anne;2
Bobbie-jane;2
Bobbie-jo;5
Bobbie-lee;2
Bobbie-leigh;6
Bobby;6
Bobby-jo;3
Bobby-joe;2
Bobby-lee;3
Bobi-leigh;2
Bobii;2
Boe;3
Boluwatife;2
Bonita;5
Bonnie;2181
Bonnie-leigh;2
Bonnie-rose;2
Bonny;2
Boran;2
Boresi;2
Bozena;2
Bracken;2
Brackyn;2
Bradaigh;2
Bradie;2
Braiden;3
Branna;5
Brannagh;428
Brea;424
Breagh;2
Breaigh;2
Breana;2
Breanna;2117
Breanne;3
Brechje;2
Bree;12
Breeanna;2
Breeanne;2
Breege;2
Breen;2
Breena;5
Breeya;2
Breffni;5
Brega;2
Bregan;3
Breiannon;2
Breisha;2
Brenach;2
Brenagh;3
Brenainn;2
Brenda;709
Brenna;2585
Brennagh;5
Brennah;3
Brennan;2
Breonna;3
Breslia;2
Brett;2
Bria;15
Briagh;3
Briaghana;2
Briana;12
Briana-ioana;2
Briana-lee;2
Brianagh;3
Brianan;5
Briann;2
Brianna;2489
Brianna-rose;2
Briannan;3
Brianne;9
Briannon;3
Briany;2
Briar;2
Brid;357
Brid-aine;2
Bridgeen;8
Bridget;1997
Bridgetta;2
Bridgid;3
Bridgie;2
Bridgin;2
Bridgina;2
Bridi;2
Bridie;6
Bridie-mae;2
Bridin;396
Brieanna;3
Briege;706
Briege-ann;2
Briegeen;2
Briegin;2
Brigdet;2
Brigeen;2
Briget;2
Brigette;2
Brigh;2
Brighdin;8
Brighid;2
Brigid;1550
Brigidine;2
Brigine;2
Brigita;3
Brihanna;5
Brijit;2
Brina;2
Brinda;2
Brionie;2
Brionna;2
Brionne;2
Briony;8
Britanny;2
Britany;3
Britnee;2
Britney;265
Britney-leah;2
Britnie;2
Brittani;2
Brittany;797
Britteny;2
Brittnay;2
Brittney;290
Brittney-marie;2
Brittony;2
Broaghan;2
Broccan;8
Brochan;2
Brodee;2
Brodi;3
Brodi-leigh;2
Brodie;11
Brodie-may;2
Brody;6
Brogain;2
Brogan;3264
Brogan-lea;2
Brogen;2
Broghan;734
Brogyn;2
Broinninn;3
Brommely;2
Brona;1601
Bronach;833
Bronadh;2
Bronagh;1685
Bronte;12
Bronti;2
Bronwen;344
Bronwyn;1340
Brook;9
Brook-leigh;2
Brook-victoria;2
Brooke;1100
Brooke-ellen;2
Brooke-lee;2
Brooke-taylor;2
Brookelyn;2
Brooklyn;2306
Brooklyn-paige;2
Brooklynn;439
Brooklynne;2
Bruna;3
Brunella;2
Bryan;2
Bryana;2
Bryanna;5
Bryannah;3
Bryna;3
Brynna;2
Bryoni;2
Bryonie;3
Bryony;1192
Brytney;2
Bushra;2
Bylasan;2
Cabhina;2
Cabrina;2
Cabrini;3
Cacey;5
Cacey-jane;2
Caden;2
Cadence;9
Cadey;2
Cadey-lea;2
Cadey-lee;2
Cadhla;1829
Cadhla-rose;2
Cadi;2
Cadia;2
Cadie;3
Cadie-lee;2
Cady;6
Caeili;2
Caela;6
Caelainn;574
Caelee;2
Caeleigh;2
Caeley;2
Caeli;2
Caelia;2
Caelinn;2
Caella;3
Caelsi;2
Caelyn;2
Caelynn;2
Caera;3
Caghla;2
Cai;2
Caidence;2
Caidyn;2
Caightlin;2
Caihla;2
Caila;430
Cailee;2
Caileen;3
Caileigh;703
Cailey;5
Cailey-erin;2
Caili;2
Cailigh;2
Cailin;2711
Cailin-eire;2
Cailiosa;3
Cailla;2
Caillee;2
Caillene;3
Caillin;2
Caina;2
Cainah;2
Cainnecha;2
Caiofe;2
Caiomhe;730
Caiomnhe;2
Caira;5
Caireann;3
Caireen;3
Cairenn;8
Cairie-anne;2
Cairin;3
Cairo;2
Caise;2
Caisey;2
Caislin;416
Caissene;2
Cait;3020
Caite;3
Caithlain;2
Caithlan;3
Caithlen;2
Caithlin;1728
Caiti;14
Caitie;9
Caitie-rose;2
Caitilen;2
Caitilin;1324
Caitin;5
Caitlain;297
Caitlan;9
Caitland;2
Caitleen;2
Caitlin;175
Caitlin-jade;2
Caitlin-lea;2
Caitlin-louise;2
Caitlin-marie;2
Caitlin-rose;3
Caitline;2
Caitlinn;9
Caitlyn;2321
Caitlynn;6
Caitlynne;2
Caitria;2
Caitrin;6
Caitriona;2793
Caitrona;2
Cala;5
Calata;2
Caleah;2
Caleigh;442
Caley;2
Cali;9
Caliana;2
Calida;2
Calista;6
Calista-louise;2
Calitia;2
Calla;3
Calla-maria;2
Callai;2
Callain;2
Callee;2
Calleen;2
Calleigh;430
Callendar;2
Calli;2
Callia;2
Callie;1437
Callie-anne;2
Callista;3
Callisto;2
Cally;3
Cally-anna;2
Calypso;2
Cam;2
Cam-va;2
Camara;2
Camaya;2
Camela;2
Camellia;2
Cameron;1187
Camila;2
Camilla;6
Camille;6
Camiohe;2
Cammie;3
Camryn;9
Camy;2
Cana;2
Candace;2
Candeece;2
Candice;398
Candiece;2
Canice;5
Caniece;2
Canita;2
Caodhan;2
Caodhla;5
Caodhra;2
Caoibhean;2
Caoife;5
Caoila;3
Caoilainn;766
Caoilaith;2
Caoileann;8
Caoilfhinn;8
Caoilfhionn;717
Caoili;3
Caoiliann;2
Caoilin;2
Caoilinn;12
Caoilseach;2
Caoilte;6
Caoimbhe;8
Caoime;5
Caoimh;5
Caoimha;2
Caoimhe;431
Caoimhe-aine;2
Caoimhe-louise;2
Caoimhe-marie;2
Caoimheall;2
Caoimhi;2
Caoimhin;2
Caoimhinn;3
Caoimhlin;355
Caoirle;2
Caoirse;6
Caoirsea;2
Caoishe;2
Caoitlin;2
Caola;416
Caolach;2
Caolagh;3
Caolai;3
Caolaidh-ann;2
Caolaigh-marie;2
Caolfhionn;2
Caoli;2
Caolinn;2
Caollaidhe;3
Caolyn;3
Caomhe;3
Caomhog;2
Caomihe;5
Caorise;2
Capri;2
Caprice;425
Car;2
Cara;521
Cara-grace;2
Cara-jane;3
Cara-joanna;2
Cara-lee;5
Cara-leigh;3
Cara-lyn;2
Cara-mae;2
Cara-marie;3
Cara-rose;6
Caragh;2947
Carah;5
Caralan;2
Caralee;3
Caraleigh;5
Caralyn;2
Caralyne;2
Caralynn;2
Careen;2
Carenza;6
Careth;2
Carey;8
Carey-marie;2
Careys;2
Cari;5
Carina;9
Carine;2
Cariol;2
Cariosa;3
Caris;438
Cariss;2
Carissa;8
Carla;1796
Carla-beth;2
Carla-jayne;2
Carla-leigh;2
Carla-marie;3
Carlan;2
Carleana;2
Carlee;3
Carleen;5
Carleigh;8
Carlene;2
Carley;355
Carley-jayne;2
Carli;2
Carlie;702
Carlotta;2
Carly;2484
Carly-ann;2
Carly-beth;2
Carly-jade;2
Carly-leigh;2
Carly-louise;3
Carly-marie;2
Carmel;366
Carmela;2
Carmen;1098
Carmin;2
Carol;682
Carol-ann;5
Carol-anne;5
Carol-georgina;2
Carolan;2
Carolann;2
Carolanne;3
Carolina;2
Caroline;2804
Carolyn;987
Carolynn;2
Caron;8
Carra;11
Carragh;706
Carrera;2
Carri;2
Carri-lee;2
Carrie;4168
Carrie-ann;2
Carrie-anne;5
Carrie-brooke;2
Carrie-louise;3
Carrigan;2
Carris;2
Carron;2
Carson;2
Caryn;5
Carys;1997
Carys-leigh;2
Carysa-jayne;2
Casae;2
Cascy;2
Casey;1599
Casey-jane;2
Casey-jo;2
Casey-lea;2
Casey-lee;8
Casey-leigh;12
Casey-louise;2
Casey-marie;2
Caseylee;2
Cashel;3
Cashlin;2
Casiana;2
Casidhe;2
Casie;325
Casie-leigh;2
Casie-marie;2
Cass;2
Cassady;2
Cassandra;369
Cassey;6
Cassi;3
Cassia;5
Cassiane;2
Cassidy;1175
Cassie;1935
Cassie-jayne;2
Cassieellen;2
Cassita;2
Cassiy;2
Cassy;2
Catalina;5
Catarina;3
Cate;327
Catelin;2
Catelyn;375
Caterina;2
Catharine;2
Catherine;740
Catherine-ann;2
Catherine-clare;2
Cathie;2
Cathlainn;2
Cathleen;5
Cathlin;2
Cathrine;5
Cathryn;705
Cathy;1391
Cathy-ann;6
Cathy-jane;2
Catia;2
Catie;5
Catlen;2
Catlin;2
Catlyn;2
Catorina;2
Catrece;2
Catrin;3
Catrina;350
Catriona;1976
Catriona-marie;2
Catroina;2
Cayce;3
Cayce-leigh;2
Caycie;2
Caydan;2
Caydee;2
Cayla;1096
Caylan;3
Cayleigh;2
Cayley;3
Caysie;2
Cazzie;2
Ceadach;2
Ceadagh;2
Ceadance;2
Ceadaoin;6
Ceady;2
Ceala;5
Cealach;3
Cealagh;3
Cealagh-rose;2
Cealeagh;2
Ceallach;759
Ceallagh;9
Ceallai;2
Ceana;2
Cear;2
Ceara;1461
Ceaslagh;2
Ceat;2
Cecania;2
Cece;2
Cecelia;3
Cecilia;8
Cecilia-elizabeth;2
Cecily;5
Ceide;2
Ceilae;2
Ceilah;2
Ceildhe;2
Ceile;2
Ceilea;2
Ceilean;2
Ceileigh;3
Ceili;392
Ceili-rose;2
Ceilidh;2
Ceilidhe;2
Ceiligh;2
Ceilin;2
Ceira;3
Ceire;3
Ceirseach;3
Ceisha;2
Ceislinn;2
Ceitidh;2
Celena;2
Celeste;6
Celestine;2
Celia;6
Celina;9
Celine;1187
Cellach;2
Celleagh;2
Cen;2
Cenka;2
Ceoila;2
Ceola;3
Ceoladh;2
Ceolin;2
Ceorgia;2
Ceothan;2
Cera;3
Cerah;2
Ceri;18
Ceri-ann;2
Ceri-anne;2
Ceri-jo;2
Ceri-laoi;2
Cerian;2
Cerine;3
Cerise;3
Cerri-leigh;2
Cerys;2595
Cetera;2
Ceva;2
Ceyda;2
Chae;2
Chaela;3
Chaeli;2
Chaira;2
Chan-nel;2
Chanai;2
Chandini;2
Chandra;2
Chandrakala;2
Chanel;14
Chanelle;1691
Chanice;9
Chanise;3
Chanisse;2
Channa;2
Channon;2
Chantal;2
Chantalle;2
Chanteal;2
Chantel;1138
Chantell;5
Chantelle;1715
Chantelle-patrice;2
Chantelle-rose;2
Chantia;2
Chaoilflionn;2
Chara;12
Chardannay;2
Chardonnay;374
Charese;2
Charis;2538
Charissa;2
Charisse;2
Charita;2
Charity;3
Charla;2
Charlae;2
Charlea;2
Charlee;970
Charleen;5
Charleigh;12
Charleigh-louise;2
Charlene;2159
Charley;2472
Charley-ann;2
Charley-jane;2
Charley-jeanette;2
Charley-louise;2
Charley-rose;2
Charli;341
Charli-leigh;2
Charlie;2606
Charlie-anna;2
Charlie-anne;2
Charlie-ellen;2
Charlie-jo;2
Charlie-lee;5
Charlie-louise;2
Charlie-marie;2
Charlie-reece;2
Charliegh;2
Charlize;327
Charlly;2
Charlotte;598
Charlotte-ann;2
Charlotte-anne;2
Charlotte-grace;2
Charlotte-marie;2
Charly;997
Charly-brook;2
Charly-lea;2
Charlye;2
Charlynn;2
Charmain;2
Charmaine;706
Charmi;2
Charolette;2
Charyle-anne;2
Charys;5
Chasquia;2
Chauck;2
Chauntelle;2
Chaya;3
Chaymaa;2
Che;2
Che-hey;2
Cheah;2
Chealsea;2
Checoby;2
Chelcie;2
Chelesa;2
Chelsea;1635
Chelsea-ann;3
Chelsea-jade;2
Chelsea-jane;3
Chelsea-lee;356
Chelsea-leigh;8
Chelsea-louise;6
Chelsea-marie;2
Chelsea-may;2
Chelsea-rose;2
Chelsee;6
Chelsey;2693
Chelsey-lee;3
Chelsi;2
Chelsie;913
Chelsie-leigh;2
Chelsie-rose;2
Chelsy;416
Chelsy-lee;2
Chenai;2
Cheng;2
Chenice;2
Chenise;2
Chenita;2
Chennai;2
Chennelle;2
Cheona;2
Cheree;2
Cherelle;3
Cherene;2
Cheridene;2
Cherie;371
Cherilyn;2
Cherise;6
Cherish-hope;2
Cherith;969
Cherizz;2
Cherry;8
Cheryl;12
Chesca;2
Cheska;2
Cheslyn;2
Chesney;6
Chess;2
Cheuk;2
Cheyanne;293
Cheyene;2
Cheyenne;1020
Chezka;2
Chezney;2
Chi;5
Chiamaka;2
Chiamanda;2
Chiara;12
Chido;2
Chileshe;2
Chimdinma;2
Chimsomaga;2
Chin;2
Chin-yee;2
Chinace;2
Chinaka;2
Chinazo;2
Ching;5
Ching-won;2
Chinna;2
Chinyere;2
Chioma;2
Chisomaga;2
Chisombili;2
Chizaram;2
Chloe;80
Chloe-alexandra;2
Chloe-amber;2
Chloe-ann;9
Chloe-anne;6
Chloe-emma;2
Chloe-grace;2
Chloe-jade;2
Chloe-jane;6
Chloe-jayne;6
Chloe-lee;2
Chloe-leigh;2
Chloe-lorraine;2
Chloe-louise;990
Chloe-madison;2
Chloe-mae;3
Chloe-maria;2
Chloe-marie;6
Chloe-may;3
Chloe-nicole;2
Chloe-rose;2
Chloee;3
Chlos;2
Chole;356
Cholena;2
Chouchou;2
Choudhury;2
Choy;2
Chris;2
Chris-samm;2
Chrissie;3
Chrissie-lee;2
Chrissie-mia;2
Chrissy;5
Christa;8
Christel;2
Christen;2
Christen-eve;2
Christi;3
Christiana;3
Christiann;2
Christianna;2
Christie;12
Christin;2
Christina;3014
Christina-carolina;2
Christina-lilly;2
Christine;2841
Christinedeanna;2
Christinia;2
Christy;9
Christyl;2
Christyn;2
Chrsyta;2
Chrysta;2
Chrystal;5
Chrysten;2
Chukwukeyinma;2
Chun;2
Chun-yee;2
Chung;2
Chur;2
Chyanne;6
Chyenne;2
Chyna;3
Chyna-jade;2
Ci-jai;2
Ciabha;2
Ciana;14
Cianna;5
Ciar;6
Ciar;344
Ciar-louise;2
Ciara;464
Ciara-bridget;2
Ciara-jayne;2
Ciara-labhadise;2
Ciara-lee;3
Ciara-louise;5
Ciara-marie;2
Ciara-sophia;2
Ciarah-lee;2
Ciaran;2
Ciardha;2
Ciardra;2
Ciarna;3
Ciarnait;2
Ciarra;3
Ciarrai;3154
Ciarrai-marisa;2
Ciarsha;3
Ciatai;2
Ciatlin;2
Cieara;343
Ciendra;2
Cienna;5
Ciera;5
Ciere;2
Ciesha;2
Cieva;5
Cieveen;2
Cigfa;2
Cila;2
Cilo;2
Cindy;383
Cion;2
Ciona;3
Ciosa;5
Cira;3
Cirene;2
Cirsti;2
Claddagh;3
Claina;3
Clainagh;2
Clair;3
Claira;2
Claire;1465
Claire-louise;5
Clairisse;2
Clana;2
Clanagh;2
Clancy-anne;2
Clannaid;2
Claodhna;2
Clar-jayne;2
Clar-rois;2
Clara;1495
Clara-jane;5
Clara-may;2
Claragh;803
Clarah;2
Claraigh;2
Clare;2104
Clare-louise;2
Clareese;2
Clarence;2
Clarese;2
Clarice;12
Clarinha;2
Clarisa;2
Clarise;2
Clarisia;2
Clarissa;1541
Clarisse;3
Claudia;2935
Claudia-rose;2
Claudie;2
Claudine;350
Clea;11
Cleagh;2
Cleah;5
Clemence;2
Clemency;2
Clementine;3
Clena;5
Cleo;349
Cleo-neece;2
Cleodhna;3
Cleona;12
Cleonagh;3
Cleone;2
Cleopatra;2
Clia;3
Clidhna;2
Clidhona;2
Clidna;6
Clio;2
Cliobhna;2
Cliochna;2
Cliodha;2
Cliodhan-marie;2
Cliodhn;2
Cliodhna;1053
Cliodhna-ann;2
Cliodhna-cait;2
Cliodhna-marie;2
Cliona;3046
Clionadh;3
Clionagh;9
Clionah;2
Cliondna;2
Clionhna-jean;2
Clionnadgh;2
Clionnadh;2
Cloda;5
Clodadh;3
Clodagh;882
Clodagh-anne;2
Clodagh-marie;2
Cloddagh;3
Clodgah;2
Clodha;2
Clodhna;2
Clodiagh;2
Cloe;5
Cloghda;2
Clohe;2
Cloideach;8
Cloidna;2
Clonagh;2
Clorissa;2
Clovie;2
Clowdia;2
Clyonie;2
Coady;3
Cobh;2
Cobhlaith;11
Cobi;2
Coblaith;2
Coco;3
Coddie;2
Codey;6
Codey-leeza;2
Codey-louise;2
Codi;696
Codi-leigh;2
Codie;3821
Codie-jai;2
Codie-lee;5
Codie-leigh;6
Codielee;2
Cody;2310
Cody-lee;8
Codylee;2
Coen-leigh;2
Coirle;3
Colbi;2
Colbie;3
Colby;3
Coleen;11
Coleena;2
Colene;2
Colette;11
Colise;2
Colleen;2454
Collette;362
Collin;2
Colly;2
Colma;2
Conagh;5
Conala;2
Conla;2
Conliane;2
Connee;2
Connie;2369
Connie-anne;2
Connie-jo;2
Connie-lee;2
Connie-louise;2
Connie-sue;3
Connieleigh;2
Connla;8
Connlaith;9
Connlaodh;2
Conny;2
Constance;999
Constantina;2
Consuela;2
Cooimhe;3
Cora;1262
Cora-beth;2
Cora-elee;2
Cora-eve;2
Cora-jane;5
Cora-jean;2
Cora-lee;6
Cora-leigh;3
Cora-marie;3
Coragh;418
Corah;14
Coraigh;3
Coral;14
Coralee;2
Coraleigh;2
Coralie;2
Coran;2
Corchennia;3
Corday;2
Cordelia;5
Coree;2
Corena;2
Corey;12
Corey-jade;2
Coreylee;2
Cori;11
Cori-leigh;2
Cori-louise;2
Corie;8
Corie-leigh;2
Corien;2
Corin;8
Corina;8
Corinn;2
Corinna;11
Corinne;369
Corla;2
Cornelia;2
Corra;5
Corra-lee;2
Corragh;3
Corragh-may;2
Corrah;2
Corran;2
Correna;3
Corrie;575
Corrie-jade;2
Corrie-lee;3
Corrie-leigh;2
Corrilee;2
Corrin;2
Corrina;351
Cortney;365
Cory;3
Corynne;2
Coty;2
Coty-lee;2
Courtenay;2
Courteney;995
Courtnay;3
Courtnee;2
Courtney;712
Courtney-ann;2
Courtney-lee;9
Courtney-leigh;11
Courtney-louise;2
Courtney-rose;2
Courtny;2
Crea;6
Creidne;2
Creina;2
Criea;2
Criona;2
Crista;2
Cristiana;3
Cristin;349
Cristina;6
Cristiona;6
Cristiona-mai;2
Croia;2
Croiadh;2
Croiagh;2
Croise;2
Crona;3
Cruithine;2
Cruz;2
Crystal;1490
Crystal-rose;2
Cuirseanna;2
Cuishle;2
Cuisle;9
Curstie;2
Curtis-jill;2
Cushla;9
Cyan;3
Cydney;3
Cylonie;2
Cyndi;2
Cyntia;2
Cyra;3
Cyrragh;2
Cyrus;2
Czyanea;2
Daci;2
Dackota;2
Dafne;2
Dagmara;2
Dailey;2
Daina;8
Daina-leigh;2
Dainagh;3
Dainah;2
Dainora;2
Daire;1259
Daireann;2
Dairina;3
Dairine;366
Daisey;2
Daisey-lou;2
Daisha;2
Daisie;5
Daisy;2149
Daisy-kate;2
Daisy-lee;5
Daisybelle;2
Dakoda;5
Dakota;1560
Dakotah;2
Dala;2
Dalal;2
Dale;2
Daleen;2
Daleena;2
Dalia;2
Dalila;2
Dallas;2
Dalvinder;2
Damaris;5
Damhnait;2
Dan-ying;2
Dana;1094
Dana-marie;2
Danae;3
Danagh;3
Danah;2
Danann;2
Danaya;2
Daneen;2
Daneka;3
Danekia;2
Danelle;2
Danette;2
Dani;353
Dania;2
Danica;5
Danicah;2
Daniel;3
Daniela;435
Daniele;5
Daniell;2
Daniella;1804
Daniella-rose;2
Danielle;1400
Danielle-michelle;2
Danii;2
Danika;3
Danita;2
Danna;2
Danni;1395
Danni-lee;2
Danni-leigh;2
Danni-rose;2
Dannie;2
Danniel;2
Danniella;6
Dannielle;2
Dannii;2
Dannii-leigh;2
Danu;5
Danuta;2
Danya;3
Danyah;2
Daoinagh;2
Daphne;3
Daphnee;2
Dara;3042
Dara-rose;2
Daragh;5
Darah;5
Darby;5
Darcee;2
Darcey;2133
Darci;1395
Darci-leigh;2
Darcie;1486
Darcy;2355
Darerca;5
Daria;395
Daria-jade;2
Darian;3
Dariene;2
Darija;5
Darina;2
Dariona;2
Darja;2
Darla;6
Darlee;2
Darlene;5
Darna;2
Darra;3
Darragh;626
Darrah;2
Darraigh;2
Darrel;2
Darrelle;3
Darriagh;2
Darrian;2
Darrina;2
Darryl;3
Darsi;2
Darya;2
Daryell-hannah;2
Daryl;5
Dasha;2
Davan;3
Davicia;2
Davina;705
Dawn;1361
Dawn-louise;2
Daya;2
Dayah;2
Dayna;715
Daynah;5
Dea;2
Deabhaile;2
Deabhona;2
Deana;2
Deanna;14
Dearbhail;2551
Dearbhaila;2
Dearbhaile;1049
Dearbhaille;2
Dearbhala;2
Dearbhfhlaith;2
Dearbhil;2
Dearbhl;292
Dearbhla;1981
Dearbhlagh;2
Dearbhle;2
Dearblair;2
Deardriu;2
Debbi;2
Debbie;352
Debbie-lee;2
Debbie-leigh;2
Debbiemay;2
Debby;2
Debi;2
Debora;2
Deborah;2748
Debra;2
Debra-grace;2
Decla;5
Dede;2
Dee;6
Deeba;2
Deena;11
Deia;2
Deimante;6
Deimena;2
Deion;2
Deione;2
Deirbhile;3277
Deirbhle;2
Deirdre;8
Deive;2
Deivina;2
Deja;2
Dekota;2
Delaina;2
Delali;2
Delaney;5
Delanie;2
Delena;2
Delenne;2
Delila;2
Delilah;5
Della;3
Dellar;2
Delphine;421
Delta;2
Delyth;2
Dema;2
Demaire;2
Demi;2176
Demi-elizabeth;2
Demi-jeanette;2
Demi-lea;2
Demi-lee;3727
Demi-leigh;2777
Demi-louise;12
Demi-marie;2
Demi-may;2
Demi-nicole;5
Demi-rae;2
Demi-rose;2
Demii-rose;2
Demilee;3
Demileigh;3
Demmi;2
Demmi-leigh;2
Dempsey;6
Dempsie;3
Dena;6
Denby;2
Deneen;2
Denim;3
Denisa;6
Denise;1618
Deniz;2
Denna;3
Dennielle;2
Dennysa;2
Denya;2
Deon;5
Deona;2
Der;2
Derarca;2
Derbhila;2
Derbhla;14
Derblah;2
Derika;2
Derin;2
Derri;2
Derry;2
Derval;2
Dervila;2
Dervl;2
Dervla;3596
Deryn;2
Desiree;337
Desislava;2
Destinee;5
Destiney;2
Destiny;1488
Destyn;2
Devan;2
Devanni;2
Devin;3
Devina;2
Devisanca;2
Devlin;2
Devna;2
Devon;364
Devonne;2
Devyn;6
Deya;2
Deyna;2
Deynah;2
Dhanya;2
Dhara;2
Dharma;3
Dhiya;3
Di;2
Dia;2
Diamond;2
Diana;17
Diana-rose;2
Dianaimh;2
Diane;482
Dianna;2
Dianne;2
Diba;2
Dilja;2
Dillyn-angel;2
Dilsha;2
Dimity;2
Dimuna;2
Dina;6
Dinah;6
Dineka;2
Dinika;2
Dion;349
Dione;6
Dionne;1698
Dionne-leigh;2
Dipigya;2
Distance;2
Ditita;2
Diva;3
Divina;2
Divine;2
Divya;2
Dixie;2
Diya;5
Djamila;5
Djasmine;2
Djeiza;2
Dneisha;2
Dobrawa;2
Doha;2
Doireann;11
Dokota;2
Dolce;2
Dolores;2
Domante;2
Domenico;2
Domenika;2
Dominica;2
Dominika;765
Dominique;9
Domino;2
Dominque;2
Dominyka;2
Dona;2
Donavan;2
Donica;2
Donna;1267
Donna-leah;2
Donna-marie;3
Donnamarie;3
Donnfhlaith;2
Donnika;2
Donovan;2
Dorcas;2
Dorcha;2
Dorothea;2
Dorothy;5
Dounya;2
Dovile;2
Draiochtach;2
Drea;2
Dreanna;2
Drew;380
Dreya;2
Drithle;2
Dru;2
Drusilla;2
Dua;2
Duailtin;3
Duana;2
Dubhana;2
Dubheasa;3
Dubhla;2
Dublyn;2
Duibheasa;3
Duibhleamhna;2
Dulcie;3
Dulcie-ella;2
Duvessa;2
Dylan;2
Dympna;3
Dynika;3
Dyooti;2
Eabh;5
Eabha;1667
Eabha-lily;2
Eabha-marie;2
Eabhi;2
Eadaoin;3577
Eadhaoin;2
Eadie;6
Eaimer;2
Ealiyah;2
Eamai;3
Eamair;5
Eamelia;2
Eamer;2
Eamy;2
Eanin;2
Eanna;3
Eava;2
Eavan;5
Eavann;2
Ebanie;2
Ebanie-leigh;2
Ebha;2
Eboney;5
Eboni;3
Ebonie;5
Ebony;3452
Ebony-jane;3
Ebonye;2
Ecaterina;2
Eda;3
Edaein;2
Edan;5
Edee;2
Edel;1783
Edele;3
Eden;2822
Eden-lee;2
Eden-mae;2
Edene;2
Edera;2
Edie;396
Edilija;2
Edina;3
Edith;427
Edna;3
Edwina;2
Eefa;2
Eeffie;2
Eenna;2
Eesha;2
Effie;444
Eibh;2
Eibhe;2
Eibhilin;2
Eibhin;2
Eibhleann;416
Eibhli;2
Eibhlin;1099
Eibhlinn;8
Eibhlis;2
Eida;2
Eidann;2
Eiena;2
Eiera;2
Eila;8
Eile;8
Eilean;2
Eileanoir;3
Eileen;2477
Eileen-og;2
Eilidh;1361
Eilie;2
Eilin;2
Eilis;4058
Eilisa;2
Eilise;346
Eilish;1859
Eilish-rose;2
Eilisha;3
Eillie;3
Eily;2
Eily-may;2
Eilyn;2
Eimar-louise;2
Eimare;2
Eimear;521
Eimear-rois;2
Eimear-rose;3
Eimer;1384
Eimhear;3290
Eimheir;2
Eimhir;2
Eimhire;2
Eimi;5
Eimile;444
Eimir;6
Eine;3
Einin;5
Eiobhla;2
Eiran;2
Eirann;3
Eire;5
Eirean;2
Eireann;3061
Eiren;2
Eirenanne;2
Eirin;5
Eirinn;2322
Eirinn-rose;2
Eirn;5
Eirne;2
Eirnin;5
Eirnn;2
Eirrin;2
Eirynn;2
Eirys;2
Eisa;2
Eisha;2
Eishla;2
Eithne;8
Eiveta;2
Ejona;2
Ekaterina;2
Ekenedilichukwu;2
Ela;6
Elaaf;2
Elaina;3
Elaine;794
Elainna;2
Elaisha;2
Elan;2
Elana;445
Elana-kate;2
Elanna;2
Elannabeth;2
Elannia;2
Elanor;3
Elayna;2
Elaynah;2
Eldina;2
Ele;5
Ele-marie;2
Eleanor;3444
Eleasha;2
Electra;2
Eleea;2
Eleesha;3
Eleisha;2
Elektra;2
Elen;11
Elena;2955
Elena-maria;2
Eleni;8
Elenna;2
Elenor;2
Eleonore;2
Eleri;2
Elesha;2
Elessa;2
Elexie;2
Elfriede;2
Eli;3
Elia;2
Eliana;438
Elianna;2
Elicia;2
Elidh;2
Elif;5
Elija;2
Elin;438
Elina;3
Eline;2
Elinga;2
Elinor;374
Elisa;8
Elisabeta;2
Elisabeth;5
Elisamara;2
Elise;3464
Elise-man-hei;2
Elish;3
Elish-therese;2
Elisha;3371
Elishia;2
Elisia;2
Eliska;3
Elissa;3
Elisse;2
Elita;2
Eliya;3
Eliyah;2
Eliza;2025
Eliza-jane;5
Eliza-jo;2
Eliza-joe;2
Eliza-mae;2
Elizabeth;1184
Elizabeth-anne;2
Elizabeth-sian;2
Elize;2
Elke;3
Ella;916
Ella-beatrice;2
Ella-elise;2
Ella-grace;2
Ella-jane;5
Ella-jessica;2
Ella-joan;2
Ella-lea;2
Ella-lee;2
Ella-loise;2
Ella-louise;615
Ella-mae;375
Ella-marie;6
Ella-may;370
Ella-rae;2
Ella-rose;1909
Ella-sophia;2
Ellagh;2
Ellah;2
Ellaliese;2
Ellalouise;2
Ellan-rose;2
Ellana;2
Elland;3
Ellarae;2
Elle;2489
Elle-jo;2
Elle-louise;2
Elle-mae;2
Elle-marie;2
Elle-may;2
Elleana;3
Elleann;2
Elleanora;2
Ellee;3
Elleigh;2
Ellen;488
Ellen-jane;3
Ellen-jayne;2
Ellen-louise;2
Ellen-may;2
Ellen-rose;9
Ellen-tyler;2
Ellena;3
Ellene;2
Ellenor;2
Ellese;2
Ellesha;2
Ellesse;3
Elley;3
Elli;11
Elli-mae;3
Elli-rose;2
Elliana;5
Ellianna;3
Ellice;6
Ellicia;2
Ellie;531
Ellie-ana;2
Ellie-ann;5
Ellie-anna;3
Ellie-anne;6
Ellie-annie;2
Ellie-beth;2
Ellie-brooke;2
Ellie-eve;2
Ellie-grace;3
Ellie-jae;2
Ellie-jane;8
Ellie-jay;2
Ellie-jayne;5
Ellie-jo;8
Ellie-joy;2
Ellie-kate;2
Ellie-leigh;3
Ellie-louise;713
Ellie-mae;1581
Ellie-mai;6
Ellie-marie;6
Ellie-may;1619
Ellie-rea;2
Ellie-rose;1925
Ellie-ruth;2
Ellie-sophia;2
Ellie-sue;2
Elliemai;2
Elliemay;2
Ellin;2
Elliot;3
Elliryn;2
Ellis;18
Ellise;6
Ellisha;3
Ellison;5
Elloise;2
Elly;9
Elly-mae;2
Elly-may;2
Elly-rose;2
Ellyce;3
Ellyn;14
Ellyn-louise;2
Ellyse;5
Elodie;5
Eloisa;5
Eloise;3754
Elona;5
Elora;5
Elora-danan;2
Elouise;5
Elowyn;2
Elsa;1327
Elsaida;2
Elsha;3
Elsie;962
Elspeth;3
Elva;3
Elvie;2
Elvy;2
Elwa;2
Elwenn;2
Ely;2
Elya;2
Elyesea;2
Elyon;2
Elyse;797
Elysha;3
Elysia;8
Elyssa;6
Elysse;2
Elzbieta;2
Ema;357
Emaan;2
Emaline;2
Eman;3
Emanuella;2
Emberley;2
Emear;2
Emel;2
Emelia;419
Emelie;9
Emelye;5
Emer;2020
Emerald;6
Emerson;5
Emery;2
Emi;3
Emiko;2
Emile;3
Emilee;866
Emilene;2
Emiley;2
Emili;3
Emilia;1561
Emilie;2110
Emilie-jane;2
Emilie-joanne;2
Emilie-louise;2
Emilie-rose;3
Emiligh;2
Emilija;822
Emiliya;2
Emillie;3
Emilly;3
Emilly-grace;2
Emily;253
Emily-beth;2
Emily-grace;3
Emily-jane;11
Emily-jayne;3
Emily-jo;3
Emily-kate;3
Emily-louise;3
Emily-mae;2
Emily-may;3
Emily-rea;2
Emily-rose;9
Emine;6
Emir;6
Emma;55
Emma-clare;2
Emma-courtney;2
Emma-jane;1016
Emma-jayne;789
Emma-jo;6
Emma-kate;8
Emma-leah;2
Emma-lee;8
Emma-leigh;6
Emma-louise;3673
Emma-lynn;2
Emma-marie;2
Emma-rose;6
Emma-ruth;2
Emmajane;2
Emmalee;5
Emmaline;2
Emmalouise;2
Emmanuela;2
Emmanuella;5
Emme;373
Emme-lyn;2
Emmeline;2
Emmer;2
Emmerald;2
Emmerson;2
Emmi;5
Emmi-lee;2
Emmie;286
Emmie-louise;3
Emmily;2
Emmy;750
Emmy-lea;2
Emmylou;2
Emogen;2
Emogene;2
Emylene;2
Ena;5
Enita;2
Enna;5
Ennae;2
Ennis;2
Enrika;2
Enxin;2
Enya;3322
Enya-marie;2
Enya-rose;2
Enyah;2
Enyna;2
Eobha;3
Eoibhlin;2
Eoinaoise;2
Eorann;2
Eowyn;3
Ephie;2
Epona;2
Eppie;3
Erainn;2
Eran;2
Ereen;2
Ereena;2
Erica;2523
Ericaleigh;2
Erich;2
Ericia;2
Ericka;2
Erika;2597
Erikka;2
Erin;229
Erin-grace;2
Erin-jane;2
Erin-krystina;2
Erin-rose;5
Erin-taylor;2
Erina;2
Erindira;2
Erine;2
Erinlouise;2
Erinn;2777
Erinne;2
Erinrose;2
Erleta;2
Erna-mari;2
Erne;5
Ernesta;2
Ernestina;2
Ernine;3
Eron;2
Erona;2
Errin;6
Erris;2
Erryn;3
Ertha;2
Eruchi;2
Eryka;3
Erykah;3
Eryn;1944
Erynn;6
Erynne;3
Esha;3
Eshaal;2
Eshana;3
Eshmaal;2
Esmae;2
Esme;708
Esmee;861
Esmeralda;2
Esra;3
Esraa;2
Essie;2
Essien;2
Estee;2
Estela;2
Estella;3
Estelle;11
Esther;3831
Esther-ann;2
Esther-ruth;2
Estreja;2
Etain;18
Etaoin;3
Ethel;2
Ethlinn;2
Ethna;2
Eugeina;2
Eugena;2
Eugenia;6
Euginea;2
Eun-ji;2
Eunice;5
Euniece;2
Euphrates;2
Eva;782
Eva-joy;2
Eva-kate;2
Eva-lilly;2
Eva-louise;2
Eva-mae;2
Eva-marie;433
Eva-may;2
Eva-metea;2
Eva-rose;8
Evah;3
Evaigh;2
Evalyn;2
Evan;8
Evana;6
Evanah;2
Evangelia;3
Evangeline;11
Evania;2
Evann;2
Evanna;375
Evannah;2
Evanne;3
Evarose;5
Eve;778
Eve-marie;2
Eveagh;3
Eveie;2
Evelina;9
Evelyn;2037
Evelynn;3
Eveny;2
Everlyn;2
Evey;2
Evia;2
Evie;1835
Evie-aerinn;2
Evie-ana;2
Evie-beth;2
Evie-grace;3
Evie-jade;2
Evie-may;2
Evie-rose;3
Evilija;2
Evita;5
Evona;2
Evvie;3
Evy;3
Ewa;433
Ewelina;2
Exauce;2
Eyrnne;2
Eysan;2
Ezara;5
Ezgi;2
Ezmee;2
Ezrah;2
Ezri;2
Ezz-mee;2
Fabia;2
Fabienne;3
Fabiha;2
Fadheela;2
Fae;6
Faela;2
Faelan;2
Fahriye;2
Faileen;2
Fainche;371
Fainchea;2
Faire;2
Faith;1712
Faith-louise;2
Faithe;6
Faiza;2
Faizah;2
Falamina;2
Fallon;5
Fallun;2
Fallyn;2
Fanchea;2
Fanchia;2
Fang;2
Faoileann;2
Faoiltiarna;3
Faoiltirna;3
Fara;2
Farah;1157
Farah-yusra;2
Farahnaz;2
Fareeha;2
Farha;2
Farhah;2
Farhana;2
Faria;2
Farida;2
Fariha;2
Farin;2
Farina;2
Farragh;3
Farrah;1656
Farrah-marie;2
Farrah-may;2
Farrell;2
Farren;2
Fatiha;2
Fatima;9
Fatimah;3
Fatime;2
Fatin;2
Fatma;3
Fatong;2
Fauinene;2
Fausta;2
Faustina;6
Fay;715
Faye;2063
Fayhaa;2
Fayth;5
Faythe;2
Faythe-levi;2
Feanna;2
Fearne;2
Feba;2
Feena;3
Feeya;2
Fei;2
Feina;2
Feirouz;2
Feithlinn;2
Felecia;2
Felicia;6
Felicite;2
Felicity;1754
Fenella;2
Fern;9
Fernanda;3
Ferne;3
Feyza;2
Ffion;12
Fia;9
Fiadh;1131
Fiadhna;5
Fiadhnait;5
Fiametta;2
Fiamma;2
Fiana;3
Fianaid;2
Fianait;3
Fianna;1960
Fianna-lily;2
Fiannia;2
Fidelma;2
Fijona;2
Filipa;2
Finagh;2
Fineen;2
Finlay;353
Finleigh;2
Finley;2
Finn;6
Finnola;3
Finola;11
Finvola;3
Fiona;2268
Fiona-treise;2
Fionin;2
Fionn;5
Fionna;3
Fionnabhair;2
Fionnaula;5
Fionnghuala;11
Fionnola;2
Fionnuala;3087
Fionnualagh;2
Fionnula;3
Fionola;2
Fionuala;3
Fionula;2
Firdous;2
Firinne;2
Flanna;2
Flavia;5
Fleur;2
Flo;2
Flora;11
Floren;2
Florence;1155
Florentyna;2
Floriane;2
Flynn;5
Fodhla;9
Fodla;6
Folakemi;2
Folashade;2
Foli;2
Fomonyuy;2
Foteini;3
Franceen;2
Francene;3
Frances;2449
Frances-ann;2
Francesca;3466
Francescia;2
Franceska;2
Francess;5
Francessca;2
Franchezka;2
Francine;9
Francisca;2
Frankee;2
Franki;2
Frankie;6
Frankie-leigh;2
Fransen;2
Fraya;3
Frea;2
Freda;3
Freiah-beth;2
Freida;2
Freija;2
Freja;3
Frenjesca;2
Freya;1653
Freya-rose;2
Freyja;8
Frieda;2
Froja;2
Fynlee;2
Fynley;2
Gabbie;3
Gabby;2
Gabi;2
Gabija;445
Gabrialla;2
Gabriela;1837
Gabriele;1022
Gabriella;2268
Gabrielle;3037
Gabrjela;2
Gabryjela;2
Gaby;5
Gaenor;2
Gaia;2
Gaigai;2
Gail;5
Gaja;2
Gal;2
Gar-yue;2
Gauri;2
Gayathri;2
Gayle;5
Gaynor;3
Ge-man;2
Geana;3
Gearldine;2
Gearoidin;3
Geena;6
Gem;2
Gema;2
Gemima;2
Gemini;2
Gemma;1475
Gemma-lee;2
Gemma-leigh;5
Gemma-louise;2
Gemmah;2
Gena;2
Gena-lee;2
Gena-leigh;2
Geneva;2
Genevieve;360
Genna;8
Gensvieve;2
Georga;8
Georganna;2
Georgena;3
Georgha;2
Georgi;2
Georgia;933
Georgia-lee;3
Georgia-leigh;2
Georgia-mae;2
Georgia-mai;2
Georgia-rea;2
Georgiana;2
Georgianna;2
Georgie;1224
Georgina;3228
Gera;2
Geraldine;1750
Gerardine;3
Geri;359
Geri-lee;5
Geri-leigh;2
Geri-louise;2
Gerilee;2
Gerra;2
Gerri;3
Gerri-leigh;2
Gerry;2
Ghada;2
Ghazala;2
Ghofran;3
Gia;3
Giada;2
Gian;2
Giana;2
Gianna;11
Gila;2
Gilana;2
Gilia;2
Gillian;1777
Gina;1280
Ginette;2
Ginny;2
Gintare;2
Gioia;2
Giolliosa;2
Giorgia;8
Giovanna;3
Giselle;3
Gitanjli;2
Giulia;6
Giuliana;3
Giya;2
Gladys;2
Glenda;3
Glenn;5
Glenna;2
Glenne;2
Gloria;6
Glory;2
Gobnait;2
Goda;6
Gouri;2
Grace;342
Grace-ann;2
Grace-louise;2
Grace-marie;3
Gracee;2
Gracemaria;2
Gracey;3
Graceyn;2
Graci;3
Gracia;2
Gracie;1444
Gracie-mae;3
Gracie-may;3
Gracy;2
Graice;2
Grainne;1964
Grainne-leigh;2
Gratia;2
Grayce;2
Graziella;2
Grear;2
Greer;2
Greta;441
Gretta;2
Grian;2
Guai;2
Gui;2
Guia;2
Gulia;2
Gurleen;2
Gusteja;2
Gwen;2
Gwenan;2
Gwendaline;2
Gwendoline;3
Gwenno;2
Gwenyth;2
Gwyneth;3
Gypsy;3
Haadiya;2
Haajarah;2
Habiba;2
Hadassah;2
Hadeal;2
Hadeel;2
Hadessa;2
Hadyn;2
Haeba;2
Hafsa;2
Hafsah;3
Hailee;2
Haileigh;3
Hailey;852
Hailey-jade;2
Hailie;718
Hailie-jade;3
Haille;3
Haiqa;2
Haiying;2
Haizea;2
Hajar;2
Hajer;2
Hajira;2
Hajra;2
Hala;2
Halah;2
Hale;2
Halee;2
Haleigh;5
Haley;1951
Hali;2
Halle;2454
Hallie;1409
Hameda;2
Hana;1014
Hana-lyn;2
Hanah;3
Haneen;2
Hang;2
Haniah;2
Haniya;2
Hanna;1814
Hanna-louise;2
Hannagh;8
Hannah;130
Hannah-ann;2
Hannah-beth;2
Hannah-grace;2
Hannah-jane;5
Hannah-jayne;5
Hannah-louise;3
Hannah-marie;2
Hannah-may;2
Hannah-rose;5
Hannahelisa;2
Hannahlee;2
Hannan;2
Hannnah;2
Harbhi;2
Harisa;2
Harjoban;2
Harley;327
Harley-louise;2
Harlie;3
Harlow;2
Harlowe;2
Harmonie;2
Harmony;9
Harmony-grace;2
Harper;2
Harpreet;2
Harri;2
Harriet;2414
Harriett;6
Harshini;3
Haruka;2
Harumi;2
Hatikva;2
Hattie;5
Havana;2
Hawine;2
Haya;2
Hayden;425
Haydn;2
Haydyn;2
Haylee;5
Hayleigh;282
Hayleigh-jayne;2
Hayley;2562
Hayley-amber;2
Hayley-ann;3
Hayley-jade;2
Hayley-jane;2
Hayley-louise;2
Haylie;5
Hazel;323
Heather;2468
Heather-faye;2
Heather-louise;2
Heavenlee;2
Hedera;2
Hei;2
Heidi;2643
Heidi-beth;2
Hejaab;2
Heleigh;2
Helen;3314
Helen-jean;2
Helena;3092
Helene;3
Helenmarie;2
Helna;3
Heloise;2
Hena;2
Hendrikje;2
Henni;2
Henrietta;3
Hephzibah;2
Hera;2
Hermione;5
Hermionie;2
Herveneil;2
Hester;3
Hiba;5
Hibba;2
Hiew;2
Hilary;9
Hillary;2
Hilud;2
Hine;2
Hiu;2
Hiu-tung;2
Ho-ying;2
Hofsuphena;2
Hoi;3
Hollaigh;2
Hollea;2
Holleah;2
Holley;3
Holli;9
Hollie;1039
Hollie-ann;2
Hollie-anne;2
Hollie-mae;2
Hollie-marie;2
Hollie-rose;2
Holliemarie;2
Hollin;2
Holly;443
Holly-ann;3
Holly-anne;3
Holly-ella;2
Holly-jayne;2
Holly-louise;2
Holly-mae;2
Holly-marie;3
Holly-rose;3
Holly-victoria;2
Hollyann;2
Hollye;2
Hollylee;2
Hollyrose;2
Holy;3
Homa;2
Honey;385
Hong;2
Honor;1875
Honora;2
Honour;2
Hooda;2
Hooriya;2
Hope;3142
Hope-lily;2
Horelain;2
Hoy-lam;2
Hritika;2
Hui;2
Hula;2
Hunayda;2
Hung;2
Hussain;2
Hye-ri;2
Hyun;2
Iahanna;2
Ianessa;2
Ianna;3
Iara;2
Iarlagh;2
Ibadat;2
Ibby;2
Ibrah;2
Iciar;2
Ida;3
Ide;5
Idoia;2
Ieasha;2
Ieesha;2
Ieisha;2
Iesha;3
Ieva;444
Ifeatu;2
Ifedinmachukuyem;2
Ifra;2
Iga;5
Ikey-a;2
Ikuzwe;2
Ila;2
Ilana;3
Ilaria;2
Ilesha;2
Ilia;2
Iliana;5
Ilisha;2
Illaria;2
Illona;2
Ilona;6
Ima;2
Iman;387
Imani;5
Imelda;2
Imesha;2
Imogen;2605
Imweoghomwe;2
Ina;2
Inaaya;2
Inaosea;2
Inara;2
Inas;2
Indea;3
Indeea;2
Indi;2
India;3389
India-bo;2
India-grace;2
India-paige;2
India-rose;2
Indiah;2
Indiana;2
Indianna;2
Indie;9
Indie-rose;2
Indigo;3
Indigo-rose;2
Indiia;2
Indira;3
Indiya;2
Indy;2
Indya;2
Ines;5
Inesa;3
Inez;8
Inga;3
Ingrid;5
Inis;3
Inishka;2
Innogen;2
Inogen;2
Inongue;2
Iola;2
Iona;3736
Ione;5
Iosa;2
Iqra;3
Ira;3
Irene;12
Irenwa;2
Ireoluwa;2
Ireoluwakitan;2
Irij;2
Irina;3
Iris;431
Irish;2
Iruoma;2
Irza;2
Isa;2
Isa-lily;2
Isabel;2423
Isabella;1697
Isabella-jane;2
Isabelle;1829
Isah;2
Isatou;2
Iseabeal;2
Iseult;11
Isha;8
Ishbel;3
Ishika;5
Ishita;2
Ishka;2
Isibeal;3
Isis;2
Isla;1244
Isla-grace;2
Isla-rose;2
Isobel;1968
Isobella;436
Isobelle;6
Isola;3
Ispraha;2
Isra;2
Israa;2
Issey;2
Issobella;2
Iszara;2
Ita;3
Iuilin;2
Iulia;2
Iva;2
Ivah;2
Ivana;5
Ivanna;8
Iveta;2
Ivie;2
Ivy;424
Iwona;2
Iyanna;2
Iyla;2
Iysha;2
Izabel;2
Izabela;6
Izabella;330
Izobela;2
Izza;2
Izzi;2
Izzie;2
Izzy;435
J-leigh;2
Jaana;2
Jabez;2
Jacalyn;2
Jacey;2
Jacinta;9
Jacintha;2
Jackie;2
Jaclyn;5
Jacody;2
Jacqueline;1423
Jacqui;6
Jacqulin;2
Jacquline;2
Jada;320
Jade;2093
Jade-lee;2
Jade-lindsay;2
Jade-louise;3
Jadeah;2
Jaden;360
Jaden-leigh;2
Jadesola;2
Jadyn;3
Jadzia;2
Jaeda;2
Jael;2
Jagoda;5
Jahanara;2
Jai;5
Jaida;2
Jaiden;2
Jaidyn;2
Jaime;451
Jaime-lea;2
Jaime-lee;2
Jaime-leigh;3
Jaimee;6
Jaimee-louise;2
Jaimi-lea;2
Jaimie;6
Jaimie-jo;2
Jaimie-lee;2
Jakie;2
Jakki-elle;2
Jaklin;2
Jalila;2
Jalvi;2
Jamay;2
Jamee;2
Jameela;2
Jameelah;2
Jameila;2
Jamela;2
Jamelia;2
Jamey;2
Jami-nakieta;2
Jamie;3794
Jamie-lee;2301
Jamie-leigh;1008
Jamie-louise;6
Jamie-rae;2
Jamiee-leigh;2
Jamielee;3
Jamila;3
Jamilah;2
Jamilee;2
Jamillah;2
Jan;6
Jana;1103
Janae;3
Janaki;2
Janaya;2
Jane;2044
Jane-ellen;2
Jane-frances;2
Janeanna;2
Janeeta;2
Janelle;8
Janes;2
Janessa;3
Janet;668
Janette;3
Janey;8
Jani;2
Jania;2
Janice;363
Janicia;2
Janie;8
Janielle;2
Janine;282
Janine-rose;2
Janna;5
Jannah;5
Janneke;2
Jannine;2
Jansseen;2
Jantel;2
Jara;2
Jarra;2
Jashvita;2
Jasia;2
Jasmeen;2
Jasmijn;2
Jasmin;2655
Jasmin-ellen;2
Jasmina;3
Jasmine;1571
Jasmine-rose;3
Jasminerose;2
Jasmyn;5
Jasmyne;2
Jassmyn;2
Jasuinder;2
Jawairia;2
Jaxen;2
Jay;6
Jaya;5
Jaya-leigh;2
Jayashree;2
Jaycee;2
Jayda;6
Jayde;621
Jayden;8
Jaydon;2
Jaye;6
Jayla;390
Jaylee;2
Jaylin;2
Jaylyn;2
Jayme;8
Jayme-lee;2
Jaymee;5
Jaymee-lee;2
Jaymie;2
Jaymie-lee;2
Jayne;2714
Jaynie;2
Jazlyn;2
Jazlynn;2
Jazmin;1459
Jazmine;9
Jazminn;2
Jazmyn;5
Jazy;2
Jea;2
Jean;768
Jeana;2
Jeananna;2
Jeanette;5
Jeanice;2
Jeanie;2
Jeanine;2
Jeankira;2
Jeanna;2
Jeanne;5
Jeannie;9
Jeannie-lee;2
Jedidah;2
Jei;2
Jeighlyn;2
Jeleane;2
Jemilla;2
Jemima;304
Jemima-rose;2
Jemimah;9
Jemma;2982
Jemma-gill;2
Jemma-leigh;2
Jen;2
Jena;1096
Jenevieve;2
Jeni;8
Jenifer;6
Jenika;2
Jenna;1492
Jenna-leigh;2
Jenna-louise;5
Jennagh;2
Jennah;6
Jennalee;2
Jenneva;2
Jenni;1660
Jennie;395
Jennifer;2005
Jennifer-lee;2
Jennis;2
Jenny;3087
Jenny-leigh;2
Jenny-lyn;2
Jenny-lynn;2
Jeorga;2
Jeorgia;3
Jeremia;2
Jeri;3
Jerline;2
Jerry;2
Jersey;381
Jersey-jay;2
Jersie;2
Jerzey;2
Jerzie;2
Jerzie-lee;2
Jerzy;2
Jesi;2
Jesika;2
Jeslin;2
Jesmy;2
Jess;5
Jesse;6
Jesse-anne;2
Jessi-lee;2
Jessica;202
Jessica-ann;2
Jessica-elise;2
Jessica-jane;2
Jessica-jayne;2
Jessica-lee;5
Jessica-lei;2
Jessica-leigh;5
Jessica-lily;2
Jessica-mae;2
Jessica-ray;2
Jessie;1690
Jessie-ann;2
Jessie-dee;2
Jessie-leigh;2
Jessie-louise;2
Jessie-rea;2
Jessika;6
Jessy;3
Jessye;3
Jesyka;2
Jetaime;2
Jewel;5
Jeyda;3
Jeyde;2
Jeylan;3
Jhanna;2
Ji;3
Jia;326
Jiaxin;2
Jiayi;2
Jie;3
Jiiya;2
Jilana;2
Jill;2423
Jillian;346
Jimena;2
Jimia;2
Jimmie;2
Jin;2
Jing;6
Jingxuan;2
Jiordan;2
Jistelle;2
Jo;12
Jo-ann;3
Jo-anne;5
Jo-leigh;3
Joa;2
Joan;8
Joana;2
Joann;2
Joanna;2851
Joanne;2452
Joanne-louise;2
Joanne-marie;2
Jocelyn;8
Jodee;3
Jodeen;2
Jodene;2
Jodey;2
Jodhi;2
Jodi;2816
Jodi-lee;8
Jodi-leigh;8
Jodi-lynn;2
Jodie;923
Jodie-ann;3
Jodie-lee;353
Jodie-leigh;14
Jodie-louise;3
Jodie-mae;5
Jodie-marie;2
Jodie-niamh;2
Jodie-rose;2
Jodilee;2
Jody;1822
Jody-lee;2
Jody-leigh;2
Jodylynn;2
Joe-leen;2
Joel;2
Joeleen;6
Joeleigha;2
Joelene;3
Joella;2
Joelle;8
Joely;11
Joey;3
Johann;2
Johanna;799
Johanna-maureen;2
Johanne;2
Johannes;2
Johannnah;2
Johna;2
Johneen;2
Johnelle;2
Joirdan;2
Joisie;2
Jolais;2
Jolee;2
Joleen;9
Joleigha;2
Jolena;2
Jolene;1164
Jolie;340
Jolita;2
Jollyne-amatha;2
Joneen;2
Joni;445
Jonnie;2
Jools;3
Jordan;1488
Jordan-leigh;2
Jordana;11
Jordane;3
Jordann;2
Jordanna;9
Jordanne;6
Jordayna;2
Jorden;3
Jordi;2
Jordin;3
Jordonna;2
Jordyn;1133
Jorgia;5
Jorgie;2
Jorja;1863
Jose-leigh;2
Josefa;2
Joseph;2
Josephina;2
Josephine;2434
Josie;1483
Joslyn;2
Joss;2
Josslyn;2
Jourdan;3
Jovi;2
Jovina;2
Joy;4202
Joyann;2
Joyce;8
Jua;2
Juanita;2
Jude;1448
Judie;2
Judina;2
Judith;2524
Judithe;2
Judy;324
Juile;2
Julea;2
Juleka;2
Jules;3
Julia;2638
Julia-anne;2
Julia-rose;2
Juliana;438
Juliane;2
Juliann;2
Julianna;346
Julianne;9
Julie;2586
Julie-ann;358
Julie-anna;2
Julie-anne;888
Julie-lee;2
Julieann;5
Julieanne;8
Julienne;3
Juliet;431
Juliet-jane;2
Julietta;2
Juliette;708
Julijana;2
Juline;2
Julita;2
Julliah;2
Jumana;2
June;3
June-marie;2
Junia;2
Juniper;2
Juno;432
Jurgita;2
Jusmina;2
Juste;3
Justice;2
Justina;5
Justine;870
Justyna;5
Jyrah;2
Ka;6
Kacce;2
Kacee;6
Kacey;1347
Kacey-lee;5
Kacey-leigh;425
Kacey-rose;2
Kaci;1760
Kaci-ann;2
Kaci-lee;338
Kaci-leigh;5
Kaci-mae;2
Kaci-mai;2
Kacia;2
Kacie;1026
Kacie-jo;2
Kacie-leigh;2
Kacie-mae;2
Kacii;2
Kacilee;2
Kacileigh;2
Kacy;8
Kacy-jayne;2
Kacy-lee;3
Kacylee;2
Kadee;3
Kaden;2
Kadence;2
Kader;2
Kadey;3
Kadi;5
Kadie;1034
Kadienne;2
Kadija;2
Kady;748
Kady-ann;2
Kady-leigh;2
Kady-mae;2
Kady-rose;2
Kadyn;2
Kadynce-louise;2
Kaela;1010
Kaelah;386
Kaeleigh;2
Kaelin;2
Kaely;2
Kaesi;2
Kahlen;3
Kahli-louise;2
Kahris;2
Kai;6
Kaia;352
Kaicee;2
Kaidence;3
Kaidi;2
Kaidi-lee;2
Kaidie-lei;2
Kaidy;2
Kaiesha;3
Kaighla;2
Kaija;3
Kaila;875
Kailee;6
Kaileigh;5
Kailen;2
Kailey;1091
Kailey-leigh;3
Kailey-rae;2
Kailin;3
Kailyn;2
Kaiomi;2
Kairos;2
Kaiti;2
Kaitlain;2
Kaitlan;2
Kaitland;2
Kaitlin;2814
Kaitlin-norah;2
Kaitlinn;3
Kaitlyn;2124
Kaitlynn;5
Kaitlynne;2
Kaiya;5
Kaja;9
Kala;3
Kalee;2
Kaleesha;2
Kalei;3
Kaleigh;5
Kaleigh-marie;2
Kaleisha;2
Kaley;8
Kali;447
Kalie;2
Kalina;5
Kalisha;2
Kalista;3
Kaliyah;2
Kallie;438
Kallista;2
Kally;2
Kalysta;2
Kameron;2
Kami;5
Kamila;6
Kamilah;2
Kamile;1098
Kamilija;2
Kamilla;3
Kamryn;6
Kanaya;2
Kandice;3
Kaneesha;2
Kanisha;5
Kansas;2
Kanya;2
Kaomi;2
Kar-ki;2
Kar-lee;2
Kar-leise;2
Kara;2511
Kara-fae;2
Kara-jane;2
Kara-leigh;3
Kara-lily;2
Kara-madison;2
Kara-rose;2
Karagh;2
Karah;3
Karalaini;2
Karalee;3
Karaleigh;2
Karam;2
Karan;2
Kareena;3
Karen;2752
Karesha;2
Kari;15
Karin;3
Karina;1105
Karina-rose;2
Karine;2
Karis;2459
Karishma;2
Kariss;2
Karissin;2
Karla;3995
Karla-jayne;2
Karlanne;2
Karleah;3
Karlee;5
Karleigh;8
Karley;365
Karli;12
Karlie;11
Karlisha;2
Karly;375
Karly-anne;2
Karly-louise;2
Karmen;5
Karmyn-kadie;2
Karol;2
Karolina;1490
Karra;2
Karrah;2
Karri;2
Karrie;3
Karson;2
Karyn;6
Karys;418
Karysha;2
Kascie;2
Kasey;2073
Kasey-leigh;6
Kasha;3
Kashia;3
Kashmala;3
Kasi;2
Kasia;6
Kasie;5
Kasie-leigh;2
Kaska;2
Kasmira;2
Kassandra;2
Kassi;2
Kassi-jayne;2
Kassidi;2
Kassie;6
Kassie-marie;2
Katarina;5
Katarzyna;8
Katdie;2
Kate;1024
Kate-anne;2
Kate-colette;2
Kate-lin;2
Kate-lynn;5
Kate-lynne;2
Katelin;974
Katelina;2
Kateline;2
Katelyn;1842
Katelyn-alex;2
Katelyn-ann;2
Katelyn-louise;2
Katelynn;926
Katelynne;5
Kateri;2
Katerina;6
Kateryna;2
Katey;15
Katharina;2
Katharine;977
Katherina;2
Katherine;1710
Katherine-anne;2
Katherine-rose;2
Katheryn;6
Kathie;2
Kathleen;2703
Kathleena;2
Kathlin;2
Kathlyn;5
Kathrijn;2
Kathrin;2
Kathrine;2
Kathryn;1491
Kathryn-ann;2
Kathryn-anne;2
Kathryn-leigh;2
Kathryn-louise;2
Kathryne;2
Kathy;374
Kati;3
Katia;3
Katie;88
Katie-alice;2
Katie-amber;2
Katie-ann;337
Katie-anna;2
Katie-anne;8
Katie-beth;2
Katie-dee;2
Katie-elizabeth;2
Katie-ellen;2
Katie-grace;2
Katie-jane;9
Katie-jayne;3
Katie-jo;9
Katie-lee;2575
Katie-leigh;2158
Katie-liegh;2
Katie-louise;1618
Katie-lynn;2
Katie-mae;5
Katie-mai;2
Katie-marie;450
Katie-may;5
Katie-moya;2
Katie-nicole;3
Katie-rae;2
Katie-rose;2049
Katie-scarlett;2
Katie-sofia;2
Katieann;2
Katieanna;2
Katielee;2
Katielouise;2
Katierose;3
Katilin;2
Kationa;2
Katja;2
Katlain;2
Katlie-lee;2
Katlin;12
Katlin-lee;2
Katlyn;1805
Katlyn-louise;2
Katlyn-naomi;2
Katlyne;2
Katlynn;3
Katona;2
Katrice;2
Katrin;3
Katrina;2356
Katrina-rose;2
Katrine;2
Katriona;2
Katrizia;2
Kattie;2
Katty;2
Katy;2676
Katy-dee;2
Katy-jane;2
Katy-lee;3
Katy-leigh;3
Katy-mae;2
Katya;2
Katyann;2
Katye-louise;2
Katye-marie;2
Katyleigh;2
Kavaghn;2
Kavina;3
Kawther;2
Kay;6
Kay-lee;3
Kay-leigh;3
Kay-lin;2
Kay-shanelle;2
Kaya;8
Kayagh;2
Kayce;3
Kaycee;419
Kayci;2
Kaycie;3
Kayda;2
Kayde;2
Kayden;442
Kaydi;2
Kaydi-rose;2
Kaydy;2
Kaye;2
Kayia;2
Kayla;2007
Kayla-jayne;2
Kayla-louise;3
Kayla-marie;2
Kayla-may;2
Kaylagh;6
Kaylah;385
Kaylain;2
Kayle;3
Kaylee;1837
Kayleen;2
Kayleen-cyane;2
Kayleigh;1845
Kayleigh-ann;2
Kayleigh-jo;2
Kayleigh-rose;2
Kayley;530
Kayli-ann;2
Kayliah;2
Kaylin;5
Kaylyne;2
Kayryn;2
Kaysha;2
Kaysie;2
Kayte;2
Kaytee;2
Kaytlin;336
Kaytlyn;2
Kayzee;2
Ke;3
Kea;3
Keadi;2
Keagan;2
Keah;3
Kealagh;2
Kealee;2
Kealeigh;432
Kealey;2
Kealy;2
Keana;2
Keanna;9
Keara;8
Kearna;2
Keava;11
Keavah;2
Keavey;2
Keavie;2
Keavy;11
Kechul;2
Kedeisha;2
Kedra;2
Keedie;2
Keedie-lee;2
Keegan;3
Keela;1199
Keelagh;2
Keelah;3
Keelamarie;2
Keelan;3
Keeleigh;8
Keeley;2480
Keeley-marie;2
Keeli;8
Keelia;2
Keelie;9
Keelin;9
Keelin-myra;2
Keelta;2
Keely;3428
Keely-ann;2
Keelyn;3
Keelynn;2
Keena;2
Keera;3
Keery;2
Keesha;3
Keesje;2
Keeva;3699
Keevagh;2
Keevah;2
Kehinde;2
Keiana;3
Keianna;3
Keidy;2
Keifa;2
Keila;380
Keilah;8
Keileigh;2
Keily;2
Keina;2
Keira;1760
Keira-ann;2
Keira-lee;2
Keira-leigh;2
Keira-lynne;2
Keirsey;2
Keirsha;8
Keiry;2
Keisha;1891
Keishia;2
Keishin;2
Keishla;2
Keita;2
Keitija;2
Keiva;8
Kela;3
Kelce;2
Kelci;3
Kelcie;6
Kelcy;2
Keleigh;2
Keli;2
Kelice;2
Kelis;769
Kelisa;2
Kelise;3
Kelisha;2
Kella;2
Kellee;2
Kelley;5
Kelli;11
Kelli-ann;2
Kelli-lee;2
Kelli-marie;2
Kellie;2844
Kellie-ann;3
Kellie-marie;3
Kellimay;2
Kellinda;2
Kellita;2
Kellsie;2
Kelly;2372
Kelly-ann;11
Kelly-anne;362
Kelly-marie;363
Kellyann;6
Kelsay-marie;2
Kelsea;8
Kelsei-brooke;2
Kelseigh;2
Kelsey;2096
Kelsey-ann;3
Kelsey-lee;3
Kelsey-leigh;2
Kelsey-louise;3
Kelsey-rose;2
Kelseylee;2
Kelshia;2
Kelsi;15
Kelsie;2506
Kelsie-lei;2
Kelsileigh;2
Kelsley;2
Kelynn;2
Kelzey;2
Kenadie;3
Kendal;6
Kendall;6
Kendell;2
Kendelle;2
Kendra;1416
Kenedee;2
Kenedi;2
Kenisha;2
Kenna;2
Kennedi;2
Kennedy;739
Kennedy-lee;2
Kennice;2
Kennise;2
Kenny;2
Kennya;2
Kensa;2
Kensie;2
Kenya;5
Kenza;5
Kenzal;2
Kenzee;2
Kenzi;385
Kenzi-leigh;2
Kenzie;2811
Kenzie-lea;2
Kenzie-lee;2
Kenzie-leigh;2
Keogan;2
Keona;3
Keren;8
Keri;2366
Keri-ann;2
Keri-leigh;2
Keriann;2
Kerina;2
Keris;5
Kerith;5
Kerra;2
Kerri;2357
Kerri-ann;362
Kerri-anne;348
Kerri-dee;2
Kerri-lee;8
Kerri-leigh;3
Kerri-louise;5
Kerri-lynn;2
Kerri-marie;2
Kerri-melissa;2
Kerriann;2
Kerrianne;5
Kerribelle;2
Kerrie;3293
Kerrie-ann;3
Kerrie-anne;2
Kerrie-leah;2
Kerrie-lee;3
Kerrie-louise;5
Kerrie-marie;2
Kerrieanne;2
Kerrin;3
Kerris;2
Kerry;2214
Kerry-ann;9
Kerry-anne;5
Kerry-lee;5
Kerry-leigh;3
Kerry-louise;2
Kerry-marie;3
Kerryann;3
Kerryanne;2
Kerrylee;2
Kerryn;5
Kersha;2
Kerstan;2
Kerstyn;2
Keryn;2
Kerys;2
Kesha;6
Keshia;2
Kesmina;2
Ketura;2
Ketziah;2
Keva;14
Kevina;8
Keya;3
Keyana;2
Keyara-jane;2
Keylee;2
Keyleigh;2
Keyleigh-rose;2
Keyola;2
Keyra;2
Keyshia;2
Keyva;2
Kezia;1417
Kezia-faye;2
Keziah;803
Keziah-jane;2
Kezie;2
Kezzia;2
Khadeejah;2
Khadeja;2
Khadija;2
Khadijah;2
Khaila;3
Khainat;2
Khairat;2
Khansa;2
Khara;2
Kharine;2
Kharis;3
Kharris;2
Khdeja;2
Khdija;2
Khelsea;2
Kherys;2
Khia;2
Khiana;3
Khianna;3
Khloe;200
Khristina;2
Khrystina;2
Khushi;3
Khusi;2
Khyra;2
Kia;15
Kiah;354
Kiai;2
Kiana;797
Kiana-lee;2
Kianah;2
Kianna;442
Kiannalei;2
Kiara;17
Kiaya;2
Kieanna;3
Kieara;2
Kiearna;2
Kiefira;2
Kiele;2
Kiely;2
Kielyn;2
Kiera;2627
Kieralee;2
Kierna;5
Kiersha;359
Kiersten;5
Kiesha;444
Kieshla;2
Kieva;725
Kievlynn;2
Kila;3
Kilah;2
Kileigh;2
Kim;1671
Kimber;2
Kimberley;1768
Kimberley-ann;2
Kimberlie;2
Kimberly;1494
Kimberlyn;2
Kimy;2
Kin;2
Kinesha;2
Kinga;678
Kinisha;2
Kinvara;2
Kinza;2
Kiomi;3
Kiona;3
Kioni;2
Kira;1095
Kirah;2
Kiran;5
Kirana;2
Kiranjeet;2
Kirby;366
Kiri;3
Kirsha;3
Kirsi;2
Kirsteen;2
Kirstein;2
Kirsten;1860
Kirsten-lee;2
Kirsti;3
Kirstie;1238
Kirstie-jane;2
Kirstie-lee;2
Kirstin;1204
Kirstina;2
Kirsty;1371
Kirsty-lee;5
Kirsty-leigh;8
Kirsty-louise;2
Kirsty-marie;3
Kirstyn;702
Kisha;2
Kismet;2
Kismit;2
Kitty;1361
Kitty-mai;2
Kitty-miranda;2
Kivsach;2
Kiya;3
Kiyana;2
Kiyara;2
Kiyomi;2
Kizzy;2
Klaire;2
Klara;652
Klarice;2
Klaris;2
Klarissa;2
Klarisse;2
Klaudia;1025
Klaudija;2
Klodha;2
Kloe;9
Kmoy;2
Koa-louise;2
Kobi;2
Kobi-lee;2
Koda;3
Koddie;2
Kodey;3
Kodi;340
Kodi-lee;2
Kodi-leigh;2
Kodie;447
Kodie-leigh;2
Kody;8
Kofoworolaoluwa;2
Kolby;2
Komal;2
Konnie;3
Koo;2
Kopal;2
Kora;439
Kora-elise;2
Korah;3
Koralea;2
Koree;2
Koren;3
Kori;371
Kori-leigh;3
Koriann;2
Korie;5
Korin;2
Kornelia;3
Kornelija;5
Korresia;2
Korrie;2
Kortni;2
Kortnie;2
Kosisochukwu;2
Kotryna;2
Kourtney;327
Krisa;2
Krishma;2
Krishna;2
Krishne;2
Krisi;2
Kriss;2
Krista;12
Kristal;2
Kristanna;2
Kristelle;2
Kristen;2589
Kristen-leigh;2
Kristi;3
Kristianna;2
Kristie;5
Kristin;1780
Kristina;1066
Kristine;2
Kristy;8
Kristy-lee;2
Kristyn;11
Krithika;2
Kritika;2
Kronagh;2
Krysta;2
Krystal;309
Krystal-louise;2
Krystal-robin;2
Krysten;2
Krysten-rose;2
Krystin;2
Krystina;3
Krystyna;2
Ksenija;3
Kumari;2
Kunashe;2
Kunqian;2
Kursty;2
Kushla;2
Kwan;2
Kya;3
Kya-lee;2
Kya-marie;2
Kyal;2
Kyana;2
Kyara;3
Kyarh;2
Kydee;2
Kyia;8
Kyiesha;2
Kyisha;2
Kyla;2270
Kyla-cerise;2
Kyla-rose;2
Kylagh;3
Kylah;6
Kylee;3
Kyleen;2
Kyleigh;2
Kyleigha;2
Kylie;880
Kylien-joe;2
Kylynda;2
Kym;736
Kymberleigh;2
Kymberley;3
Kymberly;2
Kymirin;2
Kyna;6
Kyneisha;2
Kyomi;3
Kyona;2
Kyra;2677
Kyra-ann;2
Kyrah;3
Kyree;2
Kyrena;2
Kyrene;3
Kyria;3
Kyrie;2
Kyrstin;2
La;2
La-teisha;2
La-toyah;2
Labhaoise;11
Lacey;949
Lacey-diamond;2
Lacey-grace;2
Lacey-jo;2
Lacey-louise;2
Lacey-mae;2
Laci;430
Lacie;368
Lacie-may;2
Lacy;2
Ladine;2
Laetitia;3
Lahija;2
Lai;2
Laia;2
Laiba;3
Laila;699
Lailah;2
Laina;2
Lainee;2
Lainey;421
Lainie;3
Lakeisha;8
Lakesha;3
Lakia;2
Lakisha;3
Lakota;5
Lalita;3
Lamara;2
Lameise;2
Lamia;2
Lamis;2
Lana;2545
Lana-francesca;2
Lanais;2
Laneisha;2
Laney;6
Lani;3
Lanna;5
Lanxin;2
Laoide;2
Laoidhe;2
Laoise;3389
Laoise-ana;2
Laoiseach;3
Lara;1520
Lara-faith;2
Lara-jane;2
Lara-jayne;2
Lara-lee;2
Laragh;367
Lareyna;2
Larisa;3
Larissa;1438
Larra;2
Lasairfhiona;2
Lasairiona;3
Lashana;2
Lashuka;2
Lasma;2
Lassara;5
Latanya;2
Latasha;8
Latesha;2
Lateya;2
Latisha;9
Latoya;12
Latoyha;2
Laura;517
Laura-ann;3
Laura-annabel;2
Laura-jane;8
Laura-jayne;5
Laura-jean;2
Laura-kate;2
Laura-leigh;2
Laura-louise;5
Laura-may;2
Laural;2
Lauran;2
Lauree;2
Laureen;353
Laurel;3
Lauren;255
Lauren-ann;2
Lauren-elizabeth;2
Lauren-jane;3
Lauren-kate;2
Lauren-lee;2
Lauren-louise;2
Lauren-nicole;2
Laurene;3
Lauri;2
Laurice;2
Laurie;2009
Laurie-ann;2
Laurie-beth;2
Laurie-may;2
Laurina;2
Laurita;2
Lauriz;2
Laurna;3
Lauron;2
Lauryn;2432
Lauziata;2
Lavana;2
Lavanya;2
Lavena;2
Lavender;2
Lavina;2
Lavinia;421
Lawrimae;2
Laya;2
Layah;2
Layana;2
Layla;1581
Layla-rose;2
Laylamay;2
Layna;3
Le-ying;2
Lea;2559
Lea-rose;2
Leadgh;2
Leagh;11
Leagha;2
Leaghagh;2
Leah;295
Leah-ann;2
Leah-jade;2
Leah-jane;2
Leah-jayne;2
Leah-jo;2
Leah-mae;2
Leah-marie;5
Leah-may;2
Leah-nicole;2
Leah-rose;2
Leah-susanna;2
Leaha;2
Leaha-mairead;2
Leahmarie;2
Leai;2
Leaigh;2
Leala-maia;2
Leana;5
Leandra;3
Leann;337
Leanna;924
Leanna-rose;2
Leannagh;2
Leannah;2
Leanne;2802
Leanora;2
Leaonie;2
Leaya;2
Leda;2
Lee;8
Lee-ann;2
Lee-anne;5
Leea;5
Leeann;3
Leeanne;9
Leela;6
Leen;5
Leena;3
Leeona;5
Leesa;2
Leha;2
Leia;2307
Leiah-rose;2
Leiara;2
Leigh;3012
Leigh-aine;2
Leigh-ann;6
Leigh-anne;2
Leigh-grace;2
Leigh-holly;2
Leigh-jade;2
Leigha;2198
Leigha-jane;2
Leigha-rose;2
Leighanca;2
Leighea;2
Leighoncha;2
Leila;1618
Leilah;2
Leilana;2
Leilani;3
Leilanie;2
Leionha;2
Leiontia;2
Leisa;2
Leisha;2
Leiya;2
Leiya-nicci;2
Leja;3
Lejla;2
Lekesha;2
Lekeya;2
Lekita;2
Lela;3
Lelia;3
Lelian;2
Lena;1809
Lene;2
Lenesha;2
Leni;2
Lenka;3
Lennie;2
Lennon;2
Lenny;2
Lenora;2
Leoma;2
Leominha;2
Leon;2
Leona;2426
Leoncha;2
Leone;2
Leoni;359
Leonia;2
Leonie;1397
Leonie-paige;2
Leonita;2
Leonna;5
Leonor;2
Leonora;2
Leontia;8
Leontina;2
Leora;3
Lesa;2
Lesedi;2
Leslee-ann;2
Lesley;627
Lesley-ann;8
Lesley-anna;2
Lesley-anne;9
Letecia;2
Leticia;3
Letisha;6
Letitia;1038
Leva;2
Levana;3
Levanna;2
Levanne;2
Levi;294
Levina;3
Lexi;339
Lexi-jo;2
Lexie;857
Lexijay;2
Lexxi;2
Lexy;2
Leya;5
Leyla;11
Leylah;2
Leylani;2
Lezlye;2
Li;5
Lia;1157
Liadain;2
Liadan;5
Liadhan;2
Liagh;2
Liah;3
Lian;2
Liana;831
Liane;3
Lianna;8
Lianne;2
Liara;2
Liath;2
Libbi;2
Libbi-mae;2
Libbie;8
Libbie-lee;2
Libby;1675
Libby-bo;2
Liberty;355
Liby;2
Lidia;3
Lidija;2
Lidinha;2
Liepa;2
Liera;2
Lieselotte;2
Liesl;2
Liffe;2
Liffey;2
Lija;2
Lila;621
Lila-mae;2
Lila-rose;2
Lilah;421
Lilah-grace;2
Lilana;2
Lile;12
Lile-grace;2
Lilea;2
Lileannah;2
Lili;861
Lili-mai;2
Lilia;1149
Lilian;5
Liliana;317
Liliane;2
Lilianna;3
Lilie;5
Liliemae;2
Lilith;3
Lilla;2
Lilli;808
Lilli-mai;2
Lillia;5
Lillian;9
Lilliana;2
Lillianna;2
Lillie;1514
Lillie-ann;2
Lillie-anna;2
Lillie-grace;2
Lillie-hannah;2
Lillie-mae;3
Lillie-may;2
Lillie-rose;3
Lillieanna;2
Lilly;1346
Lilly-ann;5
Lilly-ella;5
Lilly-mae;2
Lilly-may;2
Lilly-rose;432
Lillyann;2
Lillyanna;2
Lily;1390
Lily-ane;2
Lily-ann;5
Lily-anna;3
Lily-anne;6
Lily-ava;2
Lily-belle;2
Lily-beth;2
Lily-brooke;2
Lily-ella;5
Lily-grace;2
Lily-jane;6
Lily-jayne;2
Lily-jean;2
Lily-jo;3
Lily-kate;2
Lily-lee;2
Lily-mae;9
Lily-marie;3
Lily-may;435
Lily-nicole;2
Lily-pyper;2
Lily-rose;1269
Lily-roxanne;2
Lily-skye;2
Lily-sue;2
Lilya;2
Lilyah;2
Lilyanna;3
Lilymae;3
Lilymay;2
Lilyrose;3
Limia;2
Lin;3
Lina;3
Linda;317
Linda-jane;2
Linden;2
Lindokuhle;2
Lindsay;215
Lindsay-jane;2
Lindsey;308
Lindy;3
Lineo;2
Ling;2
Linkey;2
Linna;2
Linsay;2
Linsey;5
Linshuang;2
Linzi;637
Linzie;2
Lioch;2
Lioda;2
Liodhach;2
Lisa;2068
Lisa-alexandria;2
Lisa-ann;2
Lisa-anne;2
Lisa-jayne;2
Lisa-marie;2146
Lisamarie;2
Lisanne;2
Lishin;2
Lita;2
Lith;2
Litiana;2
Liusadh;2
Liv;2
Livia;442
Livija;2
Livvi;2
Liya;3
Liyah;3
Liyana;2
Liz;2
Liza;6
Lizette;2
Lizzie;3
Lizzy;2
Llara;2
Loa;2
Loah;2
Loella;2
Loesje;2
Logan;766
Logan-lee;2
Loinir;2
Loinnir;2
Loirin;2
Lois;2023
Lok;5
Lok-yin;2
Lola;1480
Lola-mae;2
Lolade;2
Lolah;2
Lolita;2
Lonni;2
Lora;2
Loran;2
Lorecia;2
Loree;2
Loreen;2
Loreena;2
Lorelai;2
Lorelei;3
Lorell;2
Lorelle;2
Loren;387
Lorena;8
Lorenna;3
Loretta;3
Lori;1436
Lori-lee;2
Lorie;2
Lorin;3
Lorisa;2
Lorna;1854
Lornan;2
Lorne;2
Lorra;2
Lorraine;309
Lorre;2
Lorren;2
Lorresa;2
Lorretta;2
Lorrie;2
Lottie;806
Lotus;2
Louanne;3
Louisa;2133
Louisa-ann;2
Louise;1196
Louiza;3
Loujayne;2
Loulou;2
Lourdes;2
Love;2
Lowry;2
Luan;2
Luana;6
Luanne;2
Luara;2
Luaran;2
Lubna;2
Lubov;2
Luca;5
Luceat;2
Lucee;2
Lucey;3
Luchia;2
Luci;360
Luci-lui;2
Lucia;2992
Luciah;2
Luciana;3
Lucie;2406
Lucie-anne;2
Lucie-jo;2
Lucie-mai;2
Lucie-rose;3
Lucienne;2
Luciferia;2
Lucille;6
Lucinda;979
Lucja;5
Lucy;211
Lucy-ann;2
Lucy-anne;3
Lucy-ella;2
Lucy-ellis;2
Lucy-jade;2
Lucy-jane;6
Lucy-jayne;2
Lucy-jo;5
Lucy-kate;2
Lucy-lou;2
Lucy-mae;3
Lucy-marie;5
Lucy-may;3
Lucy-rose;5
Lucyjane;2
Lucylou;2
Lucyna;2
Ludmila;2
Luella;2
Luighseach;9
Luisa;5
Luiseach;8
Luisne;2
Luiza;5
Luka;6
Lukrecija;2
Lulu;3
Luna;6
Luna-saffron;2
Luphelo;2
Lurda;2
Luxahmi;2
Lyanna;2
Lycrecia;2
Lydia;1490
Lydia-jayne;2
Lydia-rose;2
Lydianna;2
Lyla;1433
Lyla-grace;2
Lyla-rose;2
Lylas;2
Lylia;2
Lyn;3
Lynda;363
Lynda-jane;2
Lyndsay;365
Lyndsey;1470
Lyndsey-jo;2
Lyndsie;2
Lynette;2
Lynisha;2
Lynn;361
Lynna;2
Lynne;12
Lynnise;2
Lynsay;5
Lynsey;737
Lynzi;6
Lyra;3
Lyriah;2
Lyrissa;2
Lysiane;2
Lyzandra;2
Maaria;2
Maayan;2
Mabelle;2
Mabhorgne;2
Mac;2
Macaire;2
Macara;2
Macey;1382
Macey-leigh;2
Macha;5
Maci;368
Macie;600
Macie-lou;2
Mackenzi;2
Mackenzie;1609
Mackenzie-jo;2
Macushla;5
Macy;1352
Macy-beth;2
Macy-jayne;2
Macy-lee;2
Madailin;2
Madalaine;2
Madaleine;2
Madalina;2
Madalyn;8
Maddalena;2
Maddeline;2
Maddi;2
Maddie;2736
Maddison;1134
Maddy;377
Maddyson;2
Madeeha;2
Madelaine;8
Madelein;2
Madeleine;2995
Madeleine-rose;2
Madelene;3
Madelin;3
Madeline;2251
Madelyn;336
Madelynn;2
Madge;2
Madhavi;2
Madhumitha;2
Madi;2
Madie;2
Madilyn;5
Madina;2
Madision;2
Madison;1875
Madison-leigh;8
Madison-lilly;2
Madisson;2
Madisyn;9
Madizon;3
Madonna;2
Madyson;2
Mae;418
Maebh;1781
Maedbh;3
Maegan;3
Maegan-jade;2
Maeghan;3
Maekenzie;2
Maela;2
Maeliosa;5
Maeve;1462
Mafalda;2
Magali;2
Magda;2
Magdalena;9
Maggie;1693
Maggie-mae;2
Maggie-may;2
Maggie-rose;3
Maggiemay;2
Mahdiya;2
Mahdiyatull;2
Maheen;2
Mahesha;2
Mahi;2
Mahra;2
Mahzina;2
Mai;3
Mai-leigh;2
Mai-ya;2
Maia;2699
Maiah;2
Maibh;2
Maible;2
Maigha;2
Maighread;2
Maili;3
Maille;9
Mailliadh;2
Maimie;3
Maimoona;2
Mainie;2
Maira;2
Mairann;2
Maire;401
Maire-ann;2
Maire-louise;2
Mairead;3313
Mairi;3
Mairia;2
Mairin;3
Maisa;2
Maisee;2
Maisey;432
Maisie;1581
Maisie-belle;2
Maisie-jo;2
Maisie-mae;2
Maisie-mai;2
Maisy;1497
Maiwenn;2
Maixa;2
Maiya;8
Maizie;5
Maizy;2
Maja;1018
Majella;352
Majka;3
Makayla;393
Makena;2
Makenna;5
Makensie;2
Makenzi;2
Makenzie;377
Makenzie-leigh;2
Makenzii;2
Makyla;6
Malaidh;2
Malaika;5
Malaiqa;2
Malak;3
Malana;2
Maleah;2
Maleia;2
Malena;2
Malgorzata;5
Malia;333
Malika;2
Malika-essence;2
Malisa;2
Malise;2
Malissa;2
Maliyah;2
Malk;2
Mallai;2
Mallaidh;353
Mallaigh;3
Mallie;2
Mallory;5
Malorie;2
Malwina;3
Mamie;5
Man;5
Man-chi;2
Manahil;2
Manal;2
Manasa;3
Manasi;2
Mandy;6
Manel;2
Manisha;2
Mannen;2
Mannon;2
Manon;5
Mansi;2
Mante;2
Manusri;2
Manvi;2
Maoibh;2
Maoiliosa;2
Maoise;3
Maoliosa;6
Maoloisa;2
Mara;9
Maraia;2
Marama;2
Maran;2
Marana;2
Maranna;2
Marcela;3
Marcelina;8
Marcella;8
Marcellina;2
Marcia;5
Marciana;2
Marcie;5
Marcy;430
Mardeli;2
Marese;2
Maressa;2
Maretta;2
Margaret;3136
Margarette;2
Margarite;2
Margaux;2
Margot;2
Marguarita;2
Marguerita;2
Mari;5
Mari-anne;2
Mari-clair;2
Maria;883
Maria-ann;2
Maria-rose;2
Mariah;350
Mariah-kelsey;2
Mariam;12
Marian;5
Mariana;6
Marianna;382
Marianne;1390
Mariateresa;2
Marica;2
Marice;3
Marie;1949
Marie-claire;325
Marie-clare;2
Marie-louise;2
Marie-terese;2
Marie-therese;9
Marie-thirsse;2
Marie-treise;3
Mariea;5
Marieanna;2
Mariejanna;2
Mariel;2
Mariella;2
Marielle;2
Mariesa;2
Marija;2
Marika;8
Mariko;3
Marilayne;2
Marillia;2
Marilyn;2
Marin;2
Marina;353
Marine;2
Marinelle;2
Mariola;2
Marion;9
Marisa;9
Marise;2
Mariska;3
Marissa;1785
Marita;3
Maritta;2
Mariya;5
Marjorie;2
Markeela;2
Marla;3
Marleigh;2
Marlena;5
Marlene;2
Marley;2
Marli;2
Marni;2
Marnie;11
Marniessa;2
Marrisa;2
Marselha;2
Marsha;3
Marta;791
Martha;3167
Martha-anne;2
Martha-jane;2
Martha-rose;2
Marti;6
Marti-leigh;2
Martina;1857
Martine;365
Martyna;1006
Marva;2
Marwah;2
Mary;1235
Mary-ann;8
Mary-anna;2
Mary-anne;3
Mary-bernadette;2
Mary-beth;3
Mary-cait;2
Mary-carmel;2
Mary-catherine;2
Mary-claire;2
Mary-clare;2
Mary-ella;2
Mary-ellen;8
Mary-grace;2
Mary-jade;2
Mary-jane;9
Mary-jayne;2
Mary-jo;8
Mary-josephine;2
Mary-kate;2551
Mary-kathleen;2
Mary-kay;2
Mary-louise;11
Mary-lucia;2
Mary-patricia;2
Mary-rose;6
Mary-theresa;2
Mary-therese;2
Marya;2
Maryam;381
Maryann;5
Maryanne;3
Maryim;2
Maryjo;3
Marykate;3
Marysia;2
Maryum;2
Mashal;3
Masie-louise;2
Mason;5
Massommie;2
Mateya;2
Mathilda;3
Matilda;1498
Matilda-may;2
Matrice;2
Mattea;2
Matteagh;2
Matti;2
Mattie;5
Matylda;5
Maud;2
Maura;1077
Maura-louise;2
Maureen;752
Maurita;2
Mavis;2
Mavourneen;2
Maxine;5
May;430
Maya;1807
Mayaar;2
Mayah;368
Mayah-elizabeth;2
Mayg;2
Mayli;2
Mayuri;2
Mazie;2
Mazy;2
Mckayla;2
Mckenzie;378
Mckenzy;2
Mckyla;2
Mea;6
Meabh;1443
Meabha;2
Meadbh;359
Meadhbh;2859
Meadhbha;2
Meadoe;3
Meadow;9
Meagain;2
Meagan;392
Meaghan;2288
Meah;6
Mealla;2
Meara;2
Meave;5
Meda;2
Medb;9
Medbh;9
Medhbh;2
Medina;2
Medine;2
Meeagh;2
Meena;3
Meera;3
Meg;1618
Megal;2
Megan;217
Megan-anne;2
Megan-jayne;2
Megan-kate;2
Megan-leigh;2
Megan-louise;2
Megan-rose;3
Megana;2
Megane;2
Megann;3
Megen;2
Meggan;5
Meghan;3204
Meghann;3
Megyn;2
Mehgan;2
Mehreen;2
Mehrnoush;2
Mehrunnisa;2
Mei;5
Mei-ann;2
Mei-ling;2
Meia;2
Meiabh;2
Meibh;369
Meida;6
Meidhbhe;2
Meidhbhin;2
Meigan;2
Meigha;2
Meighan;3
Meila;2
Meisha;5
Meka;2
Melani;2
Melanie;2590
Melena;2
Melete;2
Melia;2
Melina;3
Melinda;5
Melis;3
Melisa;5
Melise;2
Melissa;1519
Melissa-anne;2
Melissa-jade;2
Melissa-jane;2
Melissa-jean;2
Melissa-jo;2
Melissa-paige;2
Melisse;2
Melita;2
Mella;2
Mellisa;2
Mellisa-lee;2
Mellissa;2
Melodie;2
Melody;8
Melonie;2
Melrose;2
Melvina;2
Melyaka;2
Melyssa;3
Mena;5
Menna;2
Meral-olivia;2
Mercedes;5
Merci;2
Mercy;2
Meredith;9
Mereoni;2
Meriam;2
Meribel;2
Merieme;2
Merin;2
Merina;2
Merissa;2
Merlin;2
Merlyn;2
Merrielle;2
Merryn;2
Mery;2
Meryem;2
Meryl;2
Messina;2
Meta;2
Meyya;2
Mhairi;5
Mhari-claire;2
Mhia;5
Mia;1171
Mia-bella;2
Mia-bo;2
Mia-elizabeth;2
Mia-frances;2
Mia-jai;2
Mia-jayne;2
Mia-lily;2
Mia-louise;3
Mia-paulie;2
Mia-rose;3
Mia-sarah;2
Mia-therese;2
Miadach;2
Miadhach-lughain;2
Miagh;2
Miah;724
Miamh;2
Miaya;2
Mica;5
Micaela;6
Micah;5
Micaiah;2
Miceala;2
Micha;6
Michaela;2224
Michaela-nichan;2
Michaeleagh;2
Michaeline;2
Michaella;5
Michaellea;2
Michalina;5
Micheala;371
Michela;2
Michele;6
Michella;3
Michelle;2657
Micia;2
Mickayla;2
Midi;2
Miela;2
Migle;5
Miguiela;2
Miia;2
Mika;3
Mikaela;361
Mikaella;2
Mikah;2
Mikala;3
Mikayla;8
Mikeel;2
Mikela;2
Mikka;2
Mikyla;3
Mila;6
Milan;2
Milana;438
Mile;2
Milee;2
Milele;2
Milena;6
Miley;561
Miley-jade;2
Mili;2
Milla;3
Millana;2
Millenia;2
Milli;6
Milli-martyn;2
Millicent;5
Millie;1614
Millie-lou;2
Milly;444
Mimi;6
Min;2
Min-seo;2
Min-young;2
Mina;2
Minal;2
Mineja;2
Ming;3
Mingaile;2
Minjin;2
Minnie;805
Mira;5
Mirah;2
Miranda;9
Mirarh;2
Mireille;2
Mirela;2
Miren;3
Miriam;1936
Mirjana;3
Mirkaelly;2
Mirna;2
Mirran;2
Mirren;354
Mischa;1130
Mise;8
Miseeire;2
Misha;11
Missie;2
Missy;6
Mitzy;2
Miya;1890
Miya-jane;2
Miyah;3
Miyanna;2
Mo;2
Mochara;2
Mocuisle;2
Moesha;2
Moia;2
Moira;8
Molai;2
Molan;2
Molayoninuoluwa;2
Moli;2
Mollai;9
Molli;6
Molli-ann;2
Mollie;1282
Mollie-ann;2
Mollie-anna;2
Mollie-anne;3
Mollie-claire;2
Mollie-grace;2
Mollie-jane;3
Mollie-jean;2
Mollie-lou;2
Mollie-mae;3
Mollie-rose;419
Mollie-sue;2
Molly;461
Molly-ann;6
Molly-anne;6
Molly-beth;2
Molly-caite;2
Molly-emma;2
Molly-jane;8
Molly-jayne;2
Molly-jo;2
Molly-kate;3
Molly-louise;2
Molly-mae;2
Molly-margaret;2
Molly-may;8
Molly-raine;2
Molly-rose;12
Mollyrose;3
Momhaine;2
Momhuirne;2
Momina;2
Mona;6
Monal;2
Monalika;2
Moneen;2
Monica;1431
Monika;6
Monique;354
Monta;2
Montana;5
Monya;2
Moore;2
Morag;2
Moragaine;2
Morell;2
Morgan;1296
Morgan-jade;2
Morgan-jay;2
Morgan-lee;2
Morgan-leigh;2
Morgan-linzi;2
Morgan-paige;2
Morgane;6
Morgann;2
Morganne;2
Morgen;6
Morghan;2
Morgyn;3
Moriah;2
Morna;3
Morolake;2
Morounfoluwa;2
Morrghin;2
Morrigan;3
Morrin;2
Morven;2
Morwenna;2
Mosopefoluwa;2
Mounia;2
Moya;2196
Moyagh;2
Moyosoreoluwa;2
Moyra;2
Mubara;2
Muiread;2
Muirean;2
Muireann;1586
Muirenn;5
Muirgen;3
Muirin;6
Muirinn;6
Muirne;5
Mulki;2
Mumo;2
Muna;2
Muren;2
Murielle;2
Murphy;2
Murrin;2
Murron;8
Muryn;2
Muskaan;2
Musumba;2
Mya;993
Mya-isabella;2
Mya-louise;2
Mya-rose;2
Myah;1808
Mychaela;3
Myesha;3
Myfanwy;2
Myia;385
Myiah;2
Myiesha;3
Myja;2
Mykenzie;3
Myla;874
Mylah;2
Myleah;2
Mylee;433
Myleene;3
Myley;2
Mylie;636
Mylissa;2
Myra;2
Myrran;2
Mysha;2
Nabeela;2
Nabla;2
Naciye;2
Nacole;2
Nada;8
Nadah;2
Nadean;3
Nadeen;3
Nadelle;2
Nadene;2
Nadezhda;3
Nadia;2881
Nadia-neale;2
Nadiia;2
Nadina;2
Nadine;2868
Nadira;2
Nadiya;2
Nadja;2
Nadrianne;2
Nadya;3
Naemi;2
Naeve;2
Nagam;2
Nahla;2
Nahya;2
Naia;2
Nailah;2
Naima;6
Naimbh;3
Naimh;365
Naina;3
Naiobh;2
Naiomh;5
Naiose;2
Naira;2
Naisi;2
Najah;2
Najaratul;2
Nakeisha;3
Naketta;2
Nakia;2
Nakiesha;3
Nakisa;2
Nakisha;2
Nakita;735
Nakyla;2
Nakylia;2
Nalina;2
Nan;3
Nanasha;2
Nanci;2
Nancy;1558
Nancy-louise;2
Nandana;2
Nandhana;2
Nanette;3
Naoife;2
Naoimh;1233
Naoimhe;2
Naoimhin;2
Naoimi;2
Naoisa;3
Naoise;3153
Naoishe;11
Naoishea;2
Naomh;1601
Naomh-aine;2
Naomi;815
Naomi-grace;2
Naomi-jane;2
Naomi-lee;3
Naomie;2
Nara;2
Narbflaith;3
Nareece;2
Narelle;2
Nargis;2
Narine;2
Narissa;2
Narisse;2
Naruseviciute;2
Naryce;2
Nashe;2
Nashira;2
Nasim;2
Nassima;2
Natacha;3
Natalee;2
Natalia;1601
Natalie;1811
Natalie-louise;2
Natalie-marie;2
Natalja;2
Natalya;642
Natanya;2
Natascha;3
Natasha;1120
Natasha-eden;2
Natasha-helen;2
Natasha-leigh;2
Natasha-louise;2
Natasha-rose;2
Natasja;2
Natassia;2
Natassja;2
Natasza;369
Nateshia;2
Nathalie;5
Nathania;2
Nathile;2
Nattiya;2
Navasa;2
Navinne;2
Naya;2
Nayana;2
Nayara;2
Naydene;2
Nayla;3
Nayna;2
Nazli;2
Nazrin;2
Nea;2
Neala;438
Nealagh;2
Neambh;2
Neamh;1144
Neamhann;2
Neas;2
Neasa;15
Neassa;5
Neave;11
Necole;2
Neda;2
Nedine;2
Neeka;2
Neela;2
Neelam;2
Neesha;2
Neethu;2
Neeve;5
Nefertite;2
Neha;9
Neida;3
Neidin;3
Neila;6
Neilla;2
Neimhe;2
Neisha;11
Neive;5
Neja;2
Nel;3
Nela;3
Nelda;2
Nell;398
Nella;2
Nellani;2
Nelliany;2
Nellie;9
Nelly;6
Nena;3
Nenagh;2
Neola;3
Nerissa;2
Nerrissa;2
Nerys;2
Nesha;2
Neska;2
Neslihan;3
Nessa;14
Nesta;2
Neva;5
Nevada;6
Nevaeh;673
Neve;2763
Neveah;2
Nevin;2
Nevina;2
Neysha;2
Ngai;3
Ngaio;2
Ngo-suet;2
Nia;2097
Nia-laoise;2
Niabh;2
Niah;3
Niambh;303
Niambh-maria;2
Niamh;174
Niamh-aine;2
Niamh-maria;2
Niaomh;11
Niaomi;6
Niav;2
Nicci;2
Nichaela;3
Nichola;1283
Nichole;721
Nicki;3
Nickole;2
Nicky;5
Nicol;6
Nicola;2468
Nicolae;2
Nicole;432
Nicole-emma;2
Nicole-rose;2
Nicoll;2
Nicolle;3
Nida;3
Niesha;6
Nieska;2
Nieve;9
Nifemi;2
Niffy;2
Nigella;2
Nihad;2
Niharika;2
Nijah;2
Nikeeta;2
Nikeisha;3
Nikesha;2
Niketa;3
Nikhita;3
Niki;3
Nikila;2
Nikira;2
Nikisha;5
Nikita;2707
Nikita-rose;2
Nikitha;2
Nikitta;9
Nikkala;2
Nikki;3367
Nikki-jo;2
Nikki-lee;2
Nikkita;762
Nikkylah;2
Nikol;3
Nikola;1183
Nikolah;2
Nikole;6
Nikolett;2
Niku;2
Nikya;2
Nila;2
Nilschia;2
Nimah;3
Nimisha;2
Nimmoway;2
Nimrah;2
Nina;3790
Nina-chene;2
Ninah;2
Niobe;2
Niocol;2
Niomi;5
Niosa;3
Nisa;2
Nisha;637
Nishtha;2
Nishwa;2
Nithya;2
Nithyasree;2
Nivedha;2
Niya;3
Niyah;2
Njomza;2
Nnenna;2
Noa;3
Noa-rose;2
Noah;2
Noeleen;3
Noelle;367
Noemi;3
Noha;2
Noilin;2
Noinin;2
Nola;6
Noleen;2
Nollaig;3
Nona;2
Nonin;2
Noor;8
Nora;1525
Norah;292
Norai;2
Noran;3
Noreen;6
Noresa;2
Norma;3
Normakhosi;2
North;2
Nour;2
Nourelhoda;2
Nowshaba;2
Nowshin;2
Noyonika;2
Nrinder;2
Ntsai;2
Nuala;2580
Nualagh;2
Nualah;2
Nuna;2
Nurallysha;2
Nurhaziyah;2
Nuria;3
Nurinsyirah;2
Nurul;2
Nusrath;2
Nwanzuruahu;2
Nya;2
Nya-lola;2
Nyah;386
Nyana;3
Nyasa;2
Nyasha;2
Nyisha;2
Nykkol;2
Nyla;430
Nylah;2
Nyomi;5
Nyree;6
Nyse;2
Obatumise;2
Ocean;380
Ochre;2
Octavia;3
Odessa;2
Odette;2
Odharnait;2
Odhrna;2
Oghenekevwe;2
Oilbhea;2
Oilibhia;3
Oishine;2
Oisin;3
Oissene;2
Ojaala;2
Okikiayo;2
Oksana;2
Oktavia;2
Ola;2
Olaayooluwa;2
Olana;2
Olena;2
Olethea;2
Olga;2
Olia;2
Olimpia;2
Olina;2
Olive;9
Oliveah;2
Oliveen;2
Olivia;399
Olivia-aimee;2
Olivia-grace;2
Olivia-jayne;2
Olivia-rose;3
Olivie;2
Oliwia;1181
Oludolamu;2
Olufiyin;2
Olusola;2
Oluwadamilola;2
Oluwafayokunmi;2
Oluwakorede;2
Oluwanifemi;2
Oluwanimofe;2
Oluwapamilerin;2
Oluwasemilore;3
Oluwaseyanufunmi;2
Oluwateniola;3
Oluwatimisola;2
Oluwatise;2
Oluwatitofunmi;2
Oluwatobiloba;2
Oluwatoni;2
Olwyn;3
Olympia;2
Olyvia;3
Omarichachukwu;2
Omayma;2
Ombeline;2
Omey;2
Omnia;2
Omotorera;2
Omra;2
Ona;3
Onagh;3
Oneisa;2
Onengiyeofori;2
Oniosa;2
Onora;3
Onyeka;2
Onyinyechi;2
Onyinyechukwu;3
Ooleen;2
Oona;3
Oonagh;3542
Ophelia;3
Ora;5
Oran;2
Oratile;2
Oratiloe;2
Orchid;2
Oren;2
Oreoluwa;2
Oresta;2
Orfhlaigh;2
Orfhlaith;706
Orflaith;2
Orghlaith;2
Oriana;6
Orianna;2
Orianne;2
Oriel;3
Orien;2
Orin;2
Orl;2
Orla;765
Orla-rose;5
Orlagh;2216
Orlaidh;2
Orlaigh;3093
Orlaith;1171
Orlaith-marie;2
Orlalee;2
Orleah;2
Orleigha;2
Orlena;2
Orliagh;2
Orliath;6
Orna;716
Ornagh;5
Ornait;2
Ornina;2
Orquidia;2
Orrian;2
Otylia;2
Ou;2
Oudette;2
Owenea;2
Oy;2
Ozlem;2
Paddi;8
Paddi-louise;2
Paddie;2
Paddy;2
Padraigin;694
Padraiginn;2
Paeden;2
Pagan;2
Pagen;2
Paidi;3
Paig;2
Paige;1341
Paighton;2
Paisley;3
Paislie;2
Paiti;2
Paityn;2
Paityne;2
Pak;2
Palak;2
Pallabi;2
Pamela;8
Pardis;2
Pari;2
Paris;2485
Paris-rose;2
Parisha;2
Parris;2
Parveen;2
Pascale;2
Patience;3
Patrice;1140
Patricia;1994
Patricia-louise;2
Patriece;2
Patrishia;2
Patrycja;1536
Patsie;2
Patsy;2
Patti;6
Paula;2701
Paula-leigh;2
Paula-louise;2
Paula-marie;2
Paulena;2
Paulette;5
Paulina;952
Paulina-erin;2
Pauline;14
Payten;3
Payton;765
Pearl;5
Peggy;3
Peighton;2
Peining;2
Penchu;2
Penelope;803
Penney;2
Penni;2
Penny;584
Pepper;2
Peppie;2
Perla;2
Perry;3
Persephone;2
Petannie;2
Petra;12
Petrina;3
Petronella;2
Petula;2
Peydon;2
Peyton;539
Phebe;6
Phelicia;2
Pheobe;6
Phia;3
Phiah;2
Philipa;2
Philippa;2404
Philippa-grace;2
Phillipa;3
Phillippa;5
Philomena;11
Phobie;2
Phoebe;2147
Phoenix;11
Phyrne;2
Pia;3
Piera;3
Pinar;2
Piper;5
Piper-lea;2
Pippa;799
Pippi;2
Pixie;433
Poilin;2
Poipin;2
Pola;5
Polly;1514
Popi;2
Poppi;2
Poppie;438
Poppy;2002
Poppy-anne;2
Poppy-jo;2
Poppy-louise;2
Porchia;2
Porscha;5
Porsha;3
Portia;6
Prabhjoh;2
Pragna;2
Precious;447
Presley;3
Pretty-bo;2
Primrose;3
Princess;5
Prisca;2
Priscilla;6
Privia;2
Priya;9
Promise;2
Prya;2
Pui;2
Pui-yee;2
Puja;2
Pujitha;2
Pupa;2
Pyage;2
Pyper;9
Qi;3
Qiana;2
Qiara;2
Qing;2
Qiqing;2
Qiu;2
Queen;2
Queenie;2
Queisha;2
Quinn;2
Raa;2
Raabiah;2
Rabann;2
Rabeka;2
Rabia;3
Rabileigh;2
Rabiya;2
Rachael;1182
Rachael-leigh;2
Rachael-rose;2
Racheal;9
Racheala;2
Racheda;2
Rachel;247
Rachel-ann;2
Rachel-anne;2
Rachel-lee;2
Rachel-leigh;2
Rachel-mai;2
Rachel-marie;2
Rachele;5
Rachell;2
Rachelle;715
Racquel;2
Radha;5
Radhika;2
Rae;6
Raeanna;2
Raeanne;2
Raechelle;2
Raegan;2
Raeli;2
Raenah;2
Raenna;2
Rafael;2
Rafaela;2
Rafiqat;2
Raghad;2
Raghda;2
Raheema;2
Rahela;2
Rahf;2
Rahma;2
Rahmah;2
Raichael;2
Raicheal;309
Raila;2
Raina;5
Raine;2
Rainer-alexandra;2
Rainey-ellisa;2
Raiona;2
Raisa;5
Raisha;2
Raissa;2
Raja;3
Rakela;2
Rakha-jane;2
Raluca;2
Rama;3
Rameen;2
Ramona;5
Ramone;2
Rana;5
Randa;2
Rania;3
Raniya;2
Raniyah;2
Ranucoro;2
Ranyenakachi;2
Raoisle;3
Raphael;2
Raphaelle;3
Raquel;5
Rasha;2
Rasheda;2
Rasia;2
Raven;3
Raviena;2
Ravija;2
Rawan;2
Rawasi;2
Ray-anna;2
Raya;2
Rayan;3
Rayann;2
Rayanna;8
Rayanne;6
Raychel;2
Raychelle;2
Raye;2
Rayhan;2
Rayna;6
Rayona;2
Razeena;2
Rea;389
Reachel;2
Reagan;327
Reagen;2
Reaghan;3
Reah;9
Reailtin;3
Realta;3
Realtan;2
Ream;2
Reamone;2
Reanna;1557
Reanna-louise;2
Reannah;3
Reanne;358
Rebbeca;2
Rebeca;3
Rebecca;215
Rebecca-anne;2
Rebecca-ellen;2
Rebecca-jane;2
Rebecca-leigh;2
Rebecca-louise;2
Rebecca-may;6
Rebecha;2
Rebecka;6
Rebeckah;2
Rebeka;442
Rebekah;903
Rebekah-jane;2
Rebekah-jayne;2
Rebekah-marie;2
Rebekah-rose;2
Rebekka;364
Rebekkah;8
Reca;2
Rechel;2
Ree-anna;2
Reea;2
Reeana;2
Reeann;2
Reeanna;2
Reeanne;2
Reece;5
Reegan;8
Reem;5
Reena;2
Reesa;2
Reese;359
Regan;3005
Regane;2
Regen;2
Regina;6
Rehana;2
Rehanna;2
Reiann;2
Reigan;2
Reign;2
Reihanna;2
Reika;2
Reilly;3
Reiltin;2
Reina;3
Reinette;2
Reise;2
Reisha;2
Rekaya;2
Rema;3
Remi;6
Remneek;2
Remy;8
Ren;2
Rena;3
Renaad;2
Renait;2
Renata;6
Renate;2
Rene;5
Reneah;2
Renee;721
Renise;2
Renna;2
Reo;2
Reonna;2
Resha;2
Reshma;3
Retag;2
Retaj;2
Reuben;2
Revenna;2
Rexana;2
Reya;3
Reyna;2
Rhaine;2
Rhana;2
Rhanna;2
Rhaya;3
Rhea;2841
Rhea-jay;2
Rheana;2
Rheanna;694
Rheannae;2
Rheegan;2
Rheia;5
Rheia-niamh;2
Rheigan;2
Rhema;3
Rheo;2
Rheya;2
Rhia;628
Rhia-louise;2
Rhiain;3
Rhiaine;2
Rhian;1898
Rhian-jae;2
Rhiana;14
Rhianan;3
Rhiane;2
Rhianen;2
Rhiann;14
Rhianna;2117
Rhianna-grace;2
Rhianna-leigh;2
Rhianna-mae;2
Rhianna-marie;2
Rhianna-may;2
Rhiannah;6
Rhiannan;12
Rhianne;1425
Rhiannia;2
Rhiannion;2
Rhiannon;2366
Rhianon;3
Rhigan;2
Rhigian;2
Rhiley;2
Rhiona;3
Rhionagh;2
Rhionna;3
Rhley;2
Rhoda;8
Rhona;352
Rhona-lee;2
Rhonda;6
Rhondalee;2
Rhondda;2
Rhoni;2
Rhya;2
Rhyana;3
Rhyane;2
Rhyanna;6
Rhyanna-beth;2
Rhyannon;2
Rhylee;2
Rhyleigh;3
Rhyley;3
Rhys;2
Rhythm;2
Ria;2461
Riagain;2
Riah;5
Riahanna;2
Riahannon;2
Riaina;2
Rian;3
Rian-louise;2
Riana;8
Rianach;2
Rianan;2
Riane;3
Riann;3
Rianna;1221
Riannan;2
Rianne;6
Riannon;5
Ribh;6
Richa;2
Richael;6
Richeal;2
Richella;2
Richelle;3
Richenda;2
Ricki;5
Riddhi;3
Ridhima;2
Riegan;2
Riema;2
Righnach;2
Rignach;3
Rihana;2
Rihanna;568
Riise;2
Rikki;5
Rikki-lee;2
Riley;1802
Riley-may;2
Riliya;2
Rilla;2
Rima;3
Rimsha;2
Rio;12
Rioagh;2
Rioea;2
Riofach;2
Rioghna;2
Rioghnach;2250
Rion;2
Riona;3194
Rionach;1567
Rionach-cai;2
Rionagh;5
Rionah;2
Rionna;3
Rionnah;2
Ripley;2
Risa;2
Rishall;2
Rishika;3
Rishona;2
Rispa;2
Rita;6
Ritisha;2
River;2
Riya;3
Ro;2
Roan;2
Roanna;2
Robbie;2
Robelle;2
Robenia;2
Roberta;712
Robertina;2
Robin;6
Robina;2
Robyn;1374
Robyne;2
Robynne;2
Rocha;5
Rocha-lee;2
Rochella;2
Rochelle;361
Rocxana;2
Rodina;2
Rois;17
Rois-eireann;2
Roisa;5
Roisaorlaith;2
Roise;2295
Roisemae;2
Roisha;6
Roisin;1592
Roisiona;2
Rojin;2
Roksana;373
Rola;2
Roma;2593
Romaine;3
Romaissa;2
Romany;2
Romelly;2
Romi;2
Romilla;2
Romilly;5
Romina;2
Romy;9
Rona;8
Rona-may;2
Ronagh;3
Ronce;2
Roni;2
Ronni;3
Ronnie;3
Roohi;2
Rori;2
Rory;3
Ros;3
Ros-mhaire;2
Rosa;2259
Rosabelle;2
Rosaleen;18
Rosaleen-anne;2
Rosalie;3
Rosalie-mae;2
Rosalina;2
Rosalind;8
Rosaline;2
Rosalyn;5
Rosamund;2
Rosanagh;2
Rosann;2
Rosanna;439
Rosanna-maria;2
Rosanne;2
Rosaria;2
Rosarie;2
Rosaura;2
Roscha;2
Rose;2229
Rose-anna;2
Rose-anne;3
Rose-elaine;2
Rose-ellen;2
Rose-marie;5
Rose-teresa;2
Rosealeia;2
Roseanna;369
Roseanne;6
Roseleen;2
Roselena;2
Rosellen;2
Rosemaria;2
Rosemarie;6
Rosemary;2065
Rosemond;2
Rosena;3
Rosenna;2
Rosetta-jane;2
Rosey;416
Rosha;2
Roshan;2
Roshanna;2
Rosheen;5
Roshel;2
Roshell;2
Roshini;3
Rosi;3
Rosie;2746
Rosie-kate;2
Rosie-may;3
Rosina;5
Rosita;2
Rosland;2
Roslin;2
Roslyn;8
Rosmund;2
Rossa;3
Rossanna;2
Rosslyn;2
Rosy;2
Rovena;2
Rowan;427
Rowanne;5
Rowen;3
Rowena;8
Roxan;2
Roxana;3
Roxanna;2
Roxanne;772
Roxie;6
Roxsana;2
Roxy;596
Roy-anne;2
Roya;2
Royan;2
Rozalia;3
Rozalinda;2
Rozalyn;2
Rozanne;2
Rua;438
Ruadh;2
Ruadhan;2
Ruaigin;2
Rubena;2
Rubey;2
Rubi;5
Rubi-jayne;2
Rubie;5
Rubija;2
Ruby;1778
Ruby-erin;2
Ruby-jean;2
Ruby-jude;2
Ruby-lee;3
Ruby-mae;3
Ruby-rose;2
Rubyann;2
Rudi;9
Rudy;3
Ruela;2
Ruella;2
Rufaro;2
Rugile;6
Ruhi;2
Ruhiyyih;2
Rukshana;2
Rumbidzai;2
Run;3
Ruo;2
Rupika;2
Ruqayyah;3
Russia-leigh;2
Rut;2
Rutendo;2
Ruth;2070
Ruth-anne;2
Ruth-ellen;2
Ruth-naomi;2
Ruthann;2
Ruthie;2
Ruvarashe;2
Ruzena;2
Ryah;2
Ryan;2
Ryann;3
Ryanna;367
Ryanne;2
Ryannon;2
Ryelynn;2
Ryhana;2
Ryiona;2
Rylea;2
Rylee;447
Ryleigh;5
Ryley;6
Ryma;2
Ryouka;2
Ryssah;2
Saahirah;2
Saahithi;2
Saahithyasree;2
Saanvi;2
Saarah;2
Saashi;2
Sabah;2
Sabaoon;2
Sabia;2
Sabina;3
Sabine;3
Sabriel;2
Sabrina;1050
Sacha;1453
Sacha-louise;2
Sadb;2
Sadbh;374
Sade;2
Sadhbh;1381
Sadhbha;2
Sadia;3
Sadie;1672
Sadya;2
Saerlaith;8
Safa;2
Safan;2
Saffarah;2
Saffi;2
Saffiyah;2
Saffron;2652
Safia;8
Safiye;2
Safran;2
Safron;2
Sage;2
Sahane;2
Sahara;5
Sahasra;2
Saibh;2
Saidhbh;6
Saidhbhin;5
Saima;2
Saimah;2
Sainimere;2
Saioa;2
Saiorse;3
Saira;3
Sakura;2
Salaseini;2
Saleema;2
Salina;2
Sallie;2
Sally;2068
Sally-ann;3
Sally-jo;2
Sally-mae;3
Salma;8
Salmin;2
Salome;2
Salomeja;2
Saloni;2
Sam;8
Sam-mia;2
Samanta;639
Samantha;1840
Samantha-chloe;2
Samantha-jane;5
Samantha-lee;2
Samar;3
Samara;2107
Samarah;2
Samaria;2
Samatan;2
Samavia;2
Samaya;2
Samearra;2
Sameeha;2
Sameera;3
Samera;3
Sami;3
Sami-jo;2
Samia;8
Samiah;2
Samianne;2
Samie-lee;2
Samih;2
Samiha;3
Samina;3
Samira;6
Samisha;2
Sammi;6
Sammi-jo;9
Sammie;2
Sammie-jo;3
Sammie-leigh;2
Sammie-lynn;2
Sammy;2
Sammy-jo;352
Sammy-lee;5
Sammylee;2
Samreen;2
Samvritha;2
Samzara-lea;2
Sana;2
Sancha;2
Sanchez;2
Sanchia;5
Sanchia-faith;2
Sancia;2
Sandi;3
Sandra;2365
Sandy;3
Sania;3
Saniya;2
Sanjana;2
Sanne;2
Sansha;2
Santana;2
Santanna;2
Santha;2
Santia;2
Saoirise;2
Saoirle;2
Saoirsa;2
Saoirse;1772
Saoirse-faye;2
Saoirse-lee;2
Saoirse-marie;2
Saorcha;2
Saorla;1089
Saorlaidh;2
Saorlaith;1464
Saorlaith-noirin;2
Saorliath;2
Sapphira;2
Sapphire;9
Sara;1620
Sara-ann;2
Sara-jane;6
Sara-jayne;5
Sara-jo;3
Sara-lee;2
Sara-leigh;2
Sara-louise;6
Sara-lyn;2
Sara-rose;2
Sarah;127
Sarah-ann;6
Sarah-anne;5
Sarah-beth;367
Sarah-grace;2
Sarah-jane;2823
Sarah-jayne;722
Sarah-jean;2
Sarah-jessica;2
Sarah-kate;5
Sarah-lee;6
Sarah-leigh;3
Sarah-louise;2817
Sarah-mae;2
Sarah-marie;8
Sarah-michelle;2
Sarah-nicole;2
Sarah-nicolle;2
Sarah-rose;6
Sarah-sinead;2
Sarah-yasmine;2
Sarahanne;2
Sarahellen;2
Sarahjane;3
Sarahlee;2
Sarai;2
Sarai-jayne;2
Sarait;2
Sarajane;2
Saran;2
Saranna;2
Saranne;2
Sarasvati;2
Saraya;2
Sarea;2
Sarena;5
Sarene;2
Saria;2
Sarina;5
Sarlota;2
Sarlote;2
Sarnait;2
Sarojani;2
Sarra;2
Sarvnaz;2
Sascha;8
Sasha;2221
Sasha-lily;2
Sasha-louise;2
Sasha-marie;2
Sasha-rose;2
Saskia;1891
Saskia-leigh;2
Satia;2
Saule;3
Savana;3
Savanagh;2
Savanah;2
Savania;2
Savanna;448
Savanna-skye;2
Savannagh;5
Savannah;2852
Savannah-leigh;2
Saveesha;2
Savena;2
Saxiele;2
Saya;2
Saylor-lee;2
Sayra;2
Scaoirse;2
Scarlet;675
Scarlett;1613
Scarletta;2
Scarlette;2
Schanie;2
Schifra;2
Scout;2
Seadhna;3
Seafra;3
Seainin;11
Sean;2
Seana;3031
Seana-kenni;2
Seana-lee;3
Seana-liath;2
Seanaann;2
Seanad;2
Seanagh;2
Seanain;2
Seanan;762
Seanann;3
Seaneen;1427
Seani;2
Seania;3
Seanice;2
Seanie;2
Seanin;355
Seanine;3
Seanis;2
Seanitta;2
Seanna;851
Seanna-lee;2
Seanna-leigh;2
Seannagh;2
Seannain;3
Seannan;6
Seanneen;2
Seara;2
Searlait;9
Secelia;2
Secorra;2
Sedinam;2
Sedona;2
Seema;2
Seeva;2
Seiannah;2
Seimhin;2
Seini;2
Selah;2
Selena;11
Selin;2
Selina;372
Selk-ching;2
Selk-yee;2
Sen;2
Sena;2
Senay;2
Senem;2
Senja;2
Senna;2
Seodhna;2
Seoighe;2
Seoirse;3
Seona;365
Seonagh;2
Seonaid;6
Seonaidh;2
Seonna;5
Seorlaith;2
Seorsa;2
Sephora;2
Sephora-evodie;2
Sequoia;2
Sera;2
Serah;3
Seraphena;2
Seraphina;3
Seraphine;2
Sercha;2
Seren;806
Serena;3752
Serenah;3
Serene;2
Serenity;3
Serephina;2
Seria;2
Serianna;2
Serin;2
Sesilia;2
Seskia;2
Setanta;2
Setara;2
Sevanna;2
Sevelina;2
Sevennagh;2
Seya;2
Shabana;2
Shabnam;2
Shaceara;2
Shaciara;2
Shada;2
Shadea;3
Shaeleigh;2
Shaelyn;2
Shaena;2
Shaeneea;2
Shah;8
Shah-akifa-thabassum-sara;2
Shahad;2
Shahd;3
Shahinda;2
Shaima;2
Shaina;9
Shaine;2
Shainea;2
Shakaila;2
Shakayra;2
Shakea;2
Shakeera;5
Shakiera;5
Shakira;1681
Shakira-lee;2
Shakira-leigh;2
Shakirah;2
Shakiya;2
Shakura;2
Shakyira;2
Shalanda;2
Shaleah;2
Shalewa;2
Shalimar;2
Shalom;2
Shamara;2
Shamia;2
Shamika;2
Shamilla;2
Shamira;3
Shan;3
Shana;778
Shana-leigh;3
Shanade;2
Shanae;3
Shanagh;3
Shanais;2
Shanaiya;2
Shanalee;2
Shanan;2
Shanara;2
Shaneen;267
Shanefa;2
Shaneice;2
Shaneire;2
Shanell;3
Shanelle;9
Shanesha;2
Shanessa;5
Shani;2
Shania;3060
Shania-lee;2
Shania-louise;2
Shania-marie;2
Shaniah;3
Shanice;3354
Shanice-louise;2
Shanie;2
Shaniece;5
Shanika;2
Shanine;2
Shanley;2
Shann;2
Shann-ros;2
Shanna;1855
Shanna-leigh;3
Shannagh;262
Shannah;8
Shannain;2
Shannan;623
Shannara;2
Shannel;2
Shannen;1111
Shanni;2
Shannine;3
Shannitta;2
Shannnon;2
Shannon;456
Shannon-chelsea;2
Shannon-dee;2
Shannon-leigh;3
Shannon-louise;3
Shannon-marie;5
Shannon-rose;2
Shannyn;9
Shanon;3
Shanta;2
Shantaigh;2
Shantana;2
Shantel;6
Shantell;3
Shantelle;702
Shantelleamin;2
Shanti;3
Shantia;5
Shanyce;2
Shanyn;5
Shaolin;2
Shaoonagh;2
Shaquitta;2
Shara;5
Sharagh;2
Sharah;3
Sharanna;2
Sharanya;2
Sharayah;2
Sharelle;2
Shari;2
Sharifa;2
Sharkira;2
Sharla;2
Sharlene;5
Sharline;2
Sharlotte;2
Sharmaine;2
Sharmane;2
Sharna;2
Sharon;2174
Sharona;2
Sharragh-lee;2
Sharvani;2
Shaughnessy;3
Shauna;1823
Shauna-lee;6
Shauna-leigh;2
Shaunagh;5
Shaunean;2
Shauneen;1903
Shauneila;2
Shaunelle;2
Shauni;2
Shauniece;2
Shaunin;2
Shaunna;2
Shaunnah-lee;2
Shaunti;2
Shaw;2
Shawna;3
Shawnice;2
Shawntae;2
Shay;3
Shayda;2
Shayla;3
Shayla-ann;2
Shayleen;2
Shaylyn;3
Shayna;9
Shaznay;3
Shazney;3
She;2
Shea;3
Sheala;2
Shealee;2
Shealeen;2
Shealeigh;2
Shealyn;3
Sheana;2
Sheanalee;2
Sheanna;2
Sheara;2
Sheelagh-ann;2
Sheelin;2
Sheelyn;2
Sheema;2
Sheena;14
Sheenagh;5
Shehrbano;2
Sheila;6
Sheila-mae;2
Sheilagh;2
Shekera;2
Shelann;2
Shelanna;2
Shelbey;2
Shelbie;2
Shelby;1322
Shelby-jo;2
Shelby-lee;2
Shelby-leigh;2
Shelby-louise;2
Sheldon;6
Sheldy;2
Sheleen;2
Sheligha;2
Shellbie;2
Shellby;6
Shelley;874
Shellianna;2
Shellie;5
Shelly;352
Shemayah;2
Shenai;2
Sheneice;2
Shenel;2
Shenese;2
Shenice;2
Shenna;11
Sheola;2
Sheona;2
Sheree;366
Shereece;2
Shereen;2
Sherenah;2
Sheridan;5
Sherifa;2
Sherin;2
Shernade;2
Sherolyn;2
Sheron;2
Sherona;2
Sherrie;5
Sherryl;2
Sheryce;2
Sheryl;5
Sheya;2
Sheyda;2
Sheyla;2
Shi;6
Shi-anne;2
Shian;2
Shiana;2
Shiania;2
Shiann;3
Shianne;5
Shiao;2
Shiela;2
Shifra;3
Shikira;2
Shiloh;3
Shinice;2
Shiona;2
Shionah;2
Shionainn;2
Shireen;2
Shirin;2
Shirine;2
Shirley;12
Shirly-renee;2
Shirrilynn;2
Shivangi;2
Shivon;2
Shleena;2
Shoaine;2
Shoanagh;2
Shola;5
Sholakunmi;2
Shona;3012
Shona-jean;2
Shona-leigh;2
Shona-marie;2
Shonach-gael;2
Shonagh;1280
Shonagh-leigh;2
Shonah;2
Shonna;2
Shontay-rose;2
Shontelle;2
Shony;2
Shorlagh;2
Shoshana;2
Shoshanna;2
Shoshannah;2
Shraddha;2
Shreeya;3
Shreya;436
Shriya;2
Shroina;2
Shruthi;2
Shruti;2
Shrutika;2
Shu;2
Shula;2
Shuna;2
Shurie;2
Shuxin;2
Shuxing;2
Shuyi;2
Shyan;2
Shyanna;2
Shyanne;2
Shylo;2
Si;6
Sia;2
Siabhradh;2
Siain;2
Sian;2661
Sian-louise;3
Siana;2
Sianan;2
Sianeese;2
Siania;2
Sianna;8
Siannah;3
Siannan;2
Siannon;3
Sianon;2
Siantelle;2
Siaorse;2
Sibeal;3
Sibheal;2
Sidika;2
Sidnee;3
Sidney;2
Sidona;2
Sidonie;2
Sieanna;2
Sien;2
Siena;9
Sienna;859
Sienna-eden;2
Sienna-marie;2
Siennah;2
Siennah-rose;2
Sierra;445
Sifn;344
Sigourney;2
Sihle;2
Sile;3
Silin;2
Silvana;2
Silvia;2
Silvija;2
Simarin;2
Simisola;2
Simona;5
Simone;1662
Simrah;2
Simran;8
Sin;2
Sinann;2
Sinawe;2
Sindhuja;2
Sindy;2
Sine;8
Sinead;1533
Sineve;2
Sing-tung;2
Sinicha;2
Siobhan;3305
Siobhra;3
Siodhfra;2
Siodhna;2
Siodhnaidh;2
Siofra;3091
Siofradh;2
Siomantha;2
Siomha;392
Sion;3
Siona;8
Sionainn;11
Sionan;5
Siondel;2
Sioned;2
Sionibha;2
Sionnain;3
Sionnan;2
Sipporah;2
Sirayah;2
Siridean;2
Sirine;3
Sisipo;2
Sitara;2
Sithara;2
Sittie;2
Siubhan;3
Siun;6
Sive;3
Siyana;2
Skaiste;3
Skaiva;2
Skie;2
Sky;422
Skye;1814
Skye-amber;2
Skye-lee;2
Skye-leigh;2
Skye-louise;2
Skye-sophia;2
Skyeisha;2
Skyla;435
Skylia;2
Skylor;2
Slaine;5
Smilte;3
Sneha;5
Snezana;2
Soairse;3
Soan;2
Soarise;2
Sochi;2
Soffi;2
Sofi;3
Sofia;1294
Sofiah;2
Sofie;1152
Sofija;3
Sofina;2
Sofiya;5
Soha;2
Sohaila;2
Soheila;2
Soinainn;2
Soirse;2
Solange;2
Solenn;2
Solsne;2
Somaya;2
Somayina;2
Somer;3
Sommer;684
Sommer-ellen;2
Sommer-leigh;2
Sommur;2
Somya;2
Sona;5
Sonata;2
Sonia;347
Sonja;3
Sonni-lee;2
Sonny;3
Sonum;2
Sonya;3
Soo-bin;2
Sopfiee-lee;2
Sophia;1942
Sophia-rose;3
Sophiah;2
Sophie;116
Sophie-ann;3
Sophie-anne;5
Sophie-caitlin;2
Sophie-ella;2
Sophie-ellen;3
Sophie-elouise;2
Sophie-jade;2
Sophie-jane;5
Sophie-jean;2
Sophie-june;2
Sophie-lee;6
Sophie-leigh;8
Sophie-lily;2
Sophie-louise;719
Sophie-mae;2
Sophie-marie;3
Sophie-may;2
Sophie-mya;2
Sophie-nicole;2
Sophie-paige;2
Sophie-rae;2
Sophie-rose;5
Sophie-ruth;2
Sophina;2
Sophy;3
Sora;2
Soraia;2
Soraya;3
Sorch;2
Sorcha;2591
Sorena;2
Sorin;2
Sorina;2
Sorryeha;2
Sorsha;2
Sosaidh;2
Soul-be;2
Soumia;2
Soundriya;2
Soya;2
Sraddha;2
Sreyas;2
Srijani;2
Srishty;2
Stacey;2409
Stacey-ann;2
Stacey-ellen;2
Stacey-lee;3
Stacey-leigh;2
Staci;3
Stacie;17
Stacy;9
Stacy-leigh;2
Star;433
Starleen;2
Starr;3
Stefanie;3
Stefany;3
Steffanie;2
Steffi;8
Steffi-nicole;2
Steffie;8
Stella;1625
Stency;2
Steph;2
Stephaine;2
Stephana;2
Stephania;2
Stephanie;2688
Stephanie-ann;2
Stephany;3
Stephenie;2
Stephnie;2
Stevanna;2
Steve;2
Stevey;2
Stevi;2
Stevie;9
Stevie-jay;2
Stevie-lee;2
Stevie-leigh;3
Stevie-marie;2
Stiana;2
Storm;392
Story;2
Su;2
Su-ji;2
Suaad;2
Suan;2
Sudhipta;2
Sue-ah;2
Suela;2
Sui;2
Sui-man;2
Sui-ying;2
Suibhne;2
Suinaoibhe;2
Sujata;2
Suke;2
Suki;2
Sukura;2
Sulueti;2
Sumayia;2
Summer;2326
Summer-louise;3
Summir;2
Summor;2
Sun;2
Sunaina;2
Sunita;3
Sunny;3
Supisara;2
Suranna;2
Suranne;5
Suraya;2
Suriya;2
Susan;3346
Susana;3
Susanna;2510
Susannah;2288
Susanne;293
Susi;2
Susie;6
Susy-saffron;2
Suzana;2
Suzanna;1177
Suzannah;733
Suzanne;2222
Suzette;2
Suzi;3
Suzie;5
Suzy;3
Svetlana;3
Sveva;2
Swathi;2
Sweety;2
Syah;2
Sybil;3
Sydney;427
Sydney-marie;2
Sydnie;3
Syenna;2
Syesha;2
Syienna;2
Sylvannah;2
Sylvia;6
Sylvia-zela;2
Sylvie;2
Symone;3
Syra;2
Syrena;2
Sytoria;2
Szolanzs;2
Ta-mya;2
Tabitha;2747
Tabytha;2
Tacy;3
Tadghan;2
Tadhgain;2
Tadhgan;6
Taegan;2
Taeya;2
Tafanique;2
Tafarah;2
Tahilia;2
Tahira;2
Tahiya;2
Tahlia;2
Tahnee;2
Tahrima;2
Tai;2
Tai-san;2
Taiana;2
Taibah;2
Taidhgin;2
Taigan;2
Taighan;2
Taillte;8
Tailte;3
Taisce;2
Taisha;2
Taisie;3
Tait;2
Taiwo;2
Taja;3
Takako;2
Takara;3
Takeea;2
Takeisha;2
Takia;3
Takota;2
Taksha;2
Talea;2
Taleen;2
Talei;2
Taleigha;2
Talesha;2
Taleya;2
Talia;1118
Taliah;2
Talisa;2
Talisha;2
Talitha;8
Taliyah;2
Tallon;2
Tallula;2
Tallulah;5
Tallyia;2
Talor;2
Talula;2
Talyah;2
Tama;2
Tamala;2
Tamanika;2
Tamanna;3
Tamar;6
Tamara;2727
Tamara-victoria;2
Tamara-yazmin;2
Tamarin;3
Tamaryn;2
Tamasin;3
Tamazen;2
Tamecka;2
Tameece;2
Tameka;2
Tamera;5
Tameragh;2
Tamerah;2
Tami;8
Tami-lee;3
Tamia;3
Tamiah-jean;2
Tamika;8
Tamila;2
Tamlyn;3
Tammi;14
Tammi-lee;6
Tammi-leigh;3
Tammi-louise;3
Tammia;2
Tammie;707
Tammie-lee;6
Tammie-leigh;2
Tammie-louise;2
Tammy;2644
Tammy-jo;3
Tammy-lee;365
Tammy-leigh;5
Tammy-louise;2
Tammy-maire;2
Tammy-nyree;2
Tammyann;2
Tammylee;2
Tamra;5
Tamsin;425
Tamsyn;3
Tamya;2
Tamyka;2
Tamzan;2
Tamzen;2
Tamzin;2468
Tamzine;2
Tamzyn;5
Tanashia;2
Tanea;2
Taneacha;3
Taneer;2
Taneese;2
Taneesha;5
Taneeshka;2
Taneisha;5
Tanesha;5
Taneshia;2
Taneth;2
Tania;430
Taniesha;2
Tanika;2
Tanikka;2
Tanina;2
Taniqua;2
Tanis;2
Tanisha;1638
Tanisha-shannon;2
Tanishea;2
Tanita;2
Tanith;6
Tannika;2
Tansy;2
Tanszie;2
Tanushri;2
Tanvi;2
Tanya;1660
Tanzila;2
Tanzilla;2
Taoighan;2
Taoiresa;2
Taoirse;2
Taome-lee;2
Tar;2
Tara;959
Tara-alexandra;2
Tara-jayne;2
Tara-louise;2
Tara-lynn;2
Tara-nem;2
Tara-nicole;2
Tara-rose;2
Taragh;5
Tarah;8
Taran;2
Tarika;2
Tarin;3
Tarmara;2
Tarra;2
Tarragh;3
Tarryn;3
Tarteel;2
Taryn;386
Tasha;422
Tashfanish;2
Tashfia;2
Tashvi;2
Tasia;2
Tasja;2
Tasmin;3
Tasmine;2
Tasnean;2
Tasnim;2
Tate;2
Tatenda;2
Tateyana;2
Tatiana;6
Tatiannaigh;2
Tatum;2
Tatyana;3
Tawnee;2
Tawny;2
Tawsifa;2
Taya;3
Tayana;2
Tayla;5
Taylar;3
Tayler;6
Tayler-marie;2
Taylir;2
Taylor;1575
Taylor-ann;2
Taylor-anne;3
Taylor-jai;2
Taylor-jane;2
Taylor-jean;2
Taylor-lauren;2
Taylor-lee;8
Taylor-leigh;356
Taylor-mae;2
Taylor-marie;2
Taylor-may;2
Taymar;2
Taymiyya;2
Tazmin;8
Tazmyn;2
Te-ana;2
Tea;9
Tea-leoni;2
Teagan;1633
Teagan-dee;2
Teagan-marie;2
Teagen;2
Teaghan;5
Teah;8
Tealagh;2
Teanna;5
Teanna-bobbi;2
Teaoni;2
Tear;2
Teea;2
Teegan;5
Teela;2
Teelana;2
Teerna;2
Teewaa;2
Tegan;2627
Tegan-lee;2
Tegan-leigh;2
Tegan-marie;2
Tegann;2
Tegen;2
Teghan;3
Teghin;2
Tehreem;2
Tehya;2
Teia;5
Teiagh-leigh;2
Teigan;1519
Teigan-jayde;2
Teigan-rose;2
Teighan;1234
Teigian;2
Teila;2
Teirna;441
Teirnah;2
Teirnan;2
Teirra;2
Teja;2
Tejal;2
Tekella;2
Tela;2
Teliyah;2
Temair;3
Temaira;2
Temara;2
Temaya;2
Temidayo;2
Temiloluwa;2
Temira-leigh;2
Temitayo;2
Tempany;2
Temperance;2
Temuera-grace;2
Temwa;2
Tenaya;2
Teniola;3
Teoma;2
Teona;2
Teoni;2
Teoni-le;2
Teonie;2
Tepenga;2
Terah;2
Teresa;1796
Teresa-jane;2
Terese;3
Teresita;2
Teresse;2
Terez;2
Tereza;2
Terezie;2
Teri;1070
Teri-lee;3
Terri;892
Terri-ann;2
Terri-anne;2
Terri-beth;2
Terri-lee;5
Terri-louise;5
Terri-marie;3
Terrie;3
Terrie-leigh;2
Terrileigh;2
Tertia;3
Teshia;2
Tesneem;2
Tess;2654
Tessa;1487
Tessie;2
Tessmary;2
Texzera;2
Teya;3
Teya-louise;2
Teyana;2
Thai;2
Thaiba;2
Thaii;2
Thaila;5
Thaira;2
Thaleia;2
Thalia;9
Thamara;2
Thamra;2
Thandi;3
Thandie;2
Thanya;2
Thanyatorn;2
Thawab;2
Thea;2023
Thea-ellis;2
Thelma;2
Thenjiwe;2
Theola;2
Theresa;288
Therese;2945
Thersse;346
Thia;2
Thina;2
Thomasa;2
Thomasin;2
Thomasina;9
Thora;2
Thorai;2
Thoraya;2
Thresa;2
Tia;2219
Tia-elize;2
Tia-lee;2
Tia-leonie;2
Tia-louise;5
Tia-may;2
Tia-rose;2
Tiaamii;2
Tiaanii;2
Tiah;6
Tiami;2
Tian;6
Tiana;2306
Tiana-grace;2
Tiana-rose;2
Tianah;2
Tianna;1572
Tianna-marie;2
Tianna-rose;2
Tiannah;2
Tiaomi;2
Tiara;2
Tiarn;2
Tiarna;3019
Tiarna-leigh;2
Tiarnach;5
Tiarnagh;2
Tiarnaniamh;2
Tiegan;2019
Tiegan-marie;2
Tieghan;11
Tien;2
Tiera;3
Tieragh;2
Tiern;2
Tierna;2538
Tierna-lee;2
Tierna-leigh;3
Tiernach;2
Tiernagh;1068
Tierney;3
Tiersha;3
Tifa;2
Tifaine;2
Tiffanny;2
Tiffany;3299
Tiffany-lee;2
Tiffany-leigh;2
Tiffney;2
Tigan;2
Tigernach;5
Tiggen;2
Tighearna;3
Tiiffany;2
Tija;2
Tikana;2
Tilazia;2
Tilda;2
Tillie;9
Tilly;1065
Tilly-anna;2
Tilly-anne;2
Tilly-louise;2
Tily;3
Timara;2
Timera;2
Timotea;2
Tina;342
Tinashe;2
Ting;2
Tiona;3
Tiphaine;2
Tir-na-og;2
Tirna;9
Tirna-kate;2
Tirzah;2
Tisa;2
Tita;2
Tiva;2
Tiwajope;2
Tiwalade;2
Tiwaloluwa;2
Tiwalopeoluwa;2
Tiyah;2
Tizia;2
Tna;241
Toban;2
Tobyn;2
Toccara;2
Tochi;2
Toireasa;6
Tola;2
Toleen;2
Tolulope;2
Toluwani;2
Toluwanimi;374
Toma;2
Tomacena;2
Tomaisin;2
Tommy;2
Tondra;2
Toni;2873
Toni-anna;2
Toni-jayne;2
Toni-jean;2
Toni-lea;2
Toni-leah;3
Toni-lee;5
Toni-leigh;5
Toni-louise;3
Toni-marie;2
Toni-rose;3
Tonia;2
Tonicha;363
Toniesha;2
Tonii;2
Tonii-jo;2
Tonisha;5
Tonya;2
Tora;2
Torai;2
Toraigh;2
Torey;2
Tori;2532
Tori-ann;2
Tori-anna;2
Tori-beth;2
Tori-jane;2
Tori-jean;2
Tori-lee;378
Tori-lei;2
Tori-leigh;3
Tori-li;2
Tori-louise;3
Torie;3
Torna;2
Torri;8
Torri-ann;2
Torrie;5
Torrin;2
Tory;363
Toryn;2
Toyah;2
Tracey;678
Tracey-anne;2
Tracey-leigh;2
Traci-ann;2
Tracy;8
Tracy-may;2
Tralee;2
Tran;2
Trea;6
Treasa;809
Treise;2
Trendelina;2
Trenyce;2
Tres;2
Tresa;2
Trevelyan;2
Trevina;2
Treya;2
Triniti;2
Trinity;2323
Triona;6
Trisha;2
Troi;2
Truda;2
Trudey;2
Trudi;9
Trudie;8
Trudy;428
Truly;2
Tsz;6
Tula;2
Tulisa;2
Tulla;2
Tullulah;2
Tumelo;2
Tuqa;2
Twinkle;2
Tyana;384
Tyanna;6
Tyia;2
Tyisha;3
Tyla;8
Tylar;2
Tyler;919
Tyler-jade;2
Tyler-jane;2
Tyler-marie;2
Tylier;2
Tynisha;2
Tyonna;2
Tyra;9
Tyree;2
Tyreece;2
Tyrona;2
Tyseen;2
Uainin;5
Uaneen;2
Udemeobong;2
Ugne;1274
Uillin;2
Uisce;2
Uisneach;5
Ula;5
Ulamila;2
Ulan;2
Ule;2
Uma;3
Umaima;2
Umairah;2
Una;3203
Unagh;2
Unetta;2
Unique;2
Upe;3
Ursula;1113
Urte;421
Urya;2
Vaanya;2
Vaida;2
Vaila;2
Vakare;2
Valentina;5
Valeria;2
Valerie;9
Valerija;3
Vanesa;376
Vanessa;2323
Vanessa-marija;2
Vanessza;2
Vani;2
Vania;2
Vanilla;2
Vannine;2
Vanshika;2
Vanyusha;2
Varasha;2
Varshana;2
Vassula;2
Vaughn;2
Veda;2
Veena;2
Veera;2
Velvet;3
Vera;2
Verity;6
Veronica;393
Veronicque;2
Veronika;5
Vesta;2
Vhairi;2
Vianne;2
Vicki;9
Vickie;2
Vicky;279
Victoria;848
Victoria-leigh;2
Victoria-louise;2
Vidhya;2
Vidmi;2
Vika;2
Vikki;2
Viktoria;5
Viktorija;5
Vilija;2
Vilma;2
Vilocha;2
Vilte;435
Vinita;2
Violet;732
Violetta;2
Viona;2
Virginia;3
Vismithaa;2
Vitalia;2
Vitoria;2
Vivian;6
Vivianna;2
Vivianne;2
Vivien;6
Vivienne;9
Vlada;2
Vladislava;2
Vrishti;2
Vyara;2
Wafa;2
Wai;3
Wai-mann;2
Waiata;2
Wajeeha;2
Wamima;2
Wan;2
Wanessa;2
Wanida;2
Wanita;2
Wardah;2
Waris;2
Wasma;2
Wayne;2
Wei;5
Wen;3
Wenci;2
Wendy;364
Wentin;2
Weronika;915
Whitley;2
Whitney;835
Whitney-june;2
Whitney-rose;2
Whitni;2
Wictoria;2
Wiktoria;788
Wilhelmina;3
Willa;3
Williamina;2
Willo;2
Willow;1133
Willow-grace;2
Wilma;2
Wing;5
Wing-kei;2
Wing-lam;2
Wing-yan;2
Wing-yin;2
Winifred;5
Winnie;355
Winona;2
Winter;3
Wren;3
Wynonah;2
Wyona;2
Xaneeya;2
Xanetia;2
Xanthe;3
Xara;2
Xaviera;2
Xena;6
Xenia;3
Xi;5
Xi-er;2
Xiao;3
Xiaoqin;2
Xiaoxiu;2
Xin;322
Xin-li;2
Xin-ling;2
Xin-ying;2
Xindy;2
Xing;2
Xinyue;2
Xiou;2
Xiu;2
Xristina;2
Xsara;2
Xuan;2
Xueqin;2
Xusi;2
Xyleena;2
Xzara;2
Ya;3
Ya-ning;2
Yaa;2
Yael;2
Yagmur;2
Yakoot;2
Yampoue;2
Yan;3
Yana;5
Yanee;2
Yanna;3
Yannah;3
Yao;2
Yara;5
Yarah;3
Yaris;2
Yaroslava;2
Yasamin;3
Yaseen;2
Yasemin;3
Yasmaine;2
Yasmeen;2
Yasmeene;2
Yasmin;3023
Yasmina;3
Yasmine;290
Yasmyn;3
Yazmin;1856
Yazmine;2
Yee-kei;2
Yelenia;2
Yen-ting;2
Yethmi;2
Yi;6
Yildiz;2
Yin;2
Ying;2
Yingqi;2
Yingrui;2
Yiwen;2
Yizhou;2
Yizhu;2
Ylanna;2
Ylenia;2
Yna;3
Ynes;2
Yo-yo;2
Yoana;3
Yolanda;5
Yomna;2
Yong;2
Yosra;3
Youxi;2
Ysa;2
Yseult;2
Yu;6
Yuan;3
Yuchen;2
Yue-thong;2
Yuet;2
Yuet-tung;2
Yufei;2
Yuk;2
Yun;5
Yuna;2
Yuxuan;2
Yuyoung;2
Yvanna;2
Yves;2
Yvette;3
Yvey;2
Yvie;368
Yvonne;380
Yzabelle;2
Zaffron;2
Zafria;2
Zagora;2
Zahara;3
Zaheera;2
Zahra;733
Zahrah;2
Zahura;2
Zaienab;2
Zaina;6
Zainab;5
Zainib;2
Zaira;6
Zakia;5
Zakira;2
Zakiya;3
Zakiyya;2
Zala;2
Zaleah;2
Zaleekhah;2
Zamarah;2
Zamira;2
Zana;2
Zanna;3
Zannah;2
Zao-hong;2
Zara;734
Zara-jane;5
Zara-jayne;2
Zara-lee;2
Zara-leigh;3
Zara-lily;2
Zara-louise;6
Zara-rose;2
Zara-shaun;2
Zarah;427
Zaralee-rose;2
Zareena;2
Zarha;2
Zaria;3
Zarina;3
Zarisha;2
Zarra;2
Zarrah;2
Zarshal;2
Zasha;2
Zayna;3
Zaynab;2
Zaynah;2
Zeeba;2
Zeeva;2
Zehra;2
Zeina;3
Zeinab;2
Zelie;2
Zemyna;2
Zena;11
Zenab;2
Zenha;2
Zenitta;2
Zenouska;2
Zephyr;2
Zerlyni;2
Zeta;8
Zeva;2
Zewilla;2
Zhara;3
Zharabelle;2
Zhi;2
Zi;6
Zia;8
Zihang;2
Zillah;2
Zina;2
Zinaida;2
Zinb;2
Zipporah;3
Ziqi;2
Zisary;2
Zita;5
Ziva;3
Zivah;2
Zivana;2
Ziying;2
Zoe;577
Zoe-jane;2
Zoe-lee;2
Zoe-leigh;2
Zoe-louise;6
Zoe-mae;2
Zoe-may;2
Zoee;2
Zoeie;2
Zoelee;2
Zoeleigh;2
Zoey;601
Zoey-lee;2
Zofia;1203
Zofie;2
Zografia;2
Zoie;5
Zola;3
Zona;2
Zophia;2
Zora;2
Zornitca;2
Zosia;2
Zoya;5
Zsaria;2
Zselyke;2
Zulaikha;2
Zulaikhah;2
Zulema;2
Zulfa;2
Zuzanna;624
Zuzia;2
Zy-anne;2
Zyra;2
