A-jay;5
Aabel;2
Aadi;2
Aadil;2
Aahad;2
Aakash;2
Aamer;2
Aaoimhin;2
Aaran;5
Aarav;3
Aarin;3
Aaron;197
Aaron-jay;2
Aaron-john;2
Aaron-lee;2
Aaronn;2
Aarron;6
Aaryan;2
Aaryn;6
Aaryn-jack;2
Aayush;2
Abban;2
Abbey;2
Abd-alrzak;2
Abd-el-rahmen;2
Abdaljabbar;2
Abdallah;243
Abdallah-anes;2
Abdalrhman;2
Abdel-malek;2
Abdelghani;2
Abdelkareem;2
Abdellah;2
Abdelmageed;2
Abdelrahim;2
Abdelrahman;2
Abdihakim;2
Abdul;272
Abdul-jamal;2
Abdul-rahman;2
Abdulaziz;2
Abdulhameed;2
Abdulla;3
Abdullah;255
Abdulmoez;2
Abdulrahman;3
Abdulrauf;2
Abdulrhman;2
Abdur;2
Abduraheem;2
Abdurrahman;3
Abdurrhman;2
Abe;2
Abel;753
Abhinandan;2
Abhiram;2
Abhyudaya;2
Abimbola;2
Abir;2
Abraham;6
Abraheim;2
Abu;3
Aby;2
Achaleke;2
Adam;82
Adam-corbin;2
Adam-jackson;2
Adam-wray;2
Adamnan;2
Adas;2
Adbul;2
Addam;3
Addis;2
Addison;8
Adedipupo;2
Adee;3
Adel;2
Adem;2
Ademide;2
Aden;3
Adesola;2
Adetokunboh;2
Adham;5
Adhamh;8
Adhinath;2
Adiel;2
Adil;6
Adithya;2
Aditya;3
Adley;2
Adnan;5
Adomas;2
Adon;3
Adrian;2732
Adrianas;3
Adriano;2
Adrians;6
Adriel;2
Adrijanas;2
Adrijus;3
Advay;2
Adyson;2
Aed;2
Aedan;2240
Aedh;2
Aedhaghan;2
Aedyn;2
Aeneas;2
Aengus;3
Aeron;2
Affan;2
Afonso;3
Agam;2
Ahab;3
Aharon;2
Ahmad;238
Ahmed;1434
Ahnas;2
Ahsan;2
Aibhen;2
Aidan;874
Aidanas;2
Aidaras;2
Aidas;2
Aiden;3830
Aiden-john;2
Aidon;2
Aidyn;2
Aiham;2
Ailbe;2
Ailbhe;3
Ailill;6
Ailin;2
Aiman;3
Aimhirgin;2
Aimon;2
Aindriu;2
Ainius;2
Ainle;3
Ainsley;2
Aiodhan;2
Aiofen;2
Airanas;2
Airidas;5
Airiz;2
Aironas;6
Aisin;2
Aivaras;378
Aivinas;2
Aivis;2
Aj;378
Ajai;2
Ajay;625
Ajibola;2
Akachukwu;2
Akaolisa;2
Akash;9
Akhil;2
Akim;2
Akindele;2
Akinfolarin;2
Akio;2
Akira;2
Akram;2
Aksel;2
Akshat;3
Al-ameen;2
Al-mutasem-bil-lah;2
Alain;2
Alamin;2
Alan;2214
Alanas;2
Alans;2
Alasdair;12
Alashar;2
Alastair;1222
Alastar;2
Albara;2
Albert;938
Alberto;2
Albie;5
Albin;2
Alby;2
Alden;2
Aldo;2
Aldrich;2
Alec;1226
Alec-james;2
Aled;5
Alejandro;6
Alek;3
Aleks;3
Aleksander;1051
Aleksandr;3
Aleksandras;2
Aleksandrs;2
Aleksas;2
Aleksejs;2
Aleksi;2
Alekss;2
Alen;2
Alens;2
Alessandro;6
Alessio;2
Alex;1100
Alex-lee;2
Alexandar;2
Alexander;768
Alexandr;2
Alexandre;5
Alexandro;2
Alexandros;5
Alexandru;2
Alexis;3
Alexs;2
Alexsander;2
Alexzander;2
Alfi;2
Alfie;1136
Alfred;988
Alfredo;2
Alfy;3
Algirdas;2
Alhakam;2
Ali;1766
Ali-salem;2
Alick;2
Alin;2
Alistair;2948
Alistair-james;2
Alister;277
Alix;6
Aljon;3
Allan;221
Allastair;2
Alle;2
Allen;12
Allex;2
Allie;2
Allistair;3
Allister;584
Ally;14
Almanzo;2
Aln;2
Alonso;2
Alore;2
Aloysius;2
Alphy;2
Alroy;2
Altan;2
Alvin;697
Alvio;2
Alvyn;2
Alwin;2
Alwyn;6
Alwynn;2
Alyd;2
Amal;2
Aman;5
Amanth;2
Amar;2
Amara;2
Ambrose;2
Amerjeet;2
Amhairghin;2
Amhran;2
Amid;2
Aminali;2
Amine;2
Amir;9
Amirul;3
Amit;2
Ammar;3
Ammon;2
Amorino;2
Amos;3
Amr;3
Amreek;2
An;2
Anal;2
Anare;3
Anas;3
Anass;2
Ande;2
Andee;2
Anderson;2
Andras;2
Andre;996
Andreas;8
Andrei;5
Andreiuz;2
Andrej;3
Andrejs;2
Andres;2
Andrew;436
Andrew-craig;2
Andrew-derek;2
Andrew-elliot;2
Andries;2
Andrius;3
Andriy;2
Andrzej;2
Andy;813
Andzejs;2
Aneesh;2
Aneirin;2
Aneish;2
Aneurin;2
Angel;2
Angelo;9
Angus;3419
Anier;2
Aniketh;2
Anish;2
Anjolajesu;2
Anjum;2
Ankit;2
Annas;2
Annraoi;2
Anns;2
Anntoin;2
Anrai;2
Anraoi;3
Ans;2
Anshul;2
Anshuman;2
Anson;2
Antain;3
Antaine;5
Anthony;1417
Anthony-james;2
Anthony-reece;2
Anto;2
Antoin;2089
Antoine;9
Anton;2620
Antoni;902
Antonio;329
Antonios;2
Antony;954
Antxon;2
Anwar;2
Anwer;2
Aoab;2
Aoaye;2
Aodan;622
Aodghan;2
Aodh;633
Aodhan;1531
Aodhan-patrick;2
Aodhan-paul;2
Aodhdrian;2
Aodhfin;8
Aodhfionn;3
Aodhon;2
Aodhtan;2
Aogan;5
Aohdain;2
Aoidhan;2
Aonghus;2
Aoran;2
Apostolos;2
Arad;2
Arainn;2
Aran;768
Arann;2
Aras;5
Arash;2
Arberi;2
Archer;2
Archibald;359
Archie;1618
Arda;2
Ardal;5
Ardan;8
Arden;5
Ardghal;2
Ardhan;2
Aren;3
Arentas;3
Aretas;5
Argyll;2
Arhan;2
Ari;2
Arian;6
Arianas;2
Ariel;3
Arien;3
Arigon;2
Arihant;2
Arijus;2
Arin;2
Aringas;2
Aristotle;3
Arjay;2
Arjun;392
Arkadiusz;3
Arlan;2
Arlen;2
Arlin;2
Arlo;8
Armaan;3
Arman;2
Armandas;331
Armando-juzef;2
Armin;2
Arminas;3
Armindo;2
Armour;3
Armour-john;2
Arn;2
Arnas;390
Arnaud;2
Arnav;3
Arnold;3
Arohan;2
Aron;1499
Aronas;5
Aronn;2
Arran;783
Arren;3
Arron;561
Arryn;3
Arshdeep;2
Art;6
Artem;3
Arthur;1900
Artie;3
Artiom;2
Artjems;2
Artjoms;3
Artur;5
Arturas;2
Arturs;2
Arty;2
Arun;5
Arunas;3
Arvil;2
Arvin;5
Arvinas;2
Arvo;2
Arvydas;2
Aryan;399
Aryn;2
Arynn;2
Asa;3
Asan;2
Asante;2
Ascend;2
Aseel;2
Asef;2
Aseri;2
Ash;3
Ashaar;2
Ashden;5
Ashdon;2
Asher;395
Ashish;3
Ashkan;2
Ashlea;2
Ashlee;2
Ashley;3100
Ashon;2
Ashtin;2
Ashton;1099
Ashton-jack;2
Ashvin;2
Ashwin;3
Asif;3
Askhan;2
Aslan;2
Aspen;2
Assad-ullah;2
Aston;641
Astonas;2
Aswin;2
Atef;2
Athansios;2
Ather;2
Atlantis;2
Atticus;2
Attila;2
Aubaida;2
Aubrey;6
Audrius;2
Aughani;2
Augustas;6
Auguste;2
Augustine;5
Augustus;3
Aureli;2
Aurimas;3
Auron;2
Aurrel;2
Auryn;9
Austen;6
Austin;1919
Austyn;2
Avan;2
Avtar;2
Awab;3
Awley;2
Axel;11
Axl;3
Ayaan;3
Ayabonga;2
Ayaz;2
Aydan;2
Ayden;2
Aydin;6
Ayhem;2
Ayman;3
Aymen;2
Aymeric;2
Ayodamola;2
Ayodamope;2
Ayodeji;2
Ayomikun;2
Ayon;2
Ayooluwanimi;2
Ayrton;3
Ayuob;2
Ayush;2
Azaan;3
Azan;2
Azerson;2
Azizul;2
Azobair;2
Azur;2
Baba;2
Babar;2
Babatetisimi;2
Bai;2
Bailee;2
Bailey;1737
Bailey-jay;2
Bailey-john;2
Bailey-lee;2
Bailie;2592
Bailleigh;2
Baillie;8
Baily;2
Bairre;3
Baker;3
Bakri;2
Baley;2
Baltazarus;2
Banain;2
Baptiste;2
Bara;2
Baran;5
Bardia;2
Baris;2
Barnaby;2
Barney;11
Barra;1019
Barra-patrick;2
Barrai;3
Barrie;3
Barry;2343
Barry-lee;2
Bartek;2
Bartholomew;2
Bartley;2
Bartlomiej;6
Bartosz;1366
Bashir;2
Basil;8
Bauer;2
Baxter;3
Baylee;3
Bayley;12
Bayliss;3
Bazyli;2
Bear;2
Bearnard;2
Beau;727
Beaux;2
Bebhinn;2
Beck;2
Behshad;2
Beineon;2
Belal;3
Ben;254
Ben-judah;2
Ben-kai;2
Ben-lee;2
Benaiah;6
Benas;674
Bence;2
Bendigaid;2
Benedek;2
Benedict;540
Benedikt;2
Benediktas;2
Beniamin;2
Benignus;3
Benito;6
Benjamen;2
Benjamin;530
Benjemin;2
Benji;3
Benn;1164
Bennet;2
Bennett;2
Benny;3
Benon;2
Bensen;2
Benson;2
Bentley;5
Benton;2
Beoan;2
Beon;2
Beppe;2
Bernard;2786
Bernardo;5
Bernie;3
Bertie;3
Bertram;2
Berty;2
Bevan;3
Bhargav;2
Bhuvanesh;2
Bi;2
Bilaal;2
Bilal;3
Biljo;2
Bill;3
Bill-cameron;2
Billy;3022
Billy-jake;2
Billy-joe;6
Billyjoe;2
Bimurto;2
Binto;2
Bishwa;2
Bismarck;2
Biveshmurari;2
Bjanas;2
Bjorni;2
Blade;2
Bladen;2
Blain;249
Blaine;2659
Blair;1023
Blaise;3
Blake;2062
Blake-paul;2
Blakein-lee;2
Blane;12
Blayne;8
Blayney;2
Blayr;2
Blaze;2
Bliain;5
Bo;2
Boaz;2
Bob;5
Bobbi;8
Bobbi-jo;2
Bobbie;12
Bobby;1856
Bobby-dee;2
Bobby-gee;2
Bobby-jack;5
Bobby-james;2
Bobby-jay;2
Bobby-joe;3
Bobby-john;2
Bobby-lee;3
Bobby-shea;2
Bobby-todd;2
Bobin;2
Boden;2
Bodhi;2
Bodhisattva;2
Bogomil;2
Bok;2
Bolivar;2
Boluwaji;2
Boluwatife;2
Bonamor;2
Bonzinyah;2
Borenyi;2
Boris;6
Borys;389
Bosco;5
Bowei;2
Bowen;2
Boyd;9
Boye;2
Bracken;3
Brackyn;2
Brad;1498
Bradan;387
Bradden;2
Braden;5
Bradey;2
Bradford;2
Bradlee;305
Bradley;1412
Bradley-jay;2
Bradly;6
Brady;876
Bradyn;2
Braedan;3
Braeden;2
Braedon;2
Braidai;2
Braidan;3
Braiden;12
Braidyn;2
Braidyn-lee;2
Braijens;2
Brajan;6
Brajanas;2
Braklee;2
Bram;2
Branan;9
Brandan;693
Brandan-lee;2
Branddon-lee;2
Branden;6
Brandon;1243
Brandon-lee;240
Brandyn;5
Brannan;3
Brannon;6
Branon;2
Braonan;3
Braxton;2
Bray;2
Brayan;2
Brayden;344
Braydon;2
Breagh;3
Breanainne;2
Breandain;2
Breandan;1109
Breanden;2
Breaninn;2
Breannain;2
Breannan;3
Breaslan;2
Breen;2
Breifne;3
Brenainn;6
Brenan;2
Brendan;1694
Brendan-joseph;2
Brendan-lee;2
Brenden;2
Brendon;2
Brenn;2
Brennan;12
Brenner;2
Brenog;2
Brent;253
Brenton;3
Bret;5
Brett;1967
Bretton;2
Breyden;2
Briain;2
Brian;1747
Brian-og;2
Brian-paul;3
Brice;3
Brion;2
Brocan;2
Broccan;2
Brodee;2
Brodi;2
Brodie;2016
Brody;1523
Brogan;2952
Broghan;6
Broklyn-lee;2
Bronan;2
Bronson;3
Brook;6
Brooke;3
Brookes;2
Brooklyn;2742
Brooklyn-lee;3
Brosnan;2
Bruce;918
Bruno;8
Bryan;3526
Bryant;3
Bryce;637
Brylee;2
Bryn;1189
Brynfor;2
Bryson;6
Buadan;2
Buddy;2
Bukata;2
Bunyamin;2
Burhan;2
Byrn;2
Byron;890
C-jay;3
Cabena;2
Cabhan;392
Cadan;275
Cade;5
Cadell;2
Caden;1199
Cadence;2
Cadhan;1001
Cadhen;2
Cadhla;2
Cadmean;2
Caedan;6
Caeden;3
Caedin;2
Caedon;2
Caedyn;2
Cael;11
Caelainn;6
Caelam;3
Caelan;2814
Caelean;2
Caeleb;3
Caelem;3
Caelen;3
Caelhafiz;2
Caelian;2
Caelim;3
Caelin;9
Caellach;2
Caellum;2
Caeloin;2
Caelon;2
Caelum;395
Caelyn;2
Caemgen;2
Caeolan;2
Cagdas;2
Cahain;2
Cahair;6
Cahal;1835
Cahan;15
Cahar;2
Cahil;3
Cahir;2417
Cahoair;2
Cai;1285
Caid;2
Caidan;963
Caide;3
Caiden;1317
Caidhan;2
Caidin;392
Caidon;2
Caidyn;2
Caihar;2
Cailaim;2
Cailain;2
Cailam;6
Cailamh;2
Cailan;6
Cailean;2176
Cailen;2
Cailian;2
Cailim;9
Cailin;12
Cailium;2
Caillin;9
Caillum;3
Cailum;1561
Cailym;2
Caimin;3
Cain;2896
Cainan;8
Caine;9
Cainn;2
Cainnech;2
Caio;2
Caiolan;2
Caiolin;2
Caiomhan;2
Caionn;5
Cairan;5
Cairbre;2
Cairon;2
Caislin;2
Caius;2
Cal;2938
Calam;6
Calan;6
Cale;5
Calean;2
Caleb;1422
Calebh;2
Calem;5
Calen;3
Caleum;2
Caley;2
Calian;2
Calidore;2
Califf;3
Calin;5
Calium;2
Calladan;2
Callagh;2
Callaghan;2
Callam;5
Callan;2390
Callaum;2
Callen;3
Callin;2
Calliste;2
Callistus;2
Callium;2
Callub;2
Callum;297
Callum-james;2
Callum-tyler;2
Calon;2
Calub;2
Calum;1214
Calumn;2
Calvin;2073
Calvyn;2
Calyb;2
Calym;3
Calyn;2
Camaron;2
Cambell;2
Camden;2
Cameron;614
Cameron-lee;2
Cameryn;2
Campbell;322
Camrin;2
Camron;8
Camryn;9
Camryn-lee;2
Can;2
Canaan;3
Caner;2
Canice;392
Caodain;2
Caodhan;936
Caodhin;3
Caoelain;2
Caogain;2
Caogan;2
Caohlin;2
Caoidain;2
Caoidhan-jack;2
Caoihmin;2
Caoilan;5
Caoilean;2
Caoileann;2
Caoilfhionn;3
Caoilim;3
Caoilin;6
Caoilinn;8
Caoillfhionn;2
Caoilshionn;2
Caoilte;681
Caoilum;2
Caoimhain;3
Caoimhan;14
Caoimhe;2
Caoimhghin;9
Caoimhian;2
Caoimhin;1837
Caoimhin-john;2
Caoimhinn;2
Caoimhlin;2
Caoinhin;2
Caol;2
Caolain;280
Caolam;17
Caolan;660
Caolan-jo;2
Caolann;6
Caolem;2
Caolen;2
Caoliam;2
Caolian;2
Caolim;3
Caolin;1014
Caolinn;2
Caollin;2
Caolom;3
Caolon;6
Caolum;14
Caomh;2
Caomhan;2833
Caomhin;6
Caomhon;2
Caomihin;2
Caothan;2
Cardell;2
Carey;2
Carl;2442
Carleton;2
Carlin;6
Carlisle;2
Carlo;665
Carlos;407
Carlton;6
Carmelo;2
Carraig;6
Carrick;3
Carrington;2
Carson;2002
Cartar;2
Carter;1663
Carter-james;3
Carter-jay;2
Carter-kai;2
Carter-lee;5
Carthach;2
Carthan;2
Cartland;2
Carwyn;2
Cas;2
Casen;2
Casey;2237
Casey-lee;2
Cash;5
Cashel;3
Casin;2
Caspar;5
Casper;6
Caspian;2
Cassan;2
Cassey;2
Cassidy;2
Cassius;3
Castiel;2
Castro;2
Catha;2
Cathail;3
Cathain;5
Cathaior;2
Cathair;3062
Cathal;1598
Cathan;1555
Cathaoir;2496
Cathir;5
Causantin;2
Cavan;9
Cavien;2
Cavin;2
Caydan;5
Cayden;819
Caydn;2
Caylin;2
Cead;3
Ceadach;2
Ceadan;3
Ceaden;2
Ceairnan;2
Cealan;6
Cealef;2
Ceallach;2
Cealum;2
Cealyn;2
Cealyne;2
Cebrail;2
Cecil;3
Cedric;6
Cee-jay;3
Ceejay;2
Ceilan;2
Ceilum;2
Cein;11
Ceiran;2
Ceolan;2
Ceollum;2
Ceran;3
Cesar;2
Cesc;2
Chace;2
Chad;1194
Chaeremon;2
Chaiolfhionn;2
Chance;3
Chandler;6
Chang;2
Channon;2
Chao-wei;2
Charles;1495
Charles-johnston;2
Charley;2071
Charley-lee;2
Charlie;967
Charlie-iain;2
Charlie-jacob;2
Charlie-jai;2
Charlie-joe;2
Charlie-michael;2
Charlton;3
Charly;307
Chase;387
Chaveze;2
Chax;2
Chayce;2
Che;2642
Chea;3
Chee;3
Chei;2
Chen;2
Cheng;2
Chesney;5
Chester;5
Chetachukwu;2
Chetan;2
Cheuk;2
Cheyne;2
Chi;6
Chi-fung;2
Chi-hang-lawrence;2
Chi-ming;2
Chi-ying;2
Chidiebere;2
Chidubem;2
Chika;2
Chilosia;2
Chin;3
Chinasa;2
Chinedum;2
Ching;2
Chipundu;2
Chormaic;2
Chris;1494
Chriskevin;2
Chrisopher;2
Christiaan;2
Christian;2138
Christie;279
Christien;3
Christin;2
Christo;5
Christophe;2
Christopher;489
Christopher-james;2
Christopher-john;2
Christopher-lee;2
Christopher-mart;2
Christopher-patrick;2
Christopher-ryan;2
Christophoros;2
Christos;3
Christy;1515
Chrystian;2
Chu-ming;2
Chukelu;2
Chukwudumebi;2
Chukwuemeka;2
Chukwuzitalu;2
Chun;8
Chun-on;2
Chun-tim;2
Chung;5
Chung-man;2
Ciabhan;6
Ciagan;2
Cialan;2
Cialim;2
Ciall;2
Ciamin;2
Cian;1614
Cian-daire;2
Cianain;3
Cianan;1194
Cianian;2
Cianin;2
Ciannan;2
Ciarain;3
Ciaran;617
Ciaran-joseph;2
Ciaran-joshua;2
Ciaran-og;2
Ciaran-tomas;2
Ciaranin;2
Ciaranog;2
Ciarnan;1285
Ciaron;771
Ciaron-og;2
Ciarstan;2
Ciefer;2
Ciel;2
Cieran;2
Cieron;2
Cillein;3
Cillene;8
Cillian;2198
Cillin;8
Ciobhan;2
Ciomhan;2
Cion;2
Cioran;2
Cj;5
Clarence;2
Clark;625
Clarke;2183
Clarkson;2
Claude;2
Claudio;3
Claytan;2
Clayton;284
Clement;5
Clepson;2
Cleveland;2
Clifford;271
Clint;5
Clinton;6
Clive;8
Clyde;3
Coadhan;2
Coailfhinn;2
Coailiann;2
Coaimhne;2
Coalain;3
Coalan;3
Coalin;2
Coalter;2
Coan;5
Coanall;2
Coary-lee;2
Coben;3
Cobi;5
Cobie;3
Coby;969
Codah;2
Codai;2
Codee;2
Codey;11
Codhan;2
Codhran;2
Codi;8
Codie;1630
Cody;2407
Cody-john;2
Cody-lee;8
Cody-ryan;2
Cody-stefan;2
Codylee;2
Coehan;2
Coel;3
Coen;297
Cohan;393
Cohdy;2
Cohen;1642
Cohlin;2
Cohn;2
Coilean;3
Coilin;6
Coire;2
Coist;337
Colan;3
Colbey;5
Colby;1069
Cole;1534
Coleton;2
Colin;2821
Colin-william;2
Colla;5
Collin;2
Collum;5
Colm;2490
Colman;2
Colmcille;3
Colt;3
Coltan;2
Colter;2
Colton;2
Colum;1462
Colum-og;2
Columba;2
Columbo;2
Colwyn;2
Comghall;2
Comghan;2
Comhan;2
Comhghall;6
Comhghall-barthley;2
Comhghan;2
Comhrai;2
Comhraidh;2
Con;9
Conail;9
Conaill;488
Conain;2
Conair;2
Conaire;900
Conaire-og;2
Conal;1995
Conall;1354
Conallain;2
Conan;1917
Conaran;2
Conchar;2
Conchobhar;5
Conchoir;2
Conchor;223
Conchubar;2
Conchuir;6
Conchur;1101
Concobhar;3
Conel;2
Conelath;2
Conell;2
Conen;2
Conghaile;3
Conghal;2
Conghale;2
Conhair;2
Conhuir;2
Conill;2
Conin;2
Conla;3
Conlaed;6
Conlai;2
Conlaith;5
Conlan;17
Conlaoch;5
Conlaodh;2
Conlaoi;2
Conleith;12
Conleth;1820
Conley;2
Conlin;3
Conlith;3
Conlon;5
Conn;2871
Connaill;2
Connaire;558
Connaith;2
Connal;6
Connall;15
Connan;5
Connar;2
Connchuir;2
Connel;9
Connell;795
Conner;8
Conneth;2
Connla;341
Connlach;2
Connladh;2
Connlagh;2
Connlai;2
Connlaith;2
Connlan;3
Connlaodh;311
Connlaoi;6
Connlaoth;286
Connolly;9
Connoly;2
Connor;794
Connor-james;2
Connor-pearse;2
Connorlee;2
Conor;113
Conor-luke;2
Conrad;1799
Conran;2
Conree;2
Conri;2
Consaidin;2
Constantin;2
Conuil;5
Cooke;3
Cooper;1146
Corai;5
Coraigh;3
Coran;1284
Corann;2
Corban;6
Corben;5
Corbhin;2
Corbin;305
Corbyn;6
Cordell;3
Core;3
Coree;2
Corey;855
Corey-bradan;2
Corey-dede;2
Corey-jay;5
Corey-lee;6
Corey-ryan;2
Corey-sean;2
Cori;352
Cori-joel;2
Cori-lee;2
Corie;9
Corin;1852
Corleone;2
Cormac;912
Cormac-tiernan;2
Cormaic;8
Cormick;5
Cormoc;2
Cornel;2
Cornelius;3
Corrado;2
Corran;392
Corren;2
Correy;8
Corri;3
Corrick;3
Corrie;1052
Corrie-lee;2
Corrig;2
Corrin;2
Corry;5
Corsten;2
Cort;3
Corum;3
Corwin;2
Cory;2564
Cory-lee;5
Coryn;2
Costas;2
Coulter;2
Courtney;5
Coyce;2
Craig;1848
Crawford;11
Creage;2
Cree;2
Criofan;2
Criomhthann;5
Criostai;3
Criostan;3
Criostoir;355
Crisanto;2
Crisson;2
Cristan;2
Cristian;304
Cristiano;5
Cristin;2
Cristobal;2
Cristoir;2
Cronan;5
Cronan-ernesto;2
Crory;2
Crue;2
Cruiz;2
Cruz;922
Cruze;2
Cu-mhara;2
Cuan;706
Cuann;2
Cuchulain;2
Cuilin;2
Cuillin;2
Culainn;2
Culann;309
Cullain;2
Cullan;3
Cullen;6
Cumhai;2
Cumhara;2
Cumil;2
Cunla;2
Curran;2
Curt;3
Curtess;2
Curtis;1282
Curtis-jamie;2
Curtis-jay;2
Curtis-lee;3
Curtiz;2
Curtus;2
Cyle;2
Cyledrich;2
Cyllain;2
Cynan;2
Cynric;2
Cyon;2
Cyprian;3
Cyril;3
Cyrus;8
D-jay;3
Daanyaal;5
Dabhag;2
Dabhan;3
Dachi;2
Dade;2
Daegan;3
Daegon;2
Daelan;2
Daelson;2
Daemon;2
Dafydd;2
Dagan;3
Daghan;2
Dahln;2
Daibh-ag;2
Daibhai-og;2
Daibhan;2
Daibhi;5
Daibhid;3
Daigen;2
Daighre;2
Daimhin;9
Daimin;2
Daine;3
Daineal;5
Dainius;2
Dainton;3
Dairagh;2
Daire;1408
Dairidas;2
Dairis;2
Dairmuid;5
Daithi;1925
Dakota;3
Dalach;2
Dalaigh;2
Dalan;3
Dale;2700
Daley;5
Dallan;347
Dallin;2
Dalmare;2
Dalton;15
Daly;3
Dalziel;2
Damhan;393
Damhlaic;2
Damhnaic;3
Damian;2753
Damien;3307
Damon;289
Dan;2087
Danaan;5
Danan;2
Danann;387
Dane;1019
Dangelo;2
Daniaal;2
Danial;3
Daniel;97
Daniel-joseph;3
Daniel-kieran;2
Daniel-lee;2
Daniel-shae;2
Daniel-thomas;2
Daniel-william;2
Daniele;2
Danielis;3
Danielius;362
Daniell;2
Daniels;6
Daniil;2
Danil;3
Danila-ernest;2
Danish;2
Danius;2
Dann;2
Dannan;5
Dannie;2
Dannin;5
Dannon;2
Danny;2339
Danny-allen;2
Danon;2
Dante;399
Danyal;2
Danyl;332
Danyon;2
Dar;2
Dara;1658
Darach;966
Daragh;2426
Daragh-leigh;2
Darah;2
Daraigh;2
Darasin;2
Darby;5
Darcy;648
Daren;5
Darian;3
Darie;3
Darien;3
Dario;3
Daris;3
Darius;15
Dariush;3
Darnel;2
Darnell;5
Darra;6
Darrach;8
Darragh;832
Darragh-lee;2
Darrah;2
Darrai;2
Darral;2
Darran;12
Darreen;2
Darrel;8
Darrell;485
Darren;1603
Darren-jay;2
Darrien;2
Darrin;2
Darron;2
Darryl;2509
Darryll;3
Darryn;5
Darshan;2
Darwen;2
Darwin;5
Darwyn;3
Dary;2
Daryl;3292
Daryll;3
Daryn;6
Dashiell;2
Dathan;2
Datu;2
Daultagh;2
Davagh;2
Davan;2
Daven;2
Davey;2
David;348
David-emmett;2
David-james;2
David-lee;2
David-morgan;2
Davide;3
Davik;2
Davin;258
Davis;6
Davog;9
Davon;2
Davor;2
Davy;3
Davyd;2
Dawid;643
Dawood;2
Dawson;1826
Dawud;2
Dayle;5
Daylen;2
Dayne;2
Dayton;2
Dayyan;2
Deaclan;2
Deacon;11
Deaghlain;2
Deaghlan;9
Deaglan;2036
Dean;1320
Dean-lee;2
Deandre;2
Deane;551
Dearcan;2
Deasmhumhnach;2
Deasun;2
Deaten;2
Deavan;2
Debhan;2
Declan;1347
Declon;2
Dee;3
Deejay;5
Deen;2
Deene;2
Deesel;2
Deibhlin;2
Deilanas;2
Deilas;3
Deimantas;3
Deimonas;3
Deion;3
Deiridas;2
Deisel;2
Deiter;2
Deividas;8
Deivids;3
Deivis;2
Deivs;2
Delaney;5
Delano;2
Delfin;2
Deljith;2
Demetri;2
Demir;2
Demitri;2
Demos;2
Denas;6
Denbeigh;2
Dene;2
Denico;2
Denijs;2
Denis;2297
Denisas;3
Denislav;2
Deniz;2
Denley;2
Dennis;832
Dennison;2
Denny;2
Denver;1388
Denvir;2
Denzel;8
Denzil;2
Deon;554
Deonis;2
Derek;287
Derek-jay;2
Derice;2
Derin;2
Dermot;2386
Dermot-og;2
Dermott;6
Derren;3
Derrick;2
Derrien;2
Derrin;2
Deryk;2
Deryn;2
Des;2
Desi-lee;2
Desmond;1404
Dessie;2
Devan;2
Devane;2
Devaughn;2
Deven;2
Devendra;2
Devin;516
Devinn;2
Devlin;3
Devlyn;2
Devon;2080
Devran;3
Devrim;2
Devyn;3
Dewan;2
Dewi;2
Dewi-john;2
Dexter;1009
Dhanush;2
Dharesh;2
Dhevbragadeesh;2
Dhillon;3
Dhruv;5
Dian;2
Diarmaid;455
Diarmait;3
Diarmid;2
Diarmoid;2
Diarmuid;2703
Diathi;2
Diaz;2
Dibon;2
Diego;396
Diekololaoluwa;2
Diesel;8
Dijaras;2
Dilan;3
Dilanas;5
Dilbag;2
Dildeep;2
Dilion;2
Dillan;562
Dillen;2
Dillion;3
Dillon;2194
Dilon;2
Dilonas;2
Dimitar;2
Dinis;2
Dino;5
Diogo;333
Diolain;3
Dion;1664
Dior;2
Dirk;2
Divanio;2
Divine;2
Divjot;2
Dixon;2
Dj;2
Djason;2
Djay;2
Djovani;2
Dmitri;2
Dmitrij;2
Dmitry;2
Dobromir;2
Doilain;2
Doiminic;2
Doire;2
Domantas;2
Domas;779
Domhnal;2
Domhnall;758
Dominic;2639
Dominick;3
Dominik;1133
Dominikas;2
Dominiks;2
Dominykas;1000
Domnic;2
Don;282
Donach;3
Donacha;3
Donagh;11
Donal;2424
Donald;6
Donall;12
Donard;3
Donatas;2
Donatello;2
Donavon;2
Dong;2
Dongzhou;2
Donn;2
Donnabhan;2
Donnaca;2
Donnacadh;2
Donnach;359
Donnacha;735
Donncha;1280
Donnchad;2
Donnchada;2
Donnchadh;352
Donnie;3
Donny;2
Donogh;2
Donovan;567
Dontay;2
Doolin;2
Dorian;3
Dougie;3
Douglas;252
Dovas;3
Dovidas;2
Dovydas;363
Doyle;2
Drake;2
Drasius;2
Draven;2
Dre;2
Dree;2
Drew;3123
Dries;2
Dru;2
Druhan;2
Druktas;2
Dthaniel;2
Dualta;313
Dualtach;8
Dualtagh;2
Duane;6
Duarte;2
Dubaltach;2
Dubhalta;2
Dubhaltach;6
Duffy;3
Duke;2
Duncan;481
Dune;2
Dustin;3
Dwaine;3
Dwayne;12
Dwight;2
Dwyer;2
Dwylan;2
Dyante-logan;2
Dylan;174
Dylan-james;2
Dylan-lee;3
Dylan-reece;2
Dylan-thomas;2
Dylanas;2
Dylin;3
Dyllan;2
Dyllon;2
Dylon;280
Dylyn;2
Dzeisons;2
Dziugas;2
Eachan;2
Eagan;2
Eamann;8
Eammon;3
Eamon;2492
Eamonn;2681
Eamonn-og;2
Eamonnog;2
Eanan;3
Eanna;6
Earl;3
Earnan;2
Eason;2
Eathain;2
Eathan;316
Eathen;2
Eaton;2
Eben;386
Ebhan;2
Echlin;2
Edan;8
Edas;3
Eddi;2
Eddie;1265
Eddy;3
Eden;8
Edgar;3
Edgaras;5
Edison;6
Edmilson;3
Edmond;5
Edmund;349
Edsel;2
Edson;2
Eduardo;2
Edvardas;2
Edvinas;3
Edward;1993
Edward-og;2
Edwin;701
Edwyn;2
Eesa;2
Efe;5
Efian;2
Efstathios;2
Egan;3
Ehigie;2
Ehsan;2
Ehsas;2
Eibhin;2
Eidminas;2
Eifin;2
Eigirdas;2
Eimantas;5
Eimeid;5
Eimhin;9
Eimonas;2
Einius;2
Eino;2
Einri;3
Eion;3
Eiothan;2
Eironas;2
Eisle;2
Eithan;5
Eithen;2
Eivenas;2
Eivydas;2
Ekin;2
Elan;5
Eldon;2
Elgious;2
Eli;1387
Eliah;2
Elias;727
Elidon;2
Elijah;1566
Elijah-james;2
Elijas;2
Eliot;6
Elis;2
Elisei;2
Elisha;3
Eliyah;2
Elliot;2806
Elliott;3033
Ellis;2032
Ellis-jay;2
Ellys;2
Elmokhtar;2
Elorm;2
Elroy;2
Elton;2
Elvin;2
Elvinas;2
Elvis;3
Ely;2
Elyes;2
Elys;2
Elzivor;2
Emanuel;2
Emeka;2
Emel;2
Emerson;2
Emiddio;2
Emil;5
Emile;2
Emilijus;5
Emilis;390
Emils;2
Emin;3
Emlyn;3
Emmanuel;961
Emmet;2623
Emmett;2879
Emre;9
Emrys;2
Enan;3
Enda;2986
Enda-og;2
Enoch;3
Enosh;2
Enowomwanrie;2
Enri;2
Enrico;3
Enrikas;2
Enzo;8
Eoen;2
Eogan;6
Eoghain;1377
Eoghan;1125
Eoghan-jack;2
Eoghan-rua;2
Eoighain;2
Eoighan;12
Eoighann;2
Eoin;429
Eoin-barra;2
Eoin-roe;2
Eolan;3
Eolann;5
Eonan;2
Eorann;2
Ephraim;5
Ephram;2
Ephrem;2
Eran;2
Eremia;2
Eren;2
Eric;2035
Erick;5
Erik;306
Erikas;296
Erin;5
Erjon;2
Erlandas;2
Ernan;2
Ernest;8
Ernestas;5
Ernie;3
Ernis;2
Errol;2
Ervin;2
Ervinas;2
Erwan;2
Erwin;3
Eryk;652
Esa;2
Esekaia;2
Eshan;2
Eshraq;2
Esli;2
Ethain;3
Ethan;267
Ethan-tristan;2
Ethann;2
Ethein;3
Ethen;11
Ethian;3
Ethin;2
Euain;2
Euan;2291
Euen;2
Eugene;2174
Eunan;2983
Eurelijus;2
Evan;1763
Evin;11
Evon;2
Evren;3
Evyn;2
Ewan;1766
Ewen;6
Ewin;2
Eyad;2
Eythan;3
Ezekiel;3
Ezequiel;2
Ezer;2
Ezio;2
Ezra;8
Fabian;1012
Fabien;6
Fabio;6
Fabrice;2
Fachtna;2
Faelan;5
Fahad;3
Fahd;2
Fahlin;2
Fahreddin;2
Faiq;2
Faisal;2
Faith;2
Faiz;2
Fakhri;2
Fan;2
Fang;3
Faolan;302
Faolyn;2
Farbod;2
Fares;2
Fariq;2
Faris;5
Farok;2
Farooq;2
Farouq;2
Farris;2
Farron;3
Fateh;2
Fatlum;2
Faustas;5
Fayd;2
Feargal;524
Fearghail;2
Fearghal;2322
Fearghall;5
Fearghas;2
Fearghus;5
Feargus;5
Fechin;2
Feidhelm;3
Feidhilim;2
Feidhlim;294
Feilim;3
Felim;5
Felipe;2
Felix;1825
Feng;2
Fenton;3
Fer-diad;2
Ferdia;11
Fergal;2802
Ferghal;8
Fergus;3163
Fernandes;2
Fernando;8
Fiachna;5
Fiachra;2295
Fian;2
Fiedhlim;2
Filip;678
Finan;6
Finbar;1831
Finbarr;12
Finch;2
Findlay;6
Findley;2
Finghin;2
Finian;5
Finlay;1468
Finley;1729
Finley-jay;2
Finn;1759
Finnan;11
Finnbar;9
Finnbarr;9
Finnen;334
Finnian;350
Finnin;2
Finnlay;2
Finnley;2
Finntan;2
Finntoin;2
Fintan;2444
Fintan-patrick;2
Finton;3
Finucane;2
Fiodor;2
Fion;2
Fionan;612
Fionn;1503
Fionn-barr;2
Fionnan;924
Fionnbar;9
Fionnbarr;3
Fionnbarra;3
Fionnbhar;2
Fionnbharr;277
Fionnlach;2
Fionnlagh;2
Fionntain;2
Fionntan;3464
Fiontain;2
Fiontan;1639
Firas;2
Flann;2
Fletcher;393
Flinn;3
Flionn;2
Floyd;2
Flyn;3
Flynn;2154
Foinntan;2
Foncey;2
Forbes;2
Ford;2
Forrest;3
Foster;2
Fouad;2
Frainc;2
Fran;2
France;2
Frances;2
Francesco;2
Francey;2
Francie;6
Francis;2227
Francis-michael;2
Francisco;301
Franciszek;645
Franco;2
Francois;2
Frank;1594
Frankie;1457
Franklin;2
Franklyn;2
Franky;3
Franz;3
Franzelino;2
Fras;2
Fraser;1418
Frasier;2
Fraszer;2
Frazer;2162
Frazier;5
Fred;6
Freddie;1267
Freddy;9
Frederic;5
Frederich;2
Frederick;2544
Frederik;2
Fredrick;3
Fritz;2
Fu-an;2
Fuad;2
Fyfe;2
Fynn;662
Fynnlay;2
Ga;2
Ga-sengh;2
Gabhan;5
Gabriel;3036
Gabrielis;2
Gabrielius;3
Gabriels;2
Gabryel;2
Gaelan;2
Gaelen;2
Gaelyn;2
Gaffer;2
Gagan;2
Gage;6
Gair;2
Gairiad;2
Gajus;2
Galen;2
Gallen;2
Galvin;2
Gara;2
Garbhan;958
Gareth;1916
Garett;2
Garfield;2
Garion;2
Garith;2
Garoid;2
Garret;3
Garreth;5
Garrett;601
Garrick;2
Garron;2
Garry;561
Garth;523
Garvan;5
Garvey;2
Garvin;3
Gary;1857
Gary-lee;3
Gary-owen;2
Garyn;2
Gaurav;3
Gauvin;2
Gavan;6
Gavin;2261
Gearalt;2
Gearard;3
Geard;2
Geariod;2
Gearoid;937
Gedas;2
Gediminas;2
Geert;2
Gene;3
Geneyuri;2
Genovino;2
Geoff;2
Geoffrey;279
Geordan;5
Geordie;6
George;1816
Georgi;2
Georgie;5
Georgie-lee;2
Georgiy;2
Ger;324
Gerald;1473
Gerard;1603
Gerard-lee;2
Geread;2
Gergely;2
Gerhard;2
Geroid;3
Gerrard;5
Gerry;365
Gershom;2
Gervaise;2
Gerwyn;2
Gethin;5
Ghasan;2
Gheorghe;2
Ghermiel;2
Gian;3
Giancamillo;2
Giancarlo;2
Gianluca;8
Gianmarco;2
Gianni;3
Gibson;2
Gideon;6
Giedrius;2
Gien;2
Gil;2
Gilan;2
Gilbert;2
Gilby;2
Gilen;2
Giles;271
Gilleasbuig;2
Gillon;2
Gilvanio;2
Gino;9
Gio;2
Giordain;2
Giordano;2
Giorgio;2
Gioroid;2
Giovanio;2
Giovanni;301
Giuliano;2
Giuseppe;2
Gleb;2
Glen;2832
Glendon;2
Glenn;1982
Glenn-tyler;2
Glyn;277
Glynn;3
Gnanvome;2
Godwin;3
Golan;2
Golden;2
Goncalo;5
Gorav;2
Gordon;563
Gower;2
Gracjan;3
Graeme;705
Graham;2225
Grahame;3
Graiden;2
Grant;1323
Grantas;2
Graydon;2
Grayson;2
Greame;2
Greg;288
Gregg;11
Gregor;280
Gregory;1311
Greig;3
Griffin;3
Groshvin;2
Gruffydd;2
Grzegorz;2
Guan-hong;2
Guilherme;6
Guiseppe;2
Guo-liang;2
Gurdas;2
Gurdep;2
Gurdev;2
Gurmel;2
Gurpartap;2
Gurshick;2
Gurteag;2
Gus;6
Gustas;393
Gustaw;2
Guy;590
Gvidas;2
Gytis;2
Haadhi;2
Habib;2
Hadwyn;2
Hadyn;5
Haider;2
Haidyn;2
Hakan;3
Hakim;2
Hakime;2
Hal;6
Hamad;2
Hamam;2
Hamed;2
Hamilton;2
Hamish;521
Hammaad-ullah;2
Hammad;2
Hamza;8
Hamzah;6
Han;3
Hang;3
Hani;2
Hanin;2
Hanley;2
Hao;6
Haojia;2
Haoye;2
Haran;2
Hardish;2
Hari;3
Haris;6
Harison;3
Harith;2
Harland;2
Harlee;2
Harlem;2
Harley;1410
Harley-jay;2
Harlow;2
Harold;5
Haroldas;5
Haroon;2
Haroun;2
Harper;2
Harrey;2
Harri;3
Harrie;2
Harris;1094
Harrison;2255
Harrison-james;2
Harry;522
Harshan;2
Harshith;2
Harvae;2
Harvey;1692
Harvey-lee;2
Harvie;2
Harvinder;2
Harvir;2
Harvye;2
Hasaminaul;2
Hasan;8
Hasanain;2
Haseeb;2
Hasely;2
Hashim;2
Hashomer;2
Hassan;282
Hassen;2
Haydan;3
Hayden;2242
Haydn;369
Haydon;8
Haydyn;2
Hazem;2
Heath;5
Heaven;2
Hector;6
Helmi;2
Hendrix;2
Heng;3
Hengxin;2
Henley;3
Henri;6
Henrico;2
Henrik;3
Henrikas;3
Henrique;3
Henry;2066
Henryk;2
Herbert;5
Herbie;2
Herve;2
Hilton;3
Himal;2
Hiram;2
Hisham;2
Hiu;2
Hiudai;2
Ho;8
Ho-man;2
Hoa-lam;2
Hobie;2
Hogan;2
Hok;2
Hol-fung;2
Holden;2
Holdyn;2
Holt;2
Hong;3
Horatio;3
Horia;2
Houston;6
Hrithik;3
Hubert;1031
Hudai;2
Hudson;6
Hugh;2683
Hugh-kevin;2
Hugh-patrick;2
Hughie;3
Hugo;2032
Huidi;2
Hujras;2
Humberto;2
Hummad;2
Hunter;384
Husain;2
Husam;3
Husam-edine;2
Hussain;3
Hussam;2
Huugo;2
Huw;3
Hywel;2
Iago;2
Iain;1423
Iaith;2
Ian;2483
Ian-alexander;2
Iarfhlaith;2
Iarla;5
Iarlaith;402
Iarlath;2
Ibraheem;3
Ibrahem;3
Ibrahim;789
Iderade;2
Idhant;2
Idin;2
Idir;2
Idris;2
Ieaun;2
Iestyn;3
Ieuan;349
Ifan;2
Ifaz;2
Ifeoluwa;2
Ignacy;2
Ignas;5
Ignatius;2
Igor;885
Ihsan;2
Ijssel;2
Ike;3
Ikechukwu;2
Ilie;2
Ilja;2
Illan;2
Ilya;3
Ilyas;3
Ilyes;3
Imaad;2
Iman;2
Imran;6
Inaki;2
Inigo;2
Inis;2
Innes;2
Ioan;3
Ioan-daniel;2
Ioannis;2
Ionel;2
Iordanis;2
Irwin;2
Isa;5
Isaac;1715
Isac;2
Isaiah;9
Isak;2
Ishaan;2
Ishmael;2
Ishola;2
Ishtaq;2
Isikeli;2
Isimeli;2
Islam;3
Ismael;2
Ismail;2
Israel;3
Issac;5
Itan;2
Itchelle;2
Iulian;2
Ivan;652
Iwan;2
Iyanuoluwa;2
Iyinoluwa;2
Iyke;2
Izaac;3
Izaak;9
Izaan;2
Izack;2
Izan;2
J-lee;2
Jaan;2
Jac;314
Jace;5
Jaceb;2
Jacek;5
Jach;3
Jack;29
Jack-daniel;2
Jack-dee;2
Jack-edward;2
Jack-lawrence;2
Jack-lee;2
Jack-philip;2
Jack-wesley-george;2
Jackie;288
Jackson;2426
Jackson-lee;3
Jacky;307
Jaco;2
Jacob;963
Jacq;2
Jacque;6
Jacques;281
Jacsen;2
Jacub;2
Jacy;2
Jad;3
Jadem;2
Jaden;1194
Jadeyn;2
Jadon;6
Jadyn;5
Jae;2
Jae-carson;2
Jaedyn;2
Jago;5
Jahangir;3
Jaheim;3
Jahird;2
Jahswill;2
Jai;1512
Jaidan;2
Jaiden;723
Jaidion;2
Jaidn;2
Jaidon;2
Jaidon-joseph;2
Jaidyn;2
Jaik;2
Jaike;2
Jaime;562
Jaimie;277
Jairus;2
Jaiveer;2
Jak;356
Jake;438
Jakerson;2
Jakim;2
Jakob;934
Jakson;3
Jakub;811
Jamal;11
Jamee;2
James;52
James-conor;2
James-dean;2
James-gerard;3
James-jack;2
James-lee;3
James-og;2
Jameson;2
Jamesy;2
Jami;2
Jamie;193
Jamie-jay;2
Jamie-lee;1408
Jamie-luke;2
Jamie-ryan;2
Jamiee;2
Jamies;2
Jamieson;2
Jamil;5
Jamilur;2
Jamison;3
Jammie;2
Jamoi;2
Jan;1095
Janed;2
Janik;2
Janio;2
Jannek;2
Jannik;2
Janosch;2
Jansen;2
Janvid;2
Jarad;2
Jared;1163
Jarell;2
Jareth;3
Jarett;2
Jari;2
Jarl;2
Jarlaith;8
Jarlath;3231
Jarlath-patrick;2
Jarleth;5
Jaromir;2
Jarred;2
Jarvis;5
Jase;3
Jaskaran;2
Jason;1098
Jason-john;2
Jason-lee;8
Jason-rhys;2
Jasper;398
Javan;2
Javed;2
Javier;2
Jax;3
Jaxon;1177
Jaxson;387
Jay;950
Jay-cee;5
Jay-david;2
Jay-dee;3
Jay-j;2
Jay-jay;3
Jay-lee;2
Jay-t;2
Jay-z;2
Jayadon;2
Jayavardhan;2
Jayce;2
Jayci;2
Jaydan;332
Jayden;1145
Jayden-lee;2
Jayden-leon;2
Jaydin;2
Jaydn;2
Jaydon;334
Jaydym;2
Jaydyn;2
Jaye;9
Jaylen;5
Jaylin;5
Jayme;8
Jaymee;3
Jaymie;3
Jaymin;2
Jayraj;2
Jayson;6
Jayze;2
Jazib;2
Jaziri;2
Jazon;2
Jazz;2
Jd;3
Je-maine;2
Jean-claude;2
Jean-louis;2
Jean-luc;2
Jed;1196
Jedaiah;2
Jedd;8
Jede;2
Jedidiah;3
Jeevan;3
Jeff;12
Jefferson;6
Jeffrey;260
Jeffy;2
Jehad;2
Jeimi;2
Jekabs;2
Jelix;2
Jem;2
Jemmill;2
Jenilson;2
Jensen;568
Jenson;1845
Jensyn;2
Jeremiah;9
Jeremiasz;2
Jeremy;246
Jericho;2
Jerico;2
Jerin;3
Jerix;2
Jermain;2
Jerome;831
Jerrin;2
Jerry;9
Jershun;2
Jervis;2
Jess;3
Jesse;1656
Jessen;2
Jessie;5
Jesutobi;2
Jethro;2
Jett;3
Jeydhel;2
Jhalyn;2
Jheriel;2
Jhodanev;2
Jia;290
Jiaen;2
Jiageng;2
Jian;5
Jiang;2
Jiarong;2
Jibrail;2
Jidechi;2
Jie;2
Jieve;2
Jiljo;2
Jim;1011
Jimi;5
Jimione;2
Jimmy;293
Jin;3
Jin-wan;2
Jing;5
Jingsong;2
Jireh;2
Jitoko;2
Jiyan;2
Jo;3
Jo-jo;2
Joab;2
Joachim;3
Joah;2
Joal;2
Joao;381
Joaquim;2
Joaquin;2
Joash;2
Joatham;2
Job;3
Jobert;2
Joby;2
Jock;2
Jodee;2
Jodi;2
Jodie;5
Jody;1554
Jodyn;2
Joe;2311
Joel;818
Joeli;2
Joell;2
Joesph;2
Joey;1449
Joey-james;2
Johan;5
Johann;3
Johannes;2
John;365
John-david;2
John-edward;2
John-francis;2
John-henry;2
John-jack;2
John-jake;2
John-james;3
John-jay;2
John-jo;2
John-joe;386
John-joseph;5
John-lee;2
John-mark;2
John-matthew;2
John-michael;2
John-patrick;3
John-paul;1360
John-peter;2
John-preston;2
John-ross;2
John-rowan;2
John-ryan;2
John-thomas;2
Johnathan;3002
Johnathon;294
Johnie;2
Johnjoe;5
Johnnie;350
Johnny;2653
Johnpaul;2
Johnson;2
Johnston;6
Jokubas;3
Jomes;2
Jon;1279
Jon-anthony;2
Jon-james;2
Jon-jo;3
Jon-lee;2
Jon-marc;2
Jon-paul;2
Jon-pol;2
Jon-ross;3
Jon-tyler;2
Jona;2
Jonah;1936
Jonas;786
Jonathan;820
Jonathon;1823
Jones;2
Jonethon;2
Jonis;2
Jonjo;5
Jonjoe;2
Jonnie;5
Jonno;3
Jonny;263
Jools;2
Jordan;1018
Jordan-lee;795
Jordan-patrick;2
Jordan-stephen;2
Jordanlee;2
Jorden;3
Jordi;3
Jordie;3
Jordin;2
Jordon;1003
Jordon-paul;2
Jordyn;5
Jorge;2
Jorgen;2
Joris;2
Jos;5
Jose;347
Josef;291
Josefa;2
Joseff;2
Joseph;488
Joseph-lewis;2
Joseph-patrick;2
Josh;1030
Josh-michael;2
Joshan;2
Joshioa;2
Joshsua;2
Joshua;155
Joshua-james;5
Joshua-john;2
Joshua-kyle;2
Joshua-lee;3
Joshua-matteo;2
Joshua-robert;2
Joshuah;6
Josiah;863
Josias;2
Josie;2
Joss;678
Josua;2
Josue;3
Joswin;2
Jotham;5
Jou;2
Jovan;5
Jovi;3
Joyal;2
Joyel;2
Jozef;2
Jozsef;2
Juan;5
Judah;314
Juddah;2
Jude;1251
Judown;2
Juhana;2
Jules;3
Julian;741
Julien;5
Julio;3
Juliusz;5
Juma;2
Jun;700
Jun-jie;2
Jun-wei;2
Junaid;2
Junior;1461
Junwen;2
Juraj;3
JÃ¼rgen;2
Jushua;3
Justan;2
Justas;2
Justin;1847
Justin-glen;2
Justin-lee;2
Justinas;3
Justino;2
Justyn;2
Juvenio;2
Jyden;3
Jyoushiv;2
Ka;3
Ka-chun;2
Ka-ho;3
Ka-kin;2
Ka-lok;2
Kaan;3
Kabel;2
Kacey;2
Kacper;936
Kacy;3
Kade;399
Kadeem;2
Kaden;577
Kadin;2
Kadir;2
Kadyn;395
Kaeden;3
Kaedon;2
Kaedyn;2
Kael;5
Kaelam;2
Kaelan;11
Kaeleb;3
Kaelem;6
Kaelen;2
Kaelim;3
Kaelin;6
Kaeliph;2
Kaelum;5
Kaelyb;2
Kaelym;2
Kafui;2
Kagan;2
Kagen;2
Kahil;2
Kahlib;2
Kai;1926
Kai-andre;2
Kai-reece;3
Kai-sang;2
Kaia;2
Kaid;3
Kaidan;6
Kaide;3
Kaiden;1031
Kaiden-darragh;2
Kaiden-james;2
Kaidin;2
Kaie;2
Kaiedin;2
Kaiky;2
Kailan;3
Kailash;2
Kailem;5
Kailen;3
Kailin;3
Kailum;6
Kailyn;2
Kailynn;2
Kain;1228
Kaine;6
Kaireece;2
Kairl;2
Kaiser;2
Kaison;2
Kaiyang;2
Kajetan;3
Kajus;1008
Kal;6
Kal-el;2
Kalam;2
Kalan;2
Kale;5
Kaleb;797
Kaleb-saul;2
Kalein;2
Kalel;2
Kalem;277
Kalen;8
Kalial;2
Kalib;3
Kalid;3
Kalil;2
Kalim;2
Kalimullh;2
Kalin;5
Kallan;2
Kallem;2
Kallum;399
Kallym;2
Kalon;3
Kaloyan;2
Kalu;2
Kaluim;2
Kalum;718
Kalum-marcelle;2
Kalven;2
Kalvin;997
Kalvyn;2
Kalym;2
Kamaal;2
Kamal;3
Kamden;2
Kameron;9
Kamil;721
Kamoryn;2
Kampbell;2
Kamrn;2
Kan-yuen;2
Kane;3252
Kang;2
Kanye;2
Kaolan;3
Kaolin;2
Kapiladeva;2
Kar-hay;2
Karam;2
Karan;3
Kareem;5
Kareemuddin;2
Karim;6
Karl;2354
Karlan;2
Karlon;2
Karlos;2
Karlton;2
Karni;2
Karol;1303
Karolis;6
Karr;2
Karson;5
Kartal;2
Karter;9
Karthik;2
Kartik;2
Kasey;2
Kash;2
Kasib;2
Kason;2
Kaspars;2
Kasper;2
Kasy;2
Katana;2
Kato;2
Kaua;2
Kauli;2
Kavan;9
Kavanagh;2
Kavin;2
Kavish;3
Kay;3
Kaya;5
Kayce;2
Kaydan;2
Kayden;656
Kaydin;2
Kaydn;2
Kaylan;5
Kayleb;387
Kaylem;12
Kaylen;2
Kaylin;5
Kaylon;2
Kaylum;3
Kayne;11
Kaynor;2
Kayran;2
Kayvon;2
Kazim;3
Kci;2
Keadan;3
Keagan;8
Keaghan;3
Kealan;2632
Kealen;2
Kealim;2
Kealin;6
Kealon;2
Kealum;2
Kealyn;3
Kean;6
Keanan;6
Keane;9
Keaneau;2
Keaneston;2
Keanu;9
Keatin;3
Keating;2
Keaton;292
Keatyn;2
Keavan;3
Kedar;2
Keebhan;2
Keefer;2
Keegan;993
Keeghan;2
Keehan;2
Keelan;2280
Keelem;2
Keelen;2
Keeley;2
Keelian;2
Keelim;2
Keelin;2040
Keelium;2
Keelyn;3
Keenan;1138
Keery;2
Keesley;2
Keevan;323
Keever;2
Keevin;2
Kegan;6
Kehan;2
Kei;2
Keiden;2
Keifer;5
Keigan;5
Keighan;2
Keil;2
Keilam;2
Keilan;14
Keilen;2
Keilith;3
Kein;2
Keir;11
Keiran;9
Keiren;2
Keiron;2
Keith;2919
Keiton;2
Kel;279
Kelaim;2
Kelan;1193
Kelbie;2
Kelechi;2
Kelibe;2
Kelin;2
Kell;2
Kellen;2
Kelly;2
Kelsey;8
Kelsie;2
Kelton;2
Kelvin;2217
Kelvin-jake;2
Kelvyn;5
Kemal;2
Ken;8
Kenan;8
Kenden;2
Kendrick;2
Kenechukwu;3
Kenett;2
Kenna;2
Kennan;2
Kennedy;2
Kenneth;1538
Kenny;8
Kennyshane;2
Kenson;2
Kent;366
Kenton;5
Kentyn;2
Kenyan;2
Kenyatta;2
Kenyon;2
Kenzee;2
Kenzi;3
Kenzie;1248
Kenzie-lynton;2
Kenzo;2
Keon;3
Keoni;2
Keown;2
Keping;2
Keran;2
Kercum;2
Kerion;2
Kernien;2
Kerr;3
Keshav;3
Keshto;2
Kevan;9
Keveen;2
Keven;2
Kevin;1234
Kevin-barry;5
Kevin-james;2
Kevin-paul;2
Kevinas;395
Kevins;2
Kevriya;2
Keyaan;2
Keyden;2
Keynan;2
Keyon;2
Keyur;2
Kgalalelo;2
Khai;3
Khalam;2
Khaled;3
Khalid;5
Khalyn-lee;2
Kheean;2
Khigh;2
Khiro;2
Khristian;2
Kia;3
Kia-keat;2
Kiah;2
Kian;1686
Kiane;5
Kiaran;3
Kie;2
Kiearon;2
Kiedis;2
Kiefer;14
Kieffer;3
Kiel;3
Kielam;2
Kielan;12
Kielon;2
Kien;2
Kienan;3
Kier;2
Kieran;1976
Kieran-james;2
Kieranog;2
Kieren;5
Kierin;2
Kiernan;971
Kiernan-barry;2
Kieron;1798
Kievan;3
Kievin;2
Kile;3
Kilian;9
Kiliem;2
Killan;2
Killene;2
Killian;2991
Kilroy;2
Kim;2
Kimi;5
Kin;3
Kin-fung;2
Kinan;2
King;3
King-fa;2
Kingsley;11
Kingston;318
Kinivuai;2
Kinzi-leigh;2
Kion;2
Kione;2
Kipras;2
Kiran;2
Kirill;2
Kirills;2
Kirk;1292
Kirk-lee;2
Kirtus;2
Kishore;2
Kit;5
Kiyan;5
Kiyichukwu;2
Kiyle;2
Klaidas;5
Klaudiusz;2
Klevis;2
Knoa;2
Knox;3
Koa;2
Kobe;12
Kobey;2
Kobi;11
Kobi-lee;2
Kobie;2
Koby;398
Kobyn;2
Kodey;5
Kodi;256
Kodi-jo;2
Kodii;2
Kody;386
Kodye;2
Koebe;2
Koen;6
Kofi;6
Kohan;2
Kohei;2
Kohl;3
Kohlin;2
Kohree;2
Koi;2
Kojo;2
Kolby;2
Kole;5
Kolt;2
Kolten;2
Kolya;2
Konnan;2
Konnell;2
Konner;2
Konrad;393
Konstantine;2
Konstantinos;2
Koran;3
Koray;5
Korben;249
Korbin;2
Korbyn;3
Koren;2
Korey;634
Korhan;2
Kori;281
Kori-lee;2
Korie;2
Kornel;3
Kornelijus;3
Kornelis;2
Korneliusz;2
Korrey;2
Korri;2
Kory;3
Kosisochi;2
Kouki;2
Kourosh;2
Kourt;2
Kraig;2
Krasimir;2
Kris;1240
Krisdan;2
Krish;3
Krishna;2
Kristan;3
Kristen;5
Kristian;3318
Kristianas;3
Kristians;2
Kristin;5
Kristis;2
Kristof;3
Kristofer;6
Kristoffer;3
Kristofor;2
Kristopher;1575
Kristupas;392
Krys;2
Kryspin;3
Krystian;780
Krzysztof;683
Ksawery;2
Kuba;293
Kudakwashe;2
Kuelle;2
Kuena;2
Kumar;3
Kurdt;2
Kurian;2
Kurt;503
Kurtis;2566
Kurtis-lee;2
Kurtus;2
Kush;2
Kwabena;2
Kwan;3
Kwasi;2
Kwong-chak;2
Ky;2
Ky-mani;2
Kya;2
Kyal;2
Kyan;6
Kyden;2
Kydyn;2
Kye;365
Kyeim;2
Kyell;2
Kyeol;2
Kyi;2
Kyian;2
Kylan;11
Kyle;599
Kyle-david;2
Kyle-lloyd;2
Kyler;2
Kymani;2
Kynan;3
Kyran;1065
Kyree;2
Kyren;2
Kyron;3
Kyrone;2
Kyson;2
Kyzler;2
Lachlan;771
Lachlann;2
Lachlin;2
Lacy;2
Ladislav;2
Lai;2
Laim;3
Laimis;2
Laimonas;2
Lakbier;2
Lakhdar;2
Lalit;2
Lamar;2
Lance;6
Lando;2
Lanty;2
Laochra;6
Laoi;3
Laressi;2
Larry;9
Lars;5
Larsson;3
Latrell;2
Laughlan;2
Laughlinn;2
Lauran;2
Laurance;3
Laurence;843
Laurent;3
Laurie;5
Laurynas;3
Lauson;2
Lautaro;2
Lawrence;831
Lawson;363
Lawton;2
Layal;2
Layden;2
Layton;6
Lealand;2
Leandro;2
Leannan;3
Lebron;2
Lee;1063
Lee-andre;2
Lee-james;2
Lee-martin;2
Lee-ray;2
Lee-thomas;2
Leee-junior;2
Leehom;2
Leejay;2
Leeland;2
Leeroy;2
Leevi;2
Lei;2
Leigh;497
Leighton;627
Leiranas;2
Leith;2
Lejay;2
Leland;282
Lemar;3
Lemuel;6
Lenin;2
Lennan;3
Lennie;2
Lennin;2
Lennix;2
Lennon;1975
Lennox;929
Lennox-dean;2
Lenny;3
Leo;1937
Leo-carter;2
Leon;1706
Leon-judah;2
Leon-junior;2
Leonaldinho;2
Leonard;9
Leonardas;2
Leonardo;8
Leonhard;2
Leonidas;2
Leroy;3
Lesedi;2
Leslie;12
Levi;2822
Levon;2
Lewan;2
Lewes;2
Lewin;5
Lewis;476
Lewis-cole;2
Lewis-jai;2
Lex;3
Lexi;2
Lexter;2
Lexx;2
Leyland;2
Leyton;5
Li;3
Lia;2
Liam;723
Liam-christopher;2
Liam-og;3
Lidon;2
Lii;2
Lin;2
Lincoln;736
Linden;2
Lindin;2
Lindsay;6
Linford;2
Linton;2
Linus;2
Lion;2
Lionel;3
Lisandro;3
Littrel;2
Lj;2
Lleyton;6
Lloyd;1470
Llwyd;2
Loannes;2
Lochlain;3
Lochlainn;345
Lochlan;311
Lochlann;598
Lochlin;3
Lochlyn;2
Lochrann;3
Loclan;2
Loclinn;2
Logan;1517
Logan-ray;2
Loghan;2
Lok;2
Lok-hung;2
Lokin;2
Lokman;2
Loman;2
Lonan;6
Long;2
Lorcan;1452
Lorccan;2
Lorchain;2
Lorchan;3
Lorencas;2
Lorenzo;9
Lorgain;2
Loris;5
Lornejoe;2
Lorrcan;2
Loughlan;2
Loughlin;6
Loui;3
Louie;1970
Louis;1712
Louix;2
Loukas;2
Lowell;2
Lowen;2
Lowry;2
Lrccan;2
Luachra;3
Luagha;2
Luan;6
Luaran;2
Lubos;2
Luc;841
Luca;1973
Lucas;1909
Lucas-jose;2
Lucas-noah;2
Lucas-ryan;2
Lucasryan;2
Lucca;8
Luccas;2
Lucian;2
Luciano;3
Lucien;6
Lucius;5
Lucka;2
Lucus;2
Luey;2
Lugh;2
Lughaidh;308
Lughan;6
Lui;5
Luigi;2
Luis;1898
Luiz;2
Luka;1865
Lukah;2
Lukas;1587
Lukass;2
Lukasz;6
Luke;273
Lung;2
Lurcon;2
Luther;2
Luuk;2
Lyall;3
Lydon;3
Lyle;5
Lynas;2
Lynden;5
Lyndon;280
Lyndrie;2
Lynott;2
Maarij;2
Mac;3
Macartan;2
Macaulay;275
Macauley;995
Macdara;3
Macdarragh;2
Macenzie;2
Macey;2
Maciej;771
Maciek;2
Mack;3
Mackeenzi;2
Mackenzie;2141
Maculey;2
Madden;2
Maddison;3
Maddox;603
Maddy;2
Madireddy;2
Madison;12
Madoc;6
Madox;2
Madyson;2
Maedoc;2
Mael-seaclainn;2
Maghnus;2
Magnus;2
Mahdi;2
Maher;2
Mahian;2
Mahir;2
Mahmoud;3
Maikl;2
Mairc;2
Mairtin;279
Maisen;2
Maison;396
Maisyn;2
Maithin;2
Maitia;2
Maitiu;307
Majzoub;2
Makafui;2
Makai;2
Makaio;2
Makenzie;341
Makenzie-ray;2
Maks;3
Maksim;680
Maksims;3
Maksym;2
Maksymilian;1070
Mal;2
Malachai;6
Malachi;986
Malachy;2959
Malacky;2
Malakai;3
Malcolm;282
Maldeno;2
Maldini;2
Malik;5
Malio;2
Mallon;2
Mama;2
Mamadu;2
Man;6
Man-wai;2
Manas;3
Manave;2
Manfred;2
Manfredas;2
Mani;2
Manish;3
Manni;2
Mannix;2
Mantas;2
Mantijus;2
Mantvidas;2
Manuel;6
Manus;2777
Manzi;2
Maonus;2
Marc;1890
Marc-andre;2
Marc-anthony;2
Marcas;6
Marcel;992
Marcell;2
Marcin;3
Marclee;2
Marco;1271
Marcos;9
Marcus;1717
Marek;3
Marijus;2
Mario;8
Marius;5
Mark;513
Mark-alexander;2
Mark-conor;2
Mark-lee;2
Markas;3
Marko;5
Marks;3
Markus;340
Markuss;6
Marlex;2
Marley;348
Marli;2
Marlin;2
Maros;3
Marrion;2
Marshal;2
Marshall;909
Martain;2
Martan;2
Martim;2
Martin;1428
Martin-thomas;2
Martins;3
Marty;3
Martyn;283
Martynas;359
Marvel;2
Marvelous;2
Marwan;3
Marzio;2
Masala;2
Mason;1860
Massan;2
Masyn;2
Matas;1443
Mate;2
Matej;359
Matelusz;2
Mateo;3
Mateus;2
Mateusz;1346
Matheu;2
Matheus;2
Mathew;1455
Mathias;2
Mathieu;278
Mathison;2
Matias;3
Matiss;5
Matisse;2
Matius;2
Matt;1230
Matteo;398
Mattheo;2
Mattheson;2
Matthew;26
Matthew-charles;2
Matthew-frans;2
Matthias;5
Matthue;2
Mattias;2
Mattie;3
Matts;2
Matty;3
Matua;2
Matus;5
Matvej;2
Matvejs;2
Matvey;2
Matyas;3
Maurice;522
Mauro;2
Maverick;2
Max;1417
Max-rhys;2
Maxi;2
Maxim;6
Maximilian;832
Maximiliano;3
Maximillian;8
Maximillion;2
Maximus;6
Maxwell;1937
Maxx;5
Maxymilian;2
Mayson;2
Mazeli;2
Mazin;2
Mcauley;8
Mccauley;6
Mccaulie;2
Mccoist;2
Mckaddesh;2
Mckee;2
Mckenzie;1694
Mckenziejay;2
Md;3
Meacheal;2
Meahal;2
Mebin;2
Medani;2
Meehal;2
Meehaul;2
Mehaul;2
Mehdi;3
Mehmet;3
Mehmetali;2
Mehran;2
Meinartas;2
Mekhi;2
Mel;14
Melvene;2
Melvin;5
Melvyn;3
Memis;2
Memphis;2
Merle;3
Merrick;2
Mervyn;12
Meshach;2
Mhanius;2
Miao;2
Micah;1086
Miceal;1899
Micha;3
Michaeil;2
Michael;202
Michael-dean;2
Michael-james;2
Michael-john;2
Michael-og;5
Michael-ryan;2
Michal;1249
Micheal;1919
Micheal-og;2
Micheal-sean;2
Michel;5
Michele;3
Mickael;2
Mickey;2
Miculich;2
Mieszko;2
Miguel;12
Mihails;2
Miheal;2
Mihir;3
Mihlali;2
Mika;3
Mikael;2
Mikayil;2
Mike;12
Mikel;2
Mikel-wongani;2
Mikenzi;2
Mikey;1043
Mikhail;2
Miki;2
Mikie;3
Mikijs;2
Mikki;2
Miklas;2
Mikolaj;528
Miks;2
Mikus;2
Milan;5
Miles;14
Miley;2
Millar;2
Millen;2
Miller;2
Milo;870
Milosz;296
Milton;2
Min;2
Min-hoo;2
Min-seog;2
Ming;6
Miollan;2
Mir;2
Miro;3
Miron;2
Miroslav;2
Miroslaw;2
Mitch;3
Mitchel;586
Mitchell;3026
Mitchell-lee;2
Mitchum;2
Mitul;2
Mmpho;2
Moaad;2
Moamen;2
Moawia;2
Moby;2
Modestas;2
Mohamad;2
Mohamed;294
Mohammad;831
Mohammed;1452
Mohammod;2
Mohana;2
Mohit;3
Mohmed;2
Mohmmed;2
Mohnish;2
Moiz;2
Moneeb;2
Monir;2
Monroe;2
Montague;5
Montana;2
Montgomery;3
Monty;2
Moore;2
Morgan;2201
Morgan-lee;2
Morgen;2
Moriolaoluwa;2
Morisi;2
Morne;2
Morrell;2
Morrie;2
Morris;2
Morya;2
Moses;5
Moshe;2
Moss;2
Mostafa;3
Mouhamed;2
Mousa;2
Moyinoluwa;2
Muawiya;2
Mubarak;2
Mubeen;2
Muddathir;2
Mudther;2
Muhammad;1173
Muhammed;6
Muhannad;2
Muhd;2
Muho;2
Muir;2
Muireagan;2
Muirghein;2
Mujib;2
Mukunda;2
Mulhim;2
Multazzim;2
Mun;2
Munashe;2
Munaz;2
Munzer;2
Muqdad;2
Murad;3
Murchadh;2
Murdoch;2
Murphy;2
Murray;350
Murtagh;2
Murtajiz;2
Musa;2
Musab;2
Mustapha;2
Muwahhid;2
Muzamil;2
Mya;2
Mykolas;2
Myler;2
Myles;3165
Mylles;2
Mylo;392
Naaser;2
Naasir;2
Nabeel;2
Nadeem;3
Nageen;2
Naglis;3
Nahian;2
Naidas;2
Naidonas;2
Naim;2
Naithan;3
Naithi;2
Naithin;2
Najib;2
Nameer;2
Nana;2
Nani;2
Nanil;2
Naoise;1915
Naomhan;381
Naseeb;3
Naseem;5
Naser;2
Nash;2
Nasif;2
Nasoni;2
Nasr;2
Nasser;2
Nassim;2
Nat;2
Natan;296
Nataniel;780
Natas;2
Nathan;300
Nathan-lee;5
Nathan-paul;2
Nathan-rhys;2
Nathan-robert;2
Nathanael;867
Nathaneal;2
Nathanial;3
Nathaniel;3396
Nathean;2
Nathen;5
Nathin;2
Nathyn;2
Nauris;2
Navaneethan;2
Navarone;2
Navin;2
Navjot;2
Naythan;2
Nazie;2
Nazih;2
Nazim;2
Nazmus;2
Neal;307
Neale;5
Neale-og;2
Neasan;5
Ned;5
Nedal;2
Nedas;8
Neel;2
Neeson;3
Nehemiah;2
Nehmeih;2
Neil;2450
Neil-og;2
Neilandas;2
Neilas;393
Neill;365
Neimantas;2
Neitanas;2
Neitas;2
Nelquinho;2
Nelson;9
Neneldio;2
Neo;3
Nerijus;2
Nevan;6
Nevigh;2
Neville;5
Nevin;11
Newton;2
Neyo;2
Neza;2
Ngo;2
Nial;566
Niall;684
Nianzu;2
Nicco;2
Nicholai;2
Nicholas;2189
Nicholaus;2
Nick;6
Nicko;2
Nickolas;2
Nicky;15
Nico;11
Nicol;2
Nicola;2
Nicolas;885
Nicolau;2
Niels;3
Nigel;1051
Nihal;2
Nikas;2
Nikhil;3
Niki;3
Nikita;349
Nikki;2
Niko;2
Nikodem;1328
Nikolai;6
Nikolaos;2
Nikolas;3
Nikolass;2
Nikos;2
Niks;5
Nile;3
Nilson;2
Nima;2
Nimrod;2
Nino;3
Nioclas;2
Nirmal;2
Nishanth;2
Nisith;2
Nived;2
Nixon;2
Noa;3
Noa-jay;2
Noah;1782
Noble;2
Noe;2
Noel;3406
Nojus;609
Nolan;8
Nollaig;2
Norbert;5
Norman;255
North;2
Norvilas;2
Nouh;2
Nour;2
Nour-eldean;2
Nourdine;2
Novak;2
Nsymi;2
Nuadha;2
Nuhin;2
Nuri;2
Nyall;2
Nyech;2
Nyrone;2
Oadhran;2
Oakley;3
Oathy;2
Obada;2
Obafemi;2
Obayd;2
Obi;2
Oby;2
Ocean;2
Ocsar;2
Oda;2
Odhrain;2
Odhran;794
Odhrann;2
Odin;5
Odonovan;2
Odran;6
Odrian;2
Oghenekparobo;2
Oghenetega;3
Ognian;2
Oilibhear;5
Oirin;2
Oishin;2
Oisin;488
Oisin-fionn;2
Oisin-ryan;2
Oissene;2
Oissin;2
Oissine;5
Oistin;3
Okan;2
Oklin;2
Okylin;2
Oladapo;2
Olaf;6
Olaibhear;2
Olan;5
Olanrewaju;3
Olaoluwakitan;2
Olatemi;2
Olatomiwa;2
Olcan;5
Ole;2
Olibhear;2
Olie;2
Oliver;912
Oliver-james;2
Oliver-john;2
Olivers;2
Olivier;1044
Oliwer;3
Oliwier;865
Ollam;2
Ollie;400
Olly;504
Olufemi;2
Olufolapademi;2
Olukorede;2
Oluwademilade;2
Oluwaferesimi;2
Oluwagbemileke;2
Oluwagbenga;2
Oluwaniayomi;2
Oluwanifemi;2
Oluwanimilo;2
Oluwaseikemi;2
Oluwatiseyi;2
Oluwatobi;3
Oluwatobiloba;2
Oluwatobilola;2
Oluwatofunmi;2
Oluwatomini;2
Oluwatumininu;2
Omar;1350
Omar-al-sheriff;2
Omarh;2
Omer;6
Onan;2
Onray;2
Orainn;2
Oran;1104
Oran-lee;2
Orann;3
Ordhan;632
Ordhran;2
Oreilly;2
Oren;6
Oreoluwa;2
Oreon;2
Orestas;5
Orhan;2
Orhran;2
Orin;888
Orinn;2
Orion;5
Orlandas;2
Orlando;3
Orlin;2
Orran;319
Orren;3
Orrie;3
Orrie-lee;2
Orrin;571
Orrin-micheal;2
Orry;3
Oscar;1861
Osea;2
Osemudiamen;2
Osian;2
Osion;2
Oskar;1066
Oskaras;395
Oskars;3
Osman;2
Ossian;6
Osvaldas;2
Oswin;2
Otis;337
Otislee;2
Ottis;2
Ottorino;2
Oussama;2
Owaeb;2
Owain;11
Owan;2
Owein;2
Owen;899
Owyn;3
Ozzy;2
Pabhraig;2
Pablo;8
Pacelli;2
Pacey;2
Padai;2
Padar;2
Paddy;1362
Paden;2
Padhraic;353
Padhraig;289
Padraic;1536
Padraig;1325
Padraig-callum;2
Padraig-john;2
Padraigh;2
Padre;2
Padriag;6
Padric;2
Paedar;3
Paidi;701
Paidin;2
Paidraig;2
Pairic;3
Pak;2
Paolo;390
Papa;2
Paraic;646
Pariag;2
Parijat;2
Paris;3
Parker;9
Parshuram;2
Pascal;356
Pascall;2
Paschal;8
Pat;9
Patraig;2
Patric;9
Patrick;336
Patrick-james;2
Patrick-joseph;2
Patrick-og;2
Patrick-pearse;2
Patrick-rainer;2
Patrick-thomas;2
Patrickog;2
Patrik;3
Patryk;999
Patsy;3
Pau;2
Paudge;2
Paudi;2
Paudie;2
Paudraig;5
Paul;881
Paul-antoine;2
Paul-john;2
Paulius;5
Pauraic;5
Pauraig;2
Pauriac;2
Pauric;3509
Pavel;2
Pavol;2
Pawan;2
Pawel;383
Payden;2
Payton;2
Peadar;2781
Peader;3
Pearce;3202
Pearse;1615
Pearse-joseph;2
Pearson;3
Pedro;11
Pei;2
Peirce;2
Peiwen;2
Pelas;2
Peni;2
Pentti;2
Percy;2
Perri;3
Perry;5
Pete;2
Peter;625
Peter-james;2
Peter-john;3
Petr;2
Pharrell;2
Phearse;2
Pheilim;2
Phelan;5
Phelan-john;2
Phelim;1894
Pheonix;2
Philip;1751
Philipp;2
Philippus;2
Phillip;2073
Phillippe;2
Phiwe;2
Phoenix;393
Phoenix-james;2
Phoenixx;2
Phoenyx;2
Phuoc;2
Piarais;9
Piaras;2171
Pierce;2681
Pierre;11
Pierre-louis;2
Piers;14
Pierse;3
Pietro;2
Pijus;342
Pilib;2
Pio;2
Piotr;938
Piran;2
Pjay;2
Pjeras;2
Platon;2
Pluinceid;2
Plunkett;2
Podraig;396
Pol;1694
Pol-og;3
Porag;2
Prabhsimar;2
Pranav;8
Pranay;3
Prasidh;2
Prem;2
Prentise;2
Presley;384
Preston;1356
Prince;5
Princewill;2
Prithviraj;2
Proinnsias;2
Proinsias;6
Prothum;2
Pryce;2
Pui;2
Pui-hin;2
Punnoose;2
Qalb-e-abbas;2
Qi;3
Qing;2
Qingyu;2
Quade;2
Quenic;2
Quentin;6
Quillan;3
Quin;2
Quincy;2
Quinn;1483
Quinten;2
Quintin;8
Quinton;3
Raairi;2
Raanan;2
Rab;2
Racel;2
Rachid;2
Radlee;2
Radley;2
Raegan;2
Rafael;6
Rafal;3
Rafe;5
Rafferty;5
Rafi;2
Rafii;2
Rafmakeane;2
Rahad;2
Raheem;5
Rahim;2
Rahm;2
Rahul;6
Raiad;2
Raian;2
Raiden;2
Raied;2
Raimondas;2
Raimund;2
Rain;2
Rainey;2
Rainier;2
Raiose;2
Raith;2
Raivis;2
Rajiv;2
Rajveer;2
Rakeem;2
Ralf;2
Ralfie;2
Ralfs;2
Ralph;655
Raman;2
Ramazan;2
Ramesh;2
Rami;2
Ramin;2
Ramon;3
Ramone;2
Ramsay;3
Ramzi;2
Randal;9
Ranvir;3
Raphael;399
Ras;2
Rashad;2
Rashid;3
Rasif;2
Rasim;2
Ratu;3
Rauiri;2
Raul;5
Raurai;2
Rauri;3
Ravi;3
Rawle;2
Rawson;2
Ray;398
Rayan;6
Rayen;2
Rayhan;3
Raymond;2668
Rayne;2
Raynor;3
Rayyan;5
Raz;2
Razzak;2
Rea;2
Reagan;273
Reamon;2
Reamonn;3
Reannan;5
Redas;5
Redmond;3
Redwan;2
Reece;743
Reece-david;2
Reed;5
Reef;3
Reegan;6
Reeice;2
Rees;8
Reese;885
Reeshabh;2
Reeve;2
Reg;2
Regan;2936
Reghan;2
Regi;2
Rehan;3
Reice;2
Reid;344
Reilly;1028
Reinold;2
Reion;2
Reiss;6
Rejus;2
Remi;5
Remil;2
Remo;2
Remus;3
Renaldas;3
Renan;2
Renars;2
Renat;2
Rene;5
Renji;2
Reno;2
Renzo;2
Reo;6
Reon;3
Reuben;1574
Reuben-james;2
Reuven;2
Rex;3
Reyad;2
Reydn;2
Reza;2
Rhain;2
Rhegan;2
Rheis;2
Rheuben;2
Rhian;2
Rhio;2
Rhodri;2
Rhogan;2
Rhyan;5
Rhyce;3
Rhylan;2
Rhyley;3
Rhylie;3
Rhynard;2
Rhys;804
Rhys-matthew;2
Rhyss;3
Ri;2
Riagain;2
Riagan;3
Riaghan;3
Riain;1437
Rian;2168
Rian-jack;2
Riane;2
Riaz;3
Ricardo;6
Ricards;2
Riccardo;5
Ricco;2
Richard;2118
Richie;8
Richy;2
Ricky;371
Rickye;2
Rico;2
Ridley;2
Rielly;5
Riely;2
Rigan;3
Rihley;2
Rijul;2
Rikas;2
Riku;2
Rilee;3
Rileigh;2
Riley;1567
Riliegh;2
Rimgaudas;2
Rio;1651
Rioghan;1082
Rioghon;2
Rioghran;2
Rion;3
Riordain;2
Riordan;8
Ripon;2
Riquelme;2
Rishabh;2
Rishi;2
Ritchie;9
Rithvik;2
Ritvik;2
Rivaldo;2
River;5
Rj;2
Roald;2
Roan;2272
Roary;3
Rob;9
Robaird;2
Robb;3
Robben;2
Robbie;1880
Robbie-james;2
Robbie-lee;3
Robby;3
Roben;2
Robert;808
Robert-alan;2
Robert-frederic;2
Robert-james;3
Robert-john;2
Robertas;2
Robertho;2
Roberto;2
Roberts;3
Robie;2
Robin;3048
Robin-lee;2
Robson;5
Robyn;3
Rocai;2
Rocco;1378
Rocklyn;2
Rocky;2
Roddi;2
Roddy;6
Roderick;3
Rodhan;2
Rodney;11
Rodrigo;5
Rogan;663
Roger;5
Roger-jude;2
Roger-patrick;2
Roghan;2
Rohan;1473
Rohin;2
Rohit;2
Rohnin;2
Roi;2
Roinin;2
Rojus;2
Rokas;5
Roland;3
Rollo;2
Roly;2
Romaine;2
Roman;559
Romano;2
Romeo;2
Romin;2
Romit;2
Romman;2
Rommer;2
Romulas;2
Ron;2
Ronain;2
Ronald;12
Ronaldo;2
Ronan;556
Ronann;2
Ronin;344
Ronit;2
Ronnie;396
Ronny;2
Ronon;2
Rooney;2
Roqeeb;2
Rorai;2
Rori;2
Rorie;3
Rorry;2
Rory;766
Ros;9
Rosa;2
Roscoe;2
Roshaan;2
Roshan;6
Ross;875
Ross-thomas;2
Rossa;1671
Rossi;6
Rounak;2
Rourke;3
Rouzbeh;2
Rowan;2891
Rowel;2
Roy;1398
Roy-james;2
Royce;2
Royston;6
Rua;2
Ruadhan;1021
Ruadhan-darragh;2
Ruadhri;8
Ruadri;2
Ruaidhri;613
Ruaidri;3
Ruairaidh;2
Ruairc;2
Ruairi;948
Ruairic;2
Ruairidh;5
Ruan;9
Ruanai;2
Ruarai;5
Ruarcc;2
Ruari;2143
Ruaridh;5
Rubab;2
Ruben;1726
Rubens;3
Rubin;5
Ruddi;2
Rudi;895
Rudolf;2
Rudy;777
Rueben;3
Ruedi;2
Rufi;2
Rufus;3
Rugan;2
Rui;9
Ruiari;3
Ruidi;3
Rujhaan;2
Rupert;3
Rupshayan;2
Rurairi;2
Rushil;2
Ruslan;2
Russ;2
Russell;781
Ruudi;2
Ruudy;2
Rwik;2
Ryad;2
Ryan;54
Ryan-curtis;2
Ryan-eoin;2
Ryan-lee;2
Ryan-paul;2
Ryan-seamus;2
Ryan-shaun;2
Ryanlee;2
Ryas;2
Ryce;2
Ryder;2
Ryhs;3
Ryker;2
Rylan;697
Ryle;2
Rylee;1107
Ryleigh;2
Ryley;880
Rylie;393
Rylyn;2
Ryon;2
Rys;2
Ryse;2
Ryszard;2
Saad;2
Saadullah;2
Saahil;3
Sacha;2
Sachairi;2
Sachin;3
Sadek;2
Saeed;2
Safwan;2
Sagar;2
Sahil;2
Sai;5
Saif;5
Saif-aldeen;2
Saimonas;3
Sajid;2
Sajidur;2
Sakariya;2
Saldenio;2
Salem;3
Salh;2
Salih;2
Salim;3
Salvantynho;2
Salvatore;2
Salvijus;2
Sam;980
Sam-long;2
Sam-luis;2
Sam-thomas;2
Samed;2
Sameeh;2
Sameer;3
Samer;2
Sami;6
Samir;5
Samisoni;2
Sammey;2
Sammie;2
Sammy;2
Sammy-joe;2
Samsom;2
Samson;3
Samual;3
Samuel;480
Sanal;2
Sanan;3
Sanath;2
Sandy;2
Sanjo;2
Santiago;2
Santino;3
Saoban;2
Saoirse;3
Saran;6
Sarunas;2
Sascha;2
Sasha;3
Saul;3090
Savio;2
Sawyer;2
Sayed;2
Sayeed;2
Sayf;2
Schmeichel;2
Schuyler;2
Scot;280
Scott;840
Scotty;2
Se;1822
Sea;3
Seaan;2
Seadhna;8
Seadna;5
Seagh;5
Seaghan;6
Seaghda;3
Seaghdha;2
Seald;2
Seamas;5
Seamus;2267
Seamus-antione;2
Seamus-og;5
Sean;247
Sean-anthony;3
Sean-bailey;2
Sean-eoin;2
Sean-james;2
Sean-john;2
Sean-martin;3
Sean-michael;8
Sean-og;9
Sean-owen;3
Sean-padraig;2
Sean-patrick;5
Sean-paul;1568
Sean-pearce;2
Sean-pearse;2
Sean-piaras;3
Sean-pol;5
Sean-thomas;2
Sean-tone;2
Seanan;283
Seanay;2
Seanchan;2
Seanchas;2
Seanie;5
Seann;2
Seanna;337
Seannain;2
Seanni;2
Seanog;9
Seanpaul;2
Seanpol;2
Searbhan;2
Searnan;2
Seb;3
Sebastian;2248
Sebastien;5
Sebastyn;2
Sebestyen;2
Seff;2
Sefin;2
Segdae;6
Seigh;2
Seigheann;2
Seijuro;2
Seimi;3
Seimi-og;2
Selase;2
Semih;2
Senan;1745
Sendhil;2
Seng;5
Senna;2
Senon;2
Seoirse;6
Seon;3
Seonag;2
Seosamh;12
Seosaph;2
Sepehr;2
Sergej;2
Sergio;5
Serim;2
Sesan;2
Setanta;308
Seth;1570
Seve;2
Seweryn;3
Seyed-behnom;2
Shaan;2
Shadi;2
Shae;1050
Shaeden;2
Shafeen;2
Shafiq;2
Shah;2
Shaheen;2
Shaheer;5
Shahriar;2
Shahroz;2
Shahzaib;2
Shai;3
Shailen;2
Shain;5
Shakeel;6
Shamus;2
Shan;11
Shane;823
Shann;3
Shannon;2
Shanny;2
Shao;2
Shaquille;3
Shariff;2
Shaun;2542
Shaun-cathal;2
Shaun-paul;5
Shaunie;2
Shaunoig;2
Shauryaman;2
Shaw;9
Shawn;12
Shay;1672
Shay-padraig;2
Shayaan;2
Shayan;2
Shaye;8
Shayne;1722
Shazli;2
She;2
She;144
Shea;598
Shea-patrick;2
Shea-tomas;2
Sheagh;3
Shealan;2
Sheamus;3
Shearnan;2
Sheayin;2
Shecine;2
Sheehan;3
Sheelin;2
Sheikh;2
Shelby;2
Sheldon;5
Shelton;2
Shemiah;2
Shemus;2
Sheng;5
Shenna;2
Sheouin;2
Sheriff;2
Shermen;2
Shey;2
Shi;6
Shiel;2
Shileen;2
Shine;2
Shing;3
Shiraz;2
Shiv;2
Shivam;2
Shivesh;2
Shivraj;2
Shlok;2
Shmuel;2
Shopon;2
Shota;2
Shravan;2
Shrenik;2
Shreve;2
Shreyas;3
Shrida;2
Shuan;2
Shuggie;2
Shun;2
Shunsuke;2
Shyam;2
Siadhal;2
Sian;2
Sid;3
Sidas;2
Siddarth;2
Siddharth;3
Siddiq;2
Sidharth;2
Sidney;2
Sielan;2
Sijjad;2
Sikander;2
Silas;8
Silean;2
Simao;2
Simas;2
Simbarashe;2
Simeon;5
Simon;2282
Simpson;2
Sina;2
Sincoln;2
Siochain;2
Siollan;2
Sion;3
Sionan;5
Sionna;2
Sipho;2
Sirio;2
Siu;2
Sky;2
Slaine;3
Sleibhin;2
Smokey;2
Smyth;2
Sohaib;3
Sohail;2
Soham;6
Sohil;2
Sohta;2
Sol;1151
Solan;2
Solomon;351
Somesh;2
Somhairle;5
Son;2
Song-hui;2
Soni;2
Sonni;2
Sonnie;8
Sonny;1184
Sonny-lee;2
Soren;3
Sorley;2
Sotiris;2
Soul;2
Spencer;1342
Spenser;3
Spike;3
Spyridon;2
Sree-hari;2
Sriraj;2
Sriraman;2
Srivar;2
St.john;2
Stafford;3
Stan;6
Standfast;2
Stanislav;2
Stanislaw;770
Stanley;296
Stavros;2
Steafan;6
Stefan;2709
Stefano;5
Steffan;5
Stein;3
Steive;2
Stellan;2
Stellios;2
Stephan;5
Stephane;2
Stephen;791
Stephin;2
Steve;294
Steven;1784
Steven-lee;2
Stevie;12
Stevie-lee;2
Stevo;2
Stewart;1365
Stewart-lee;2
Stiofan;386
Storm;6
Struan;3
Stuart;2077
Stuarty;2
Subayr;2
Sufyan;2
Suhayb;3
Sujal;2
Sulaiman;2
Suleman;2
Sullivan;2
Sumeet;2
Sunee;2
Suraj;3
Sydney;8
Syed;5
Sylvan;2
Sylwester;2
Synan;2
Syrvonne;2
Szebasztian;2
Szymon;704
T-jay;8
Taaseen;2
Taavi;2
Tadas;3
Tadc;3
Tadg;2
Tadgh;8
Tadhg;2294
Tahmeed;2
Tahmid;3
Tai;11
Taidgh;3
Taidhg;3
Taidhgin;2
Taigh;2
Taighe;2
Taine;5
Tainur;2
Taio;3
Tairdelbach;2
Tait;2
Taiyuan;2
Taj;2
Tajus;387
Takuto;2
Talal;3
Talan;3
Taleb;2
Talha;2
Taliesin;2
Talimul;2
Tallinn;2
Tallon;3
Tallyn;2
Tamar;2
Tamas;2
Tana;2
Tanai;2
Tanaka;3
Tanav;2
Tanay;2
Tanish;2
Tanishq;2
Tapiwa;2
Taran;5
Tarek;3
Tarik;2
Tariq;6
Tarlach;402
Tarun;2
Tarunesh;2
Tashinga;2
Tate;6
Taubie;2
Tauras;2
Tauren;2
Tawaliu;2
Tay;2
Tayfun;2
Taylan;5
Tayler;2
Taylor;1460
Taylor-jay;3
Taylor-john;2
Taylor-lee;5
Taylor-leigh;2
Tayyib;2
Teadghan;3
Teagan;3
Teaghan;3
Teaghon;3
Teague;3
Tearlagh;2
Tearnan;2
Teaven;2
Ted;12
Teddy;9
Tedghan;2
Tee;2
Tee-jay;3
Teejay;5
Teelin;3
Tegan;3
Teiano;2
Teigan;2
Teighan;2
Teigue;2
Teirnan;8
Tejas;2
Tejay;2
Temiloluwa;2
Temour;2
Teng;2
Tennyson;2
Teo;5
Teodor;2
Teoman;2
Terence;2680
Terrance;2
Terrell;2
Terrence;5
Terry;1164
Terry-joe;2
Terry-lee;2
Teyte;2
Thahid;2
Thai;5
Tharusha;2
Theadore;2
Theo;1943
Theodor;2
Theodore;1250
Theodorus;2
Theon;2
Thiago;2
Thibault;2
Thierry;3
Thijmen;2
Thoirn;2
Thom;5
Thomas;162
Thomas-james;3
Thomas-jay;5
Thomas-john;3
Thomas-martin;2
Thommas;2
Thommy;2
Thompson;6
Thomson;2
Thorin;2
Thristin;2
Tia;2
Tiago;8
Tian;6
Tianen;2
Tiaran;2
Tiarnach;255
Tiarnain;2
Tiarnan;1356
Tieran;2
Tierin;2
Tiernain;2
Tiernan;998
Tiernay;2
Tierney;2
Tiernin;2
Tiernnan;2
Tiernoc;2
Tiernon;2
Tieron;2
Tifeoluwa;2
Tigearnan;2
Tiger;2
Tiger-lee;2
Tigernan;5
Tighearnach;2
Tighearnan;944
Tighearnoch;2
Tighernan;2
Tijay;2
Tim;588
Timas;2
Timilehin;2
Timmy;5
Timo;2
Timoci;3
Timotee;2
Timotej;2
Timothee;2
Timothy;2025
Timur;2
Tinashe;3
Ting;2
Tir-eogain;2
Tir-eoghain;2
Tireogain;2
Tireoghain;2
Tireoin;3
Tirnan;5
Tirnanog;2
Tirrell;2
Tirynn;2
Titas;318
Tiyron;2
Tj;11
Tja;2
Tjabering;2
Tjoe;2
Toben;2
Tobey;5
Tobi;2
Tobias;1947
Tobiasz;3
Tobie;2
Tobie-lee;2
Tobin;11
Toby;1985
Tobyn;2
Tochukwu;2
Todd;1304
Todhran;3
Todor;2
Toirealach;3
Toirleach;2
Tola;3
Tolulope;2
Toluwalase;2
Toluwanife;2
Tom;1440
Tomas;2092
Tomas-ag;2
Tomas-tom;2
Tomasi;2
Tomass;2
Tomasz;392
Tomek;2
Tomiya;2
Tommi;5
Tommie;6
Tommie-lee;2
Tommy;2286
Tommy-joe;5
Tommy-lee;9
Tommylee;2
Toms;5
Tomys;2
Tonderai;2
Toni;2
Tonie;2
Tonis;2
Tony;3063
Tony-lee;2
Tor;2
Toraigh;2
Toran;6
Torben;2
Torfhinn;2
Tori;3
Tori-lee;2
Torin;1308
Torr;2
Torre;2
Torrens;3
Torres;2
Torrey;2
Torrin;3
Torry;2
Tory;3
Toryn;2
Tosani;2
Touseef;2
Trae;5
Trafford;6
Traford;2
Trai;3
Travis;2472
Travis-james;2
Travis-lee;2
Tre;11
Trea;3
Tremaine;2
Trent;9
Trenton;2
Trentyn;2
Trevis;2
Trevor;2055
Trevyn-jay;2
Trey;5
Trilyn;2
Tristaan;2
Tristan;2328
Tristen;6
Tristian;11
Tristin;700
Triston;2
Tristyn;2
Tronhan;2
Troy;2798
Troydin;2
Truman;2
Trystan;6
Tsai;2
Tsidkenu;2
Tsz;2
Tsz-shun;2
Tuan;5
Tukaram;2
Tuncel;2
Turaab;2
Turlach;2
Turloch;5
Turlough;2367
Ty;1073
Tyainon;2
Tyan;2
Tye;384
Tyell;2
Tyi;2
Tyla;2
Tylan;2
Tylar;5
Tyler;980
Tyler-jackson;2
Tyler-james;6
Tyler-jay;2
Tyler-john;3
Tyler-jordon;2
Tyler-joshua;2
Tyler-lee;2
Tyler-matthew;2
Tyler-uel;2
Tylor;620
Tylor-jay;2
Tymon;341
Tymoteusz;5
Tynan;5
Tynen;2
Tyran;3
Tyree;5
Tyreece;6
Tyreek;2
Tyreese;2
Tyreik;2
Tyrek;2
Tyrell;5
Tyrelle;2
Tyrese;667
Tyrhys;2
Tyrian;2
Tyrin;2
Tyrone;1460
Tyson;5
Uanan;2
Udochukwu;2
Uel;5
Ugnius;3
Uilleac;2
Uilliam;2
Uisce;2
Ultan;2973
Ultan-rua;2
Umair;2
Umar;5
Umayr;2
Umeir;2
Umer;2
Uosis;2
Uri;2
Uthenga;2
Utibe;2
Uuel;2
Uzair;3
Vadim;2
Vadym;2
Vakaris;2
Val;2
Valelo;2
Valentin;3
Valentino;2
Valerio;2
Vangelis;2
Vansh;2
Varun;2
Vaughn;329
Vedant;3
Vedanth;2
Veer;2
Vejas;2
Ven;2
Venancio;2
Venkata;2
Vern;2
Vernon;2
Veselin;2
Vharish;2
Vianiy;2
Victor;561
Victory;2
Vidhath;2
Vihaan;3
Vijay;2
Vikesh;2
Viktor;2
Vildeson;2
Vilius;2
Vinay;2
Vince;5
Vincent;3094
Vincenzo;2
Vinnie;5
Viraj;2
Vishal;2
Vishnu;3
Vitalis;2
Vitor;2
Vittorio;2
Vivan;2
Vivek;2
Vlad;3
Vladislavs;2
Vladymyr;2
Vojtech;2
Von;2
Vytautas;2
Wadan;2
Wade;5
Wadsworth;2
Wai;6
Wajid;2
Waleed;2
Wallace;8
Walsh;2
Walter;6
Wang;2
Wang-kai;2
Ward;3
Warden;2
Warner;2
Warren;2548
Warrick;2
Wassim;3
Wasswa;2
Watson;2
Wayde;2
Wayne;1045
Wei;3
Wei-yu;2
Wen;6
Wesley;610
Weston;2
Wiktor;1171
Wil;3
Wilbert;2
Wilbur;2
Wilfred;3
Will;2224
William;445
William-henry;2
William-john;2
William-lee;2
Willian;2
Willie;3
Willis;5
Willson;2
Wilnor;2
Wilson;292
Windsor;2
Wing;5
Wing-fung;2
Winston;2
Wisaam;2
Wisdom;2
Wojciech;1334
Wojtek;2
Woodrow;3
Woody;5
Worlali;2
Wyatt;395
Xan;2
Xander;366
Xaviar;2
Xavier;669
Xawier;3
Xeno;2
Xiang;2
Xiaochao;2
Xiaofan;2
Xin;2
Xing;5
Xinxiang;2
Xue;2
Yahya;3
Yamin;2
Yamn;2
Yan;3
Yan-zhen;2
Yang;2
Yanick;2
Yanik;2
Yanis;3
Yannic;2
Yannick;3
Yano;2
Yao;2
Yarasi;2
Yasar;2
Yaseen;5
Yaser;2
Yash;2
Yasin;6
Yasir;2
Yassen;3
Yasser;2
Yassine;3
Yat;2
Yavin;2
Yavuz;2
Yazan;2
Yazin;2
Yehoshua;2
Yeon;2
Yi;3
Yiayan;2
Yik-lam;2
Yilong;2
Ying;2
Yinxiang;2
Yip;2
Yishan;2
Yiu;3
Yoann;2
Yonatan;2
Yong;3
Yorke;2
Yosef;3
Yosif;2
You;3
Youcef;5
Younesse;2
Yousaf;2
Yousef;9
Yousif;3
Yousof;2
Youssef;2
Yousuf;6
Yu;3
Yu-henn;2
Yu-hong;2
Yuan;5
Yue;2
Yuk;2
Yuki;2
Yun;3
Yung;2
Yuri;5
Yussef;2
Yusuf;8
Yusung;2
Yuv;2
Yvain;2
Ywann;2
Yzn;2
Zaac;2
Zaackary;2
Zaahid;2
Zac;2705
Zacariah;2
Zacc;2
Zach;2127
Zach-lee;2
Zachari;2
Zacharia;3
Zachariah;1366
Zacharias;2
Zacharie;2
Zachary;2623
Zachauri;2
Zachery;8
Zack;2533
Zackary;6
Zackery;2
Zacoolee;2
Zai;3
Zaid;6
Zain;3
Zak;2183
Zakarea;2
Zakari;2
Zakaria;9
Zakariah;3
Zakariath;2
Zakarie;2
Zakariya;3
Zakary;3
Zakarya;2
Zakas;2
Zakery;2
Zakir;3
Zakk;695
Zakkaria;2
Zalan;2
Zalinette;2
Zander;6
Zandrei;2
Zane;1114
Zaneto;2
Zarach;2
Zavin;2
Zayan;2
Zayd;2
Zayne;2
Zdenek;2
Ze;6
Zechariah;11
Zed;2
Zedas;2
Zeejah;2
Zeerus;2
Zein;2
Zeinelabdin;2
Zek;2
Zeke;8
Zeki;2
Zelbenj;2
Zenan;2
Zenho;2
Zenith;2
Zephyran;2
Zeshan;2
Zhai;2
Zhao;2
Zhen;2
Zhen-hang;2
Zhi;6
Zhi-peng;2
Zhi-yang;2
Zhixuan;2
Zhou;2
Zhouming;2
Zi;5
Zian;2
Zichen;2
Zinedine;2
Zion;5
Zivai;2
Ziyad;2
Zohaib;2
Zongqi;2
Zorawar;2
Zoren;2
Zun;2
Zunair;2
