Hansen;54823
Johansen;51443
Olsen;51068
Larsen;38736
Andersen;37833
Pedersen;35863
Nilsen;35661
Kristiansen;24028
Jensen;23430
Karlsen;21807
Johnsen;21018
Pettersen;20574
Eriksen;19419
Berg;18305
Haugen;14523
Hagen;14232
Johannessen;13635
Andreassen;12262
Jacobsen;12072
Halvorsen;11680
Dahl;11590
Jørgensen;11538
Henriksen;11386
Lund;11342
Sørensen;10758
Jakobsen;10710
Gundersen;10530
Moen;10381
Iversen;10177
Svendsen;10047
Strand;9850
Solberg;9740
Martinsen;8647
Knutsen;8565
Paulsen;8515
Eide;8360
Bakken;7977
Kristoffersen;7931
Mathisen;7680
Lie;7421
Rasmussen;7213
Amundsen;7173
Kristensen;6996
Lunde;6976
Bakke;6931
Moe;6890
Fredriksen;6884
Berge;6883
Nygård;6836
Solheim;6789
Lien;6544
Holm;6544
Andresen;6473
Knudsen;6374
Christensen;6364
Nguyen;6309
Hauge;6287
Nielsen;6161
Evensen;6051
Sæther;6001
Aas;5952
Hanssen;5944
Myhre;5849
Thomassen;5717
Haugland;5695
Simonsen;5654
Sivertsen;5628
Berntsen;5623
Danielsen;5494
Arnesen;5376
Rønning;5287
Næss;5262
Sandvik;5208
Antonsen;5161
Haug;5126
Ellingsen;4990
Edvardsen;4974
Thorsen;4925
Vik;4908
Gulbrandsen;4893
Ruud;4744
Isaksen;4709
Birkeland;4700
Strøm;4503
Ali;4486
Ødegård;4449
Aasen;4446
Tangen;4395
Jenssen;4378
Eliassen;4371
Mikkelsen;4309
Bøe;4275
Myklebust;4272
Aune;4252
Helland;4134
Abrahamsen;3983
Brekke;3959
Tveit;3957
Madsen;3843
Engen;3841
Christiansen;3839
Ahmed;3830
Sunde;3674
Thoresen;3636
Mortensen;3634
Torgersen;3596
Bjerke;3592
Hermansen;3516
Mikalsen;3511
Magnussen;3489
Nilssen;3464
Bråthen;3448
Helgesen;3435
Hovland;3401
Gjerde;3400
Wold;3395
Eilertsen;3360
Dahle;3319
Dale;3281
Nygaard;3278
Steen;3206
Wilhelmsen;3187
Jansen;3177
Foss;3148
Bjørnstad;3123
Gabrielsen;3088
Gustavsen;3057
Sætre;3037
Hammer;3007
Håland;3005
Ingebrigtsen;2967
Bråten;2935
Hoel;2921
Engebretsen;2867
Solli;2850
Carlsen;2845
Holmen;2827
Hoff;2827
Samuelsen;2816
Sveen;2735
Lorentzen;2735
Ludvigsen;2733
Sandnes;2715
Rønningen;2708
Breivik;2698
Fossum;2689
Monsen;2688
Tran;2678
Johannesen;2627
Fjeld;2609
Solvang;2574
Nordby;2549
Solbakken;2548
Bye;2518
Jonassen;2517
Syversen;2499
Stokke;2492
Egeland;2481
Dalen;2464
Sand;2461
Aase;2461
Løken;2447
Andersson;2439
Bø;2430
Ødegaard;2424
Sørlie;2406
Wiik;2400
Johansson;2365
Haga;2360
Tollefsen;2287
Sandberg;2282
Møller;2267
Viken;2252
Kvam;2243
Torp;2229
Teigen;2226
Wang;2218
Haaland;2217
Berger;2214
Enger;2210
Hamre;2206
Kolstad;2200
Borge;2196
Nikolaisen;2182
Sande;2181
Ottesen;2177
Stene;2171
Øien;2156
Eikeland;2142
Borgen;2137
Holen;2130
Fosse;2130
Helle;2120
Kvamme;2118
Sletten;2114
Langeland;2101
Haugan;2085
Petersen;2084
Skoglund;2072
Kleven;2067
Khan;2056
Løkken;2054
Arntsen;2051
Markussen;2043
Tønnessen;2012
Østby;1996
Stensrud;1996
Hole;1993
Lind;1990
Arntzen;1988
Mæland;1982
Hassan;1982
Tvedt;1968
Nordli;1966
Aamodt;1965
Lian;1955
Røed;1940
Solem;1924
Ellefsen;1910
Myrvang;1884
Eggen;1872
Berget;1871
Syvertsen;1869
Davidsen;1864
Husby;1858
Nesse;1857
Simensen;1849
Børresen;1841
Vold;1840
Ness;1834
Hetland;1824
Kleppe;1823
Skaar;1813
Marthinsen;1812
Gran;1798
Stenberg;1795
Finstad;1787
Sund;1772
Fjeldstad;1765
Olaussen;1752
Reitan;1746
Mohamed;1736
Brevik;1728
Smith;1726
Norheim;1714
Meyer;1713
Larssen;1712
Skaug;1690
Holte;1685
Bjelland;1668
Klausen;1666
Gjertsen;1659
Meland;1656
Bolstad;1656
Krogstad;1651
Le;1644
Espeland;1624
Riise;1622
Olafsen;1620
Mo;1610
Nordbø;1609
Lauritzen;1608
Lindberg;1604
Solhaug;1603
Rustad;1603
Nilsson;1599
Endresen;1588
Grimstad;1583
Opsahl;1572
Farstad;1571
Bergersen;1570
Bendiksen;1570
Holt;1565
Thorvaldsen;1564
Hussain;1564
Waage;1560
Aasheim;1559
Myrvold;1556
Krogh;1555
Øverland;1545
Vatne;1545
Gulliksen;1545
Larsson;1539
Salvesen;1531
Grande;1530
Nyborg;1525
Thorbjørnsen;1520
Thorstensen;1518
Bredesen;1517
Sørli;1511
Rød;1506
Stangeland;1500
Normann;1499
Nyhus;1495
Nordvik;1491
Ringstad;1474
Steffensen;1463
Bjørnsen;1457
Nordahl;1455
Hjelle;1453
Frantzen;1445
Holter;1442
Sørum;1440
Haraldsen;1439
Melby;1438
Mathiesen;1428
Mork;1426
Mohammed;1410
Hovde;1408
Christoffersen;1406
Håkonsen;1405
Ahmad;1405
Skogen;1404
Lervik;1401
Nes;1393
Opheim;1392
Ramstad;1388
Mørk;1376
Stenersen;1375
Økland;1370
Skår;1370
Karlsson;1367
Øyen;1363
Eriksson;1361
Guttormsen;1353
Volden;1343
Erlandsen;1342
Lande;1340
Braathen;1338
Vangen;1334
Bergan;1334
Sundby;1333
Skeie;1333
Bugge;1331
Holst;1327
Fredheim;1326
Bang;1324
Robertsen;1320
Kaspersen;1306
Nymoen;1304
Martinussen;1292
Johnsrud;1285
Ask;1285
Bjørklund;1284
Aronsen;1284
Singh;1278
Høyland;1276
Olsson;1269
Rørvik;1268
Bjørge;1268
Hope;1264
Wiig;1263
Michelsen;1262
Abdi;1260
Lundberg;1258
Våge;1252
Grønvold;1249
Berglund;1245
Ibrahim;1241
Dahlen;1239
Hovden;1228
Strømme;1226
Lid;1223
Strømmen;1206
Sæbø;1202
Skjæveland;1200
Holthe;1199
Engh;1190
Kleiven;1188
Seim;1186
Nicolaisen;1186
Søvik;1182
Sagen;1180
Clausen;1179
Tobiassen;1177
Tveiten;1174
Ervik;1171
Skogstad;1167
Solstad;1166
Rogne;1166
Skar;1163
Løland;1161
Benjaminsen;1160
Nyheim;1158
Askeland;1158
Bekkevold;1156
Gravdal;1155
Austad;1155
Øvrebø;1153
Hussein;1151
Nordal;1145
Meling;1145
Pham;1144
Nyland;1141
Lauritsen;1135
Olstad;1134
Bertelsen;1133
Stensland;1126
Schei;1126
Lyngstad;1122
Steinsland;1121
Didriksen;1121
Bentsen;1121
Borgersen;1120
Thorkildsen;1116
Brenden;1115
Barstad;1112
Odden;1107
Nordgård;1104
Bekken;1103
Ramberg;1101
Nesheim;1097
Frydenlund;1097
Langseth;1094
Enoksen;1092
Vinje;1091
Kaur;1090
Ingvaldsen;1090
Lia;1089
Norum;1085
Svensson;1080
Jørstad;1076
Persson;1069
Sæter;1061
Tandberg;1056
Nordheim;1053
Midtbø;1052
Iqbal;1052
Eidem;1052
Huse;1049
Heimdal;1049
Evjen;1049
Thomsen;1048
Horn;1043
Bergh;1042
Huseby;1040
Hoem;1040
Stenseth;1039
Fossen;1039
Bergli;1038
Svensen;1037
Haugerud;1036
Alstad;1034
Aslaksen;1033
Westby;1032
Aasland;1032
Berntzen;1030
Førde;1027
Ueland;1025
Gjerstad;1025
Fagerli;1024
Winther;1023
Korneliussen;1022
Lange;1020
Øye;1018
Hopland;1018
Nicolaysen;1017
Handeland;1016
Brun;1013
Blindheim;1011
Almås;1010
Sollie;1004
Myren;1003
Bruun;1002
Heggelund;1001
Kvalheim;1000
Gilje;999
Øverby;997
Brenna;990
Holten;988
Hustad;983
Reiersen;982
Hågensen;982
Lystad;981
Tønnesen;979
Lorentsen;979
Selnes;976
Furnes;976
Bjørndal;976
Skog;975
Nerland;975
Granli;974
Gregersen;973
Hove;970
Lohne;967
Nergård;966
Flaten;965
Blom;965
Bergum;965
Trondsen;963
Torsvik;961
Åsheim;960
Grindheim;960
Bergheim;960
Løvås;958
Sjursen;957
Vågen;956
Liland;955
Sundal;953
Mathiassen;947
Eng;947
Standal;943
Østensen;941
Mjelde;941
Sørheim;940
Solum;940
Akselsen;939
Adolfsen;939
Nyberg;937
Østrem;936
Totland;935
Aksnes;935
Hvidsten;933
Bratland;932
Wahl;930
Bjerknes;930
Kjær;928
Dybvik;927
Undheim;926
Storvik;926
Morken;922
Helgeland;922
Ingebretsen;920
Nordhagen;918
Furuseth;916
Einarsen;916
Rygh;915
Falch;915
Wik;914
Sandal;913
Toft;911
Rusten;911
Nystad;911
Bårdsen;908
Stølen;906
Omar;906
Hillestad;906
Storhaug;905
Kaasa;902
Aarseth;899
Voll;898
Lothe;896
Grønli;893
Oftedal;887
Røstad;884
Eik;884
Ryen;883
Wangen;881
Ovesen;881
Matre;881
Erichsen;881
Engan;879
Sæthre;878
Hofstad;878
Olufsen;874
Straume;872
Haldorsen;872
Bergstrøm;871
Reinertsen;868
Løvik;868
Holstad;868
Nesset;866
Haugstad;864
Førland;863
Akhtar;863
Høvik;861
Ulriksen;860
Haukås;858
Josefsen;856
Alvestad;856
Lindseth;855
Husebø;853
Kvåle;851
Braaten;851
Aakre;849
Kvalvik;848
Hernes;848
Skretting;844
Skogheim;844
Fjellheim;844
Moland;842
Tellefsen;839
Myhren;836
Herland;835
Eikrem;834
Holth;830
Asbjørnsen;830
Forsberg;829
Salte;828
Valle;825
Espedal;825
Hals;824
Fjellstad;824
Brustad;824
Strømsnes;823
Røe;823
Haagensen;822
Nordstrand;821
Anderssen;821
Bjerkan;819
Storli;817
Nylund;817
Stubberud;815
Rostad;814
Lindstad;814
Holand;811
Lindgren;810
Rygg;809
Tronstad;807
Søberg;805
Lier;805
Schmidt;804
Byberg;803
Ravndal;801
Egge;801
Michaelsen;798
Øygarden;796
Valen;795
Osman;795
Omdal;795
Vollan;794
Vikan;790
Sanden;790
Holme;789
Høiland;787
Kroken;786
Skare;783
Bentzen;781
Juliussen;780
Johnson;779
Fagerheim;778
Grønning;777
Myller;776
Corneliussen;776
Sannes;775
Bekkelund;775
Sæle;774
Kopperud;771
Øen;770
Steine;770
Bjørke;770
Ekeberg;768
Løberg;767
Holtan;767
Amdal;766
Albertsen;765
Sundt;764
Fossheim;763
Omland;762
Jonsson;762
Huynh;762
Torkildsen;760
Løseth;760
Riis;759
Brandal;759
Tveter;758
Begum;758
Mørch;757
Fjørtoft;756
Walle;755
Hodne;754
Aga;754
Stokka;753
Hansson;750
Vedvik;749
Buer;749
Stokkeland;747
Moberg;746
Søyland;745
Beck;744
Albrigtsen;744
Løvdal;743
Nybø;742
Holtet;742
Fauske;742
Persen;740
Gaustad;740
Bratlie;739
Brandt;739
Stormo;735
Severinsen;735
Fjell;735
Schjølberg;729
Helmersen;728
Dokken;728
Giske;727
Lea;724
Skaret;723
Kvammen;723
Erstad;723
Borg;722
Risa;721
Hellerud;719
Rosland;717
Wathne;716
Melhus;716
Lillebø;715
Hegge;715
Hov;712
Henden;712
Heggen;712
Butt;712
Granheim;711
Bergesen;711
Salomonsen;710
Roland;710
Øren;709
Teigland;708
Birkelund;708
Olaisen;707
Erdal;707
Hage;705
Rise;704
Malik;704
Leirvik;704
Høie;701
Myrland;700
Gjesdal;700
Berentsen;700
Bertheussen;697
Halland;696
Angell;694
Richardsen;692
Bull;692
Sundet;691
Haukeland;689
Holden;688
Myhr;687
Linnerud;686
Rabben;685
Heitmann;684
Refsnes;682
Ringen;681
Nordnes;681
Brenne;681
Netland;678
Hauger;678
Mahmood;677
Sandøy;676
Karlstad;676
Østli;674
Heggem;674
Alme;673
Granum;672
Drange;671
Vestli;670
Abelsen;670
Rosseland;669
Utne;668
Rønneberg;668
Bruland;668
Aaserud;668
Sylte;666
Ringdal;666
Bjordal;666
Bøhn;665
Schrøder;664
Søreide;662
Vang;661
Rødland;661
Bech;661
Oppedal;660
Lunden;660
Enge;658
Sveum;657
Skogli;657
Mohammad;656
Gjelsvik;655
Søreng;654
Gudmundsen;654
Grøndahl;654
Ree;653
Opdal;653
Nakken;653
Lindstrøm;653
Anderson;653
Myrseth;651
Åsen;649
Rye;649
Li;649
Jahren;649
Folkestad;649
Sandvold;648
Stang;646
Kittelsen;644
Aarnes;644
Hellum;642
Stien;640
Storsveen;639
Rognstad;639
Reistad;638
Odland;637
Skjold;636
Haugli;636
Furulund;636
Frøyland;636
Vo;635
Risnes;635
Løvaas;635
Homme;635
Smedsrud;634
Bogen;634
Torvik;633
Hestnes;633
Granlund;633
Bore;633
Smestad;632
Ulvestad;631
Eie;631
Moi;629
Blix;629
Kolberg;628
Støle;627
Rekdal;627
Fuglestad;627
Karstensen;626
Sørbø;625
Green;625
Granberg;625
Rogstad;624
Roald;623
Lyng;623
Lindland;623
Melbye;622
Dahlberg;621
Midtun;620
Jama;620
Løvstad;619
Heiberg;619
Rolland;617
Lode;617
Hogstad;617
Myrvoll;616
Skjelbred;615
Skagen;615
Sørvik;614
Kittilsen;614
Harstad;613
Engelsen;612
Rudi;611
Randen;611
Marcussen;610
Alnes;610
Elstad;608
Sollid;607
Osmundsen;607
Mydland;607
Henningsen;605
Øverås;604
Ismail;604
Urdal;603
Bruvik;603
Thune;602
Sørgård;602
Skrede;602
Jahr;602
Jansson;601
Vatland;600
Lundby;600
Hovda;600
Dammen;600
Aanonsen;599
Myhrvold;597
Holberg;597
Hjelmeland;597
Gaarder;597
Vestby;596
Kildal;596
Petterson;593
Håvik;593
Nordberg;592
Bergmann;591
Øverli;590
Østgård;590
Mæhlum;590
Farah;590
Haave;588
Fjelde;588
Lein;587
Kvalsvik;587
Bauge;586
Aarstad;586
Steinsvik;585
Skulstad;585
Eid;585
Ek;584
Svarstad;583
Eira;583
Westgaard;582
Brynildsen;582
Longva;581
Lillevik;581
Kjærstad;581
Reiten;580
Berland;580
Ofstad;578
Brovold;578
Sharma;577
Bratli;576
Øvergård;575
Lønning;575
Loe;575
Terjesen;574
Stensby;574
Zachariassen;573
Thon;572
Skau;572
Fjeldheim;572
Brekken;572
Midttun;571
Wergeland;570
Vestre;570
Werner;569
Vu;569
Nymo;569
Gudbrandsen;569
Bergseth;568
Myran;567
Fremstad;567
Auestad;567
Selvik;566
Boge;566
Heggland;565
Bjørdal;564
Yusuf;562
Thue;562
Soltvedt;561
Bjørkli;561
Sørby;560
Sortland;560
Marthinussen;560
Lima;560
Hauan;560
Øie;559
Sele;559
Remme;559
Tofte;557
Grønås;557
Jordal;555
Rydland;554
Korsmo;554
Leknes;553
Hem;553
Tufte;552
Nordås;552
Nedrebø;552
Pettersson;551
Ommundsen;551
Fagerland;551
Engelstad;551
Tjelta;550
Løkke;549
Høydal;549
Nordseth;548
Osland;547
Jahnsen;547
Hegna;547
Sollien;546
Kallevik;546
Solås;545
Helseth;544
Taraldsen;543
Halle;543
Groven;543
Dreyer;543
Tharaldsen;542
Osen;541
Sjøberg;540
Forberg;540
Hassel;539
Markhus;538
Bjørsvik;538
Løvseth;536
Heier;536
Skjerve;535
Osnes;535
Grimsrud;535
Aarvik;535
Sandmo;534
Idland;534
Grov;534
Røen;532
Alexandersen;532
Aass;532
Vindenes;531
Otterlei;531
Veland;530
Opdahl;530
Gamst;530
Strande;528
Kjos;528
Hårstad;528
Skauge;527
Nordstrøm;527
Fjeldberg;527
Bru;527
Ulstein;526
Størseth;526
Landro;526
Hestad;526
Aske;526
Reigstad;525
Raknes;525
Hætta;525
Fylling;525
Røste;524
Furu;524
Aadland;524
Nystuen;523
Fevang;523
Alsaker;522
Risan;521
Dyrnes;521
Seland;520
Bernhardsen;520
Vaage;519
Hafstad;519
Botten;519
Sara;518
Berthelsen;518
Korsnes;517
Gaup;517
Fure;516
Bremnes;516
Bjørk;516
Mjøs;515
Semb;514
Rosvold;514
Kjeldsen;514
Finne;514
Elvestad;514
Tengesdal;513
Stranden;513
Lavik;512
Horpestad;512
Flåten;512
Edland;512
Østbye;511
Willumsen;511
Westgård;511
Stenhaug;511
Stamnes;511
Høyvik;511
Horgen;511
Heen;511
Gustafsson;511
Rindal;510
Nervik;510
Gerhardsen;510
Tiller;509
Sletvold;509
Østvold;508
Sandven;508
Grytten;508
Godø;508
Frogner;508
Sævik;507
Nordengen;507
Fotland;507
Stiansen;504
Neset;504
Langerud;504
Hadland;504
Abdullah;504
Schjelderup;503
Alm;503
Vikse;502
Stensen;501
Steinnes;501
Rosenlund;501
Grinde;501
Emilsen;501
Bjørnerud;501
Rian;500
Horne;500
Apeland;500
Nord;499
Dybdahl;499
Rasch;498
Løvold;498
Kvale;498
Gashi;498
Eiken;497
Nesje;496
Westbye;495
Valderhaug;495
Friis;495
Torkelsen;494
Aspelund;494
Solsvik;493
Røren;493
Hammerstad;493
Bergland;493
Waaler;492
Langås;492
Kirkeby;492
Haavik;492
Grødem;492
Høiby;491
Holgersen;491
Wilson;490
Teige;489
Sørdal;489
Heggdal;489
Haukland;489
Husøy;487
Friestad;487
Ngo;486
Djupvik;486
Arvesen;486
Ahmadi;486
Sundberg;485
Fornes;485
Aardal;485
Opstad;484
Karoliussen;484
Hagerup;484
Bryn;484
Wessel;483
Svenning;483
Malmin;483
Aasbø;483
Aalberg;483
Østerhus;482
Revheim;482
Østbø;481
Trøen;481
Skorpen;481
Opedal;481
Landsverk;481
Finsrud;481
Dørum;481
Bach;480
Sandstad;479
Reime;479
Mohammadi;479
Erga;479
Eek;479
Schau;478
Opsal;478
Lindahl;478
Lied;478
Jæger;478
Landa;477
Hellem;477
Aasgaard;477
Nærland;476
Krohn;476
Bjørnestad;476
Bakka;476
Aanensen;476
Sommer;474
Rashid;474
Holmsen;474
Falck;474
Dalland;474
Bjørgum;474
Bergene;474
Skarstein;473
Kaland;473
Frafjord;473
Vartdal;472
Mohamud;472
Bjørvik;472
Mundal;471
Langnes;471
Holmgren;471
By;471
Taule;470
Stave;470
Rong;470
Nordeng;470
Klungland;470
Haglund;470
Bergerud;470
Telle;469
Nergaard;469
Holmedal;469
Hasle;469
Sanne;468
Hognestad;468
Rydningen;466
Øksnes;465
Haram;465
Wolden;464
Kolnes;464
Egeberg;464
Eikenes;463
Røkke;462
Leite;462
Carlsson;462
Bøen;462
Rødal;461
Phan;461
Nordhus;461
Juul;461
Irgens;461
Heldal;461
Garberg;461
Øygard;460
Østebø;460
Westad;460
Kjøsnes;460
Hovind;460
Brakstad;460
Abbas;459
Kalland;458
Håheim;458
Bratberg;458
Aleksandersen;458
Wiggen;457
Stabell;457
Sjølie;457
Frostad;457
Eidissen;457
Kvarme;456
Kjølstad;456
Vestad;455
Skjønhaug;455
Hopen;455
Tysse;452
Tveten;452
Theodorsen;452
Kjørsvik;452
Aure;452
Lægreid;451
Gullaksen;451
Aziz;451
Tveito;450
Reite;450
Dalheim;450
Caspersen;450
Haugseth;449
Moan;448
Høyem;448
Ugland;447
Holmberg;447
Eskeland;447
Aarhus;447
Ottersen;446
Grini;446
Brox;446
Lunder;445
Krog;445
Hynne;445
Hunstad;445
Hegland;445
Solvik;444
Raaen;444
Løvli;444
Grude;444
Granås;444
Valstad;443
Thu;443
Wilberg;442
Rolfsen;442
Kvinge;442
Hjortland;442
Frøland;442
Fossdal;442
Skogmo;441
Nybakk;441
Molvik;441
Braut;441
Østhus;440
Hareide;440
Sommerseth;439
Skeide;439
Poulsen;438
Borlaug;438
Bjørgan;438
Vagle;437
Rosenberg;437
Said;436
Mjøen;436
Krasniqi;436
Tomren;435
Solbakk;435
Sjåstad;435
Tonning;434
Halseth;434
Årdal;433
Minde;433
Lygre;433
Leine;433
Hellevik;433
Eike;433
Christophersen;433
Chen;433
Turøy;432
Herstad;432
Skage;431
Ribe;431
Hartvigsen;431
Slettebø;430
Myhrer;430
Garnes;430
Austrheim;430
Lofthus;429
Erikstad;429
Baardsen;429
Asheim;429
Vangsnes;428
Torvund;428
Tafjord;428
Sømme;428
Heide;428
Ekren;428
Børve;428
Sjøli;427
Helleland;427
Angelsen;427
Moss;426
Holvik;426
Hammersland;425
Kleveland;424
Sola;423
Skogly;423
Nordeide;423
Ho;423
Torjussen;422
Stornes;422
Kielland;422
Fjelldal;422
Bjerga;422
Storesund;421
Røvik;421
Remøy;421
Botnen;421
Aspen;421
Tømmerås;420
Støen;420
Schultz;420
Os;420
Nydal;420
Bunes;420
Axelsen;420
Fauskanger;419
Alfsen;419
Syrstad;418
Ekeland;418
Bolme;418
Haugnes;417
Winge;416
Sandbakken;416
Venås;415
Smeby;415
Mahamed;415
Helgerud;415
Hegg;415
Espe;415
Eikemo;415
Stordal;414
Sharif;414
Rødseth;414
Haugom;414
Granerud;414
Engeset;414
Urke;413
Onarheim;413
Kruse;413
Skjerven;412
Ottosen;412
Nese;412
Klepp;412
Isachsen;412
Alfredsen;412
Kåsa;411
Flem;411
Torstensen;410
Erland;410
Eklund;410
Svenningsen;409
Stein;409
Saleh;409
Strømstad;407
Mauseth;407
Kvalsund;407
Indrebø;407
Gramstad;407
Hausken;406
Shah;405
Røsand;405
Mæhle;405
Berisha;405
Aarø;405
Holsen;404
Flo;404
Trones;403
Skjelstad;403
Nyhagen;403
Haakonsen;403
Espeseth;403
Vea;402
Rolstad;402
Aanes;402
Vågenes;401
Gustad;401
Busch;401
Molnes;400
Misje;400
Fiske;400
Sem;399
Rinde;399
Hatlestad;399
Abdullahi;399
Zakariassen;398
Nyvoll;398
Nordhaug;398
Myhra;398
Hystad;398
Zhang;397
Stølan;397
Storøy;397
Hatlen;397
Schøyen;396
Landmark;396
Vestbø;395
Stigen;395
Sandaker;395
Nordmo;395
Lervåg;395
Klemetsen;395
Engstrøm;395
Brandtzæg;395
Blakstad;395
Olsvik;394
Lundgren;394
Bibi;394
Ausland;394
Skei;393
Myrhaug;393
Myking;393
Heyerdahl;393
Engebakken;393
Berdal;393
Nordskog;392
Anda;392
Varhaug;391
Langhelle;391
Kryger;391
Kjerstad;391
Igland;391
Bryhn;391
Bjørkhaug;391
Tveitan;390
Sønsteby;390
Sakshaug;390
Sagstad;390
Lysaker;390
Hjørnevik;390
Kilen;389
Kalvik;389
Amin;389
Sjøvold;388
Rognlien;388
Michalsen;388
Vårdal;387
Røssland;387
Rognerud;387
Prytz;387
Gudmestad;387
Aasebø;387
Stava;386
Linde;386
Jessen;386
Ege;386
Bui;386
Værnes;385
Daae;385
Bjørgen;385
Tunheim;384
Malmo;384
Hoang;384
Grønlund;384
Enersen;384
Dimmen;384
Nordlie;383
Gram;383
Fossli;382
Ersland;382
Dalby;382
Dahlstrøm;382
Sørhaug;381
Løyning;381
Fiksdal;381
Truong;380
Pollestad;380
Nysæter;380
Mykland;380
Mustafa;380
Husa;380
Holum;380
Norland;379
Østlie;378
Viste;378
Stange;378
Rud;378
Jespersen;378
Samdal;377
Hennum;377
Harestad;377
Dang;377
Bøhler;377
Norberg;376
Hagelund;376
Steiro;375
Lundemo;375
Aanestad;375
Yndestad;374
Vabø;374
Sjo;374
Rosnes;374
Molland;374
Mehus;374
Bue;374
Aslam;374
Vestvik;373
Sletta;373
Røberg;373
Rui;373
Madland;373
Ditlefsen;373
Torbjørnsen;372
Kalstad;372
Elverum;372
Dyb;372
Brunstad;372
Zahl;371
Utheim;371
Tomter;371
Nordtveit;371
Mellingen;371
Karlsrud;371
Halstensen;371
Flatebø;371
Ulseth;370
Tjøstheim;370
Tangstad;370
Sølvberg;370
Løkås;370
Hartmann;370
Sørnes;369
Hofseth;369
Follestad;369
Kråkenes;368
Hægeland;368
Grøtte;368
Goa;368
Dirdal;368
Bjørseth;368
Vigre;367
Sødal;367
Sandanger;367
Nævdal;367
Lysø;367
Lura;367
Lee;367
Kloster;367
Aulie;367
Slåen;366
Claussen;366
Silseth;365
Risvik;365
Koch;365
Høgseth;365
Gill;365
Bjerkestrand;365
Sigurdsen;364
Mellem;364
Krane;364
Karim;364
Engedal;364
Bjerk;364
Storebø;363
Skogseth;363
Ramsvik;363
Kvaal;363
Arnøy;363
Sandum;362
Ranheim;362
Paulsrud;362
Olavesen;362
Warsame;361
Thorsrud;361
Sommerstad;361
Myre;361
Mohn;360
Landsem;360
Kvernmo;360
Jordet;360
Bjørnevik;360
Aaberg;360
Reinholdtsen;359
Bævre;359
Thøgersen;358
Seglem;358
Saga;358
Marken;358
Borch;358
Arneberg;358
Williams;357
Skogland;357
Hagenes;357
Elde;357
Eknes;357
Tallaksen;356
Reppe;356
Knapstad;356
Jones;356
Engevik;356
Elmi;356
Østvik;355
Vigdal;355
Velde;355
Strømberg;355
Soleng;355
Myrstad;355
Marøy;355
Lassen;355
Anfinsen;355
Muri;354
Hammervold;354
Garvik;354
Formo;354
Brown;354
Ashraf;354
Østberg;353
Vassbotn;353
Jentoft;353
Fiskerstrand;353
Walderhaug;352
Magnusson;352
Lium;352
Havn;352
Haugsdal;352
Flø;352
Digernes;352
Teien;351
Svingen;351
Strømnes;351
Kyllingstad;351
Kvande;351
Kvalvåg;351
Asphaug;351
Westrum;350
Vie;350
Tveita;350
Reppen;350
Refvik;350
Moldestad;350
Magnus;350
Grønstad;350
Birkenes;350
Woll;349
Wallin;349
Svela;349
Hegstad;349
Flatland;349
Dyrstad;349
Øvretveit;348
Åsland;348
Nesbø;348
Killi;348
Haarr;348
Trøan;347
Salamonsen;347
Jønsson;347
Ims;347
Ferkingstad;347
Augestad;347
Høiseth;346
Winsnes;345
Skorstad;345
Oma;345
Juvik;345
Guddal;345
Friberg;345
Berggren;345
Alfheim;345
Aakvik;345
Torheim;344
Stray;344
Sandø;344
Kallestad;344
Høgset;344
Heggheim;344
Do;344
Arnestad;344
Wærnes;343
Svindland;343
Rokstad;343
Risdal;343
Liseth;343
Hebnes;343
Haugvaldstad;343
Flaa;343
Austbø;343
Kårstad;342
Kronstad;342
Heia;342
Forseth;342
Rein;341
Nowak;341
Klæboe;341
Grøtting;341
Folkvord;341
Engdal;341
Østmo;340
Vika;340
Tornes;340
Slinning;340
Nymark;340
Mittet;340
Langli;340
Kolltveit;340
Heien;340
Fischer;340
Betten;340
Berstad;340
Anwar;340
Aker;340
Sperre;339
Ramsland;339
Knoph;339
Klokk;339
Klaussen;339
Halse;339
Folgerø;339
Aarskog;339
Klette;338
Aagaard;338
Sævareid;337
Lende;337
Leithe;337
Hildre;337
Frigstad;337
Bashir;337
Tømte;336
Sverdrup;336
Støa;336
Molstad;336
Kolstø;336
Bakk;336
Svardal;335
Rugland;335
Frøyen;335
Bjørndalen;335
Utsi;334
Sture;334
Schjetne;334
Langåker;334
Hoffmann;334
Eikås;334
Ebbesen;334
Anthonsen;334
Walstad;333
Veum;333
Sirevåg;333
Lilleng;333
Kvilhaug;333
Helberg;333
Eggum;333
Bækken;333
Støylen;332
Skjærvik;332
Skjetne;332
Nystrøm;332
Langø;332
Hall;332
With;331
Thomas;331
Tande;331
Mannes;331
Løvland;331
Hanstad;331
Haddeland;331
Glesnes;331
Engeseth;331
Bøyum;331
Astrup;331
Ådland;330
Vike;330
Torbergsen;330
Stendal;330
Lossius;330
Bjørlo;330
Bergem;330
Tøllefsen;329
Røyset;329
Misund;329
Baltzersen;329
Thommesen;328
Otterstad;328
Hval;328
Grongstad;328
Graff;328
Børseth;328
Buvik;328
Bjerkelund;328
Bjerkeli;328
Vatn;327
Røine;327
Høyer;327
Grønseth;327
Angeltveit;327
Midtgård;326
Langøy;326
Langvik;326
Aamot;326
Stavik;325
Sigvartsen;325
Nyrud;325
Moum;325
Kolsrud;325
Hindenes;325
Gjendem;325
Furre;325
Bostad;325
Aaland;325
Tjemsland;324
Oen;324
Malm;324
Hatland;324
Furunes;324
Finseth;324
Ekrem;324
Eckhoff;324
Bjørn;324
Ryland;323
Reed;323
Nybråten;323
Hasan;323
Hamnes;323
Brønstad;323
Brøndbo;323
Barth;323
Valvik;322
Torset;322
Skullerud;322
Roth;322
Olden;322
Møgster;322
Hoddevik;322
Gjelstad;322
Frydenberg;322
Espenes;322
Liu;321
Kongshaug;321
Forbord;321
Bjørkedal;321
Sandbæk;320
Saltnes;320
Prestegård;320
Omholt;320
Nøkleby;320
Lyngvær;320
Kavli;320
Jevne;320
Fiskvik;320
Dalene;320
Bjørkås;320
Aksdal;320
Soldal;319
Saur;319
Nysveen;319
Løver;319
Hotvedt;319
Fagernes;319
Egeli;319
Schou;318
Monstad;318
Mellum;318
Lyse;318
Lilleby;318
Langlo;318
Høines;318
Hellebust;318
Grønnevik;318
Forsmo;318
Wien;317
Velle;317
Opland;317
Minge;317
Hille;317
Dyrdal;317
Drage;317
Almli;317
Øglænd;316
Ulven;316
Sangolt;316
Mostad;316
Kiil;316
Istad;316
Chaudhry;316
Bragstad;316
Aaslund;316
Ødegården;315
Sagmo;315
Nornes;315
Naustdal;315
Melheim;315
Kjellevold;315
Gilberg;315
Dehli;315
Aarsland;315
Wennberg;314
Voldsund;314
Sørhus;314
Lam;314
Kinn;314
Hesjedal;314
Heggøy;314
Engum;314
Vistnes;313
Søfteland;313
Selmer;313
Leistad;313
Kihle;313
Hurlen;313
Horvei;313
Habbestad;313
Fjermestad;313
Blomberg;313
Bakkerud;313
Mogstad;312
Haukaas;312
Gunnerud;312
Ekerhovd;312
Dyngeland;312
Tønder;311
Tvete;311
Storm;311
Hjelvik;311
Farestveit;311
Askim;311
Vedal;310
Gjessing;310
Dagestad;310
Boye;310
Stav;309
Palm;309
Kolås;309
Elvebakk;309
Bratsberg;309
Bjørheim;309
Aspaas;309
Østerbø;308
Stavrum;308
Rognmo;308
Lillestøl;308
Langmo;308
Kvernberg;308
Kile;308
Hessen;308
Fylkesnes;308
Espelid;308
Bergset;308
Svendsrud;307
Moldskred;307
Lydersen;307
Johanson;307
Fossan;307
Feragen;307
Bergman;307
Aarrestad;307
Øwre;306
Vogt;306
Skjørestad;306
Plassen;306
Kalleberg;306
Holmefjord;306
Haarberg;306
Brynjulfsen;306
Aunan;306
Soma;305
Saue;305
Rønnestad;305
Roos;305
Hveding;305
Forland;305
Fjellanger;305
Bruvoll;305
Breen;305
Aspenes;305
Utvik;304
Stensvold;304
Skjong;304
Raja;304
Raastad;304
Liknes;304
Flatås;304
Broen;304
Alvheim;304
Skjæret;303
Seierstad;303
Sandve;303
Laugen;303
Ihle;303
Grøstad;303
Braseth;303
Ustad;302
Skarbø;302
Refsdal;302
Lyssand;302
Lindhjem;302
Grønningsæter;302
Fjellvang;302
Brattli;302
Austnes;302
Røsvik;301
Nodland;301
Munkvold;301
Bjørnå;301
Østerås;300
Wangberg;300
Trønnes;300
Thompson;300
Skotnes;300
Log;300
Leikanger;300
Haraldstad;300
Frøseth;300
Thorud;299
Sirnes;299
Rognli;299
Ringvold;299
Reksten;299
Nordanger;299
Lærum;299
Hidle;299
Fiskum;299
Wroldsen;298
Vallestad;298
Konradsen;298
Drønen;298
Sporsheim;297
Skauen;297
Rosenvinge;297
Kaldestad;297
Grønn;297
Fossland;297
Bjønnes;297
Birkedal;297
Berre;297
Skistad;296
Shala;296
Ryan;296
Leonhardsen;296
Hemmingsen;296
Hatlem;296
Synnes;295
Ring;295
Leikvoll;295
Holmvik;295
Baumann;295
Øvergaard;294
Sæterdal;294
Stenerud;294
Solvoll;294
Sogn;294
Rødsjø;294
Ose;294
Mentzoni;294
Fuglerud;294
Duong;294
Bjune;294
Serigstad;293
Sekse;293
Løvlien;293
Høivik;293
Huus;293
Hestvik;293
Heltne;293
Furseth;293
Fjærli;293
Bryne;293
Adan;293
Øverbø;292
Worren;292
Tveite;292
Sletner;292
Sheikh;292
Nerdal;292
Malvik;292
Klingenberg;292
Hjelseth;292
Helstad;292
Haraldseid;292
Drabløs;292
Bhatti;292
Akram;292
Svensli;291
Nybakken;291
Nordsveen;291
Kraft;291
Heggernes;291
Fardal;291
Buljo;291
Askvik;291
Ulvund;290
Tøndel;290
Tonheim;290
Søgård;290
Sundli;290
Milde;290
Knarvik;290
Horten;290
Blystad;290
Bjerkås;290
Årvik;289
Weiseth;289
Visnes;289
Storås;289
Skråmestø;289
Skinstad;289
Robstad;289
Mikkelborg;289
Liabø;289
Kolbjørnsen;289
Gåsland;289
Engvik;289
Vollen;288
Valberg;288
Tidemann;288
Thunes;288
Silden;288
Nyquist;288
Molund;288
Hegdal;288
Greve;288
Brodahl;288
Algrøy;288
Wiborg;287
Singstad;287
Saeed;287
Rekstad;287
Nysæther;287
Kvalnes;287
Hallan;287
Fallet;287
Afzal;287
Østgaard;286
Stadheim;286
Risberg;286
Ravn;286
Kausar;286
Fjellestad;286
Eidsvik;286
Dvergsdal;286
Due;286
Brunes;286
Ytreland;285
Westlie;285
Welde;285
Ulleberg;285
Trengereid;285
Lilletvedt;285
Hveem;285
Groth;285
Dybdal;285
Bu;285
Sakariassen;284
Overå;284
Halden;284
Grue;284
Granly;284
Gausdal;284
Framnes;284
Bendixen;284
Trydal;283
Rønne;283
Røise;283
Roksvåg;283
Nevland;283
Lillegård;283
Honningsvåg;283
Grotle;283
Fleischer;283
Dagsland;283
Byrkjeland;283
Bredal;283
Saastad;282
Lillejord;282
Lauvås;282
Kringstad;282
Kirkerud;282
Grønbech;282
Breistein;282
Bakker;282
Backe;282
Aarum;282
Aagesen;282
Ringnes;281
Nysted;281
Nordlien;281
Natland;281
Mong;281
Hay;281
Haugum;281
Evenstad;281
Bjerkli;281
Øyan;280
Winje;280
Thygesen;280
Sandbakk;280
Sagbakken;280
Rømo;280
Rånes;280
Norli;280
Molvær;280
Martin;280
Lyngmo;280
Kløvstad;280
Helgestad;280
Borgan;280
Bastiansen;280
Årseth;279
Willassen;279
Trulsen;279
Søiland;279
Styve;279
Stormoen;279
Stjern;279
Skaugen;279
Sandersen;279
Naas;279
Muren;279
Kirknes;279
Kanestrøm;279
Grav;279
Asp;279
Vedå;278
Sandtorv;278
Otnes;278
Negård;278
Lindholm;278
Lilleås;278
Korsvold;278
Kasin;278
Husevåg;278
Haveland;278
Harnes;278
Halleland;278
Frøiland;278
Fosshaug;278
Ekre;278
Brobakken;278
Aaby;278
Sundnes;277
Stålesen;277
Sleire;277
Nesvik;277
Moksnes;277
Helleren;277
Helgheim;277
Hagland;277
Børstad;277
Bilstad;277
Sæternes;276
Selvåg;276
Sandsmark;276
Runde;276
Rishaug;276
Lone;276
Grøneng;276
Engeland;276
Drivenes;276
Dalhaug;276
Vikøren;275
Smørdal;275
Skadberg;275
Røysland;275
Røst;275
Rognes;275
Molde;275
Gjerdrum;275
Fossmo;275
Vedøy;274
Vatle;274
Taranger;274
Svanes;274
Mahamud;274
Lysgård;274
Fanebust;274
Ekroll;274
Dyrseth;274
Bremseth;274
Bjorøy;274
Årnes;273
Skovly;273
Ringheim;273
Repstad;273
Meisingset;273
Ludviksen;273
Jøssang;273
Fonn;273
Fidje;273
Bergquist;273
Wulff;272
Slette;272
Sjøgren;272
Sander;272
Moseng;272
Lekven;272
Høye;272
Hilde;272
Halleraker;272
Aden;272
Joakimsen;271
Hølland;271
Hatlevik;271
Figenschou;271
Falk;271
Eidet;271
Wiken;270
Vevle;270
Tjessem;270
Tetlie;270
Sæterbø;270
Skoge;270
Ramsdal;270
Nistad;270
Kydland;270
Koppang;270
Kirkhus;270
Gjersøe;270
Fløtre;270
Brunvoll;270
Bjørgo;270
Bergo;270
Vestrheim;269
Valseth;269
Tronrud;269
Sundseth;269
Sparby;269
Nerhus;269
Meier;269
Meek;269
Lindal;269
Leren;269
Kongsvik;269
Idsøe;269
Høgberg;269
Haugsvær;269
Grindhaug;269
Dyrøy;269
Nordang;268
Lundal;268
Lindquist;268
Landrø;268
Hjelde;268
Hepsø;268
Helset;268
Finnerud;268
Bruheim;268
Sandvoll;267
Rafoss;267
Lieng;267
Kjelsrud;267
Hartviksen;267
Gjestvang;267
Borchgrevink;267
Aglen;267
Øvereng;266
Vorland;266
Tysnes;266
Nerheim;266
Natvik;266
Moholt;266
Kjærvik;266
Høgli;266
Hilstad;266
Guttorm;266
Furset;266
Balstad;266
Taksdal;265
Sørland;265
Søgaard;265
Narum;265
Leira;265
Lehne;265
Karlson;265
Hella;265
Halvorsrud;265
Flønes;265
Øvrelid;264
Staff;264
Sjøen;264
Ommedal;264
Norman;264
Giæver;264
Fretheim;264
Ernstsen;264
Bauer;264
Slyngstad;263
Skåre;263
Nordland;263
Løvlie;263
Hagberg;263
Habberstad;263
Evju;263
Endal;263
Becker;263
Wiklund;262
Søbstad;262
Storheim;262
Maurstad;262
Kvamsdal;262
Kjølberg;262
Kjeldsberg;262
Hoseth;262
Aurdal;262
Wikstrøm;261
Sætran;261
Sinnes;261
Indergård;261
Idsø;261
Heggedal;261
Haver;261
Brattås;261
Anti;261
Torland;260
Tjøsvoll;260
Sørmo;260
Stokland;260
Skansen;260
Ranum;260
Nyseth;260
Neverdal;260
Melsom;260
Kverneland;260
Hordvik;260
Hegre;260
Belsvik;260
Bartnes;260
Aasberg;260
Yttervik;259
Vestly;259
Scheie;259
Rustand;259
Roen;259
Presthus;259
Lomeland;259
Holta;259
Hartveit;259
Gjengedal;259
Devold;259
Aurstad;259
Aukland;259
Aanerud;259
Svenkerud;258
Strandheim;258
Skjevik;258
Rystad;258
Riiser;258
Onstad;258
Melum;258
Lokøy;258
Langaas;258
Husum;258
Fagermo;258
Fadnes;258
Digre;258
Devik;258
Villanger;257
Solstrand;257
Rørstad;257
Ryeng;257
Rist;257
Nordgaard;257
Mikaelsen;257
Melgård;257
Levang;257
Heimstad;257
Gunnes;257
Følstad;257
Fimreite;257
Carlson;257
Bøthun;257
Brekka;257
Bell;257
Øvsthus;256
Stavland;256
Sikveland;256
Røgeberg;256
Rovik;256
Neteland;256
Kvalø;256
Khalid;256
Karimi;256
Ekelund;256
Vist;255
Takle;255
Stokkan;255
Rimstad;255
Oterhals;255
Olesen;255
Natvig;255
Mirza;255
Lindvik;255
Lillemo;255
Hernæs;255
Haugo;255
Grebstad;255
Frøystad;255
Ekeli;255
Bjørnø;255
Ånensen;254
Stokstad;254
Skramstad;254
Salberg;254
Rørtveit;254
Rue;254
Rana;254
Midtskogen;254
Martens;254
Marstein;254
Mandal;254
Langfeldt;254
Justad;254
Hustveit;254
Fiskå;254
Ballestad;254
Stenvik;253
Stavnes;253
Skjelvik;253
Røkenes;253
Linge;253
Leiknes;253
Klev;253
Gjønnes;253
Folland;253
Buan;253
Skarstad;252
Sellæg;252
Seljeseth;252
Myrene;252
Lundquist;252
Krogsæter;252
Fagervik;252
Fagerhaug;252
Elnes;252
Ås;251
Zimmermann;251
Westberg;251
Lindanger;251
Kumar;251
Kaupang;251
Hellstrøm;251
Glad;251
Elden;251
Yildiz;250
Valland;250
Trana;250
Tokle;250
Sønsterud;250
Sagstuen;250
Mossige;250
Høiberg;250
Hageland;250
Elvenes;250
Brunborg;250
Aa;250
Østerud;249
Wisløff;249
Valla;249
Uthus;249
Stordahl;249
Smistad;249
Skinnes;249
Skevik;249
Hildrum;249
Haddal;249
Grønvik;249
Emblem;249
Åkre;248
Træet;248
Thoen;248
Skogvold;248
Raa;248
Nordmark;248
Nordlund;248
Medhus;248
Løset;248
Langedal;248
Kvinnesland;248
Kvia;248
Kvandal;248
Gjelsten;248
Bringedal;248
Bergseng;248
Adam;248
Øvstebø;247
Sylta;247
Paus;247
Oliversen;247
Noor;247
Lindås;247
Høgås;247
Hjelm;247
Haukedal;247
Djønne;247
Arshad;247
Øvstedal;246
Vetrhus;246
Tungland;246
Todnem;246
Thorgersen;246
Slåtten;246
Skjervold;246
Ravnås;246
Mellemstrand;246
Hinna;246
Wahlstrøm;245
Soltveit;245
Nordrum;245
Nesland;245
Nedregård;245
Merkesdal;245
Løchen;245
Hammeren;245
Guldberg;245
Buene;245
Barka;245
Wibe;244
Utgård;244
Sneve;244
Sevaldsen;244
Løtveit;244
Løkkeberg;244
Lidal;244
Leirvåg;244
Leidland;244
Horntvedt;244
Hannisdal;244
Gunnerød;244
Folkedal;244
Dyrhaug;244
Todal;243
Storeide;243
Skretteberg;243
Seppola;243
Rossebø;243
Miljeteig;243
Lynum;243
Liverød;243
Krogsrud;243
Garshol;243
Førre;243
Furuheim;243
Ekstrøm;243
Bratvold;243
Rikardsen;242
Remmen;242
Marvik;242
Høydahl;242
Haukenes;242
Hannestad;242
Cappelen;242
Brænden;242
Askildsen;242
Wollan;241
Westerlund;241
Sværen;241
Sellevold;241
Oppegaard;241
Nordtømme;241
Kjelstad;241
Isdahl;241
Hervik;241
Heim;241
Grønnestad;241
Grønhaug;241
Flatøy;241
Alsvik;241
Tessem;240
Sviland;240
Slettum;240
Skålevik;240
Skjærstad;240
Skavhaug;240
Parveen;240
Hokstad;240
Gunnarsen;240
Grøtan;240
Grøndal;240
Frøysa;240
Eriksrud;240
Bakkehaug;240
Øiestad;239
Weberg;239
Sætren;239
Selstad;239
Rikstad;239
Rahimi;239
Orre;239
Oksnes;239
Njærheim;239
Hustoft;239
Hollund;239
Hjorth;239
Fyhn;239
Fossmark;239
Yilmaz;238
Wickstrøm;238
Vestøl;238
Sælen;238
Skram;238
Lilleland;238
Kjørstad;238
Dybwad;238
Vonheim;237
Søderholm;237
Skotte;237
Sjøvoll;237
Robberstad;237
Ophus;237
Olsrud;237
Ohnstad;237
Nur;237
Mørkved;237
Muggerud;237
Morland;237
Miller;237
Korsvik;237
Josdal;237
Hol;237
Hilleren;237
Dragland;237
Østreng;236
Ytterstad;236
Walseth;236
Takvam;236
Sæverud;236
Størdal;236
Mehl;236
Lindqvist;236
Kind;236
Gangstad;236
Fagerås;236
Edvartsen;236
Almaas;236
Aanstad;236
Tokerud;235
Thrane;235
Skjønberg;235
Lehn;235
Klakegg;235
Havik;235
Grønlie;235
Gjøsund;235
Fidjeland;235
Fagereng;235
Brevig;235
Aabel;235
Warholm;234
Viddal;234
Thorshaug;234
Sjåvik;234
Røyrvik;234
Midthun;234
Malmedal;234
Hornnes;234
Broch;234
Skårdal;233
Skogsrud;233
Røv;233
Rongved;233
Nærø;233
Lyshaug;233
Laursen;233
Kleiveland;233
Iden;233
Gjengstø;233
Eggan;233
Celius;233
Bjørkmo;233
Weum;232
Vassdal;232
Systad;232
Svanberg;232
Suhr;232
Staven;232
Schie;232
Refsland;232
Næs;232
Hodneland;232
Grannes;232
Evje;232
Ensrud;232
Throndsen;231
Sætra;231
Starheim;231
Selle;231
Røhne;231
Opseth;231
Olsnes;231
Norderhaug;231
Myrdal;231
Kvaløy;231
Kleppa;231
Halsen;231
Gården;231
Fosen;231
Eskedal;231
Bakkejord;231
Alnæs;231
Øiseth;230
Woldseth;230
Westerheim;230
Ulvik;230
Tøsse;230
Tverberg;230
Thorsø;230
Tesdal;230
Nome;230
Nerli;230
Mæle;230
Liberg;230
Høglund;230
Herigstad;230
Gleditsch;230
Ferstad;230
Brastad;230
Angvik;230
Volle;229
Vaksdal;229
Teig;229
Safi;229
Rehman;229
Pilskog;229
Ophaug;229
Mehlum;229
Langholm;229
Hylland;229
Herheim;229
Grimsmo;229
Finnesand;229
Figenschau;229
Englund;229
Eltvik;229
Bjørnøy;229
Wøien;228
Veiby;228
Ulset;228
Obrestad;228
Mongstad;228
Melvold;228
Leivestad;228
Kofoed;228
Doan;228
Arctander;228
Ånestad;227
Wille;227
Uthaug;227
Tønsberg;227
Sommervold;227
Skagestad;227
Schanche;227
Sandland;227
Lenes;227
Kyvik;227
Kommedal;227
Hammerø;227
Gjermundsen;227
Buvarp;227
Bones;227
Bengtsson;227
Andorsen;227
Aarflot;227
Tjelle;226
Nygren;226
Noreng;226
Nekstad;226
Låstad;226
Lundgård;226
Holmstrøm;226
Grøndalen;226
Førsund;226
Flesland;226
Dyrkorn;226
Brandvik;226
Bodin;226
Wisth;225
Welle;225
Vestnes;225
Undrum;225
Sundgot;225
Størkersen;225
Stokken;225
Stavenes;225
Skjolden;225
Moa;225
Løvoll;225
Joa;225
Fjær;225
Emanuelsen;225
Solevåg;224
Skøien;224
Schanke;224
Ræstad;224
Oskarsen;224
Nodeland;224
Myklebost;224
Løge;224
Lindgaard;224
Kleiv;224
Kaya;224
Haile;224
Gravem;224
Fossnes;224
Eldevik;224
Dalseth;224
Bergtun;224
Andvik;224
Aam;224
Aalvik;224
Våga;223
Vikane;223
Ulland;223
Tyldum;223
Reyes;223
Maudal;223
Lundh;223
Helliesen;223
Gunnestad;223
Granmo;223
Frøshaug;223
Flatmo;223
Evertsen;223
Vanvik;222
Valø;222
Pihl;222
Ottem;222
Opgård;222
Nessa;222
Langset;222
Juell;222
Jensrud;222
Hestenes;222
Herdlevær;222
Guldahl;222
Gillebo;222
Gilde;222
Bonsaksen;222
Aaseth;222
Østlund;221
Winger;221
Skjølberg;221
Seldal;221
Seeberg;221
Sandvær;221
Refseth;221
Moltu;221
Molteberg;221
Hatteland;221
Harkestad;221
Gjerdingen;221
Fagervold;221
Evenrud;221
Åmodt;220
Yildirim;220
Wetteland;220
Sætermo;220
Sundstrøm;220
Størksen;220
Strandberg;220
Skogvoll;220
Nøttveit;220
Mandelid;220
Kildahl;220
Håpnes;220
Gjeruldsen;220
Føreland;220
Evanger;220
Estensen;220
Aabø;220
Vikanes;219
Ursin;219
Thuen;219
Strømsvåg;219
Skaare;219
Rekkedal;219
Oppegård;219
Narvestad;219
Myreng;219
Mostue;219
Lilleberg;219
Lerøy;219
Koren;219
Kapstad;219
Indahl;219
Hvattum;219
Heistad;219
Georgsen;219
Einvik;219
Djuve;219
Daleng;219
Brubakken;219
Asghar;219
Åsebø;218
Wright;218
Wagner;218
Valde;218
Svanevik;218
Stephansen;218
Somby;218
Skailand;218
Sjøthun;218
Sekkingstad;218
Schjerven;218
Røyland;218
Rakvåg;218
Mjølhus;218
Leirdal;218
Lade;218
Hexeberg;218
Hauglid;218
Gjervik;218
Wie;217
Unhjem;217
Tverå;217
Toresen;217
Skille;217
Samnøy;217
Rodal;217
Paasche;217
Molden;217
Hovd;217
Gustavson;217
Grøterud;217
Gloppen;217
Gjestad;217
Garcia;217
Brudvik;217
Bergsvik;217
Amble;217
Aandal;217
Ølberg;216
Wist;216
Skårland;216
Orvik;216
Malde;216
Ljosland;216
Lausund;216
Langørgen;216
Laland;216
Hojem;216
Gulli;216
Fykse;216
Frivold;216
Eeg;216
Stenstad;215
Røisland;215
Pladsen;215
Melberg;215
Kvame;215
Derås;215
Børsheim;215
Bærheim;215
Brække;215
Brataas;215
Benonisen;215
Amiri;215
Østenstad;214
Ullestad;214
Stokkenes;214
Skurdal;214
Rudolfsen;214
Risøy;214
Nissen;214
Munthe;214
Laastad;214
Kvien;214
Kolle;214
Hevrøy;214
Hellesø;214
Hashi;214
Harsvik;214
Gussiås;214
Engenes;214
Emberland;214
Einan;214
Dahir;214
Borsheim;214
Alver;214
Ørbeck;213
Vadseth;213
Stuen;213
Rossland;213
Magerøy;213
Lundekvam;213
Jåsund;213
Finnøy;213
Bjerkvik;213
Yri;212
Walberg;212
Vilhelmsen;212
Sæland;212
Skjerping;212
Sjøstrøm;212
Sandli;212
Salbu;212
Ross;212
Langemyr;212
Hestetun;212
Heggset;212
Fagerbakke;212
Baustad;212
Bakkeli;212
Bakkan;212
Amdam;212
Walde;211
Vevang;211
Underhaug;211
Smeland;211
Smedstad;211
Skjeggestad;211
Rokne;211
Raza;211
Oshaug;211
Mæhre;211
Lockert;211
Innvær;211
Hemnes;211
Gjersvik;211
Fagertun;211
Drageset;211
Brækken;211
Aandahl;211
Ågotnes;210
Vegsund;210
Stormark;210
Røneid;210
Rognan;210
Overvik;210
Neumann;210
Kvello;210
Kulseth;210
Krosby;210
Klungtveit;210
Kjelsberg;210
Jeppesen;210
Isdal;210
Holmøy;210
Heskestad;210
Hamborg;210
Grinden;210
Fjæreide;210
Elton;210
Dramstad;210
Wiker;209
Tang;209
Svee;209
Silva;209
Ramfjord;209
Nereng;209
Lødemel;209
Lauvrak;209
Karlstrøm;209
Husabø;209
Hasund;209
Brudevoll;209
Bay;209
Barmen;209
Bakketun;209
Wennevold;208
Sønstebø;208
Sviggum;208
Steindal;208
Skuland;208
Skarsvåg;208
Romundstad;208
Oland;208
Nyhuus;208
Lundeby;208
Lilleeng;208
Hop;208
Gravdahl;208
Fimland;208
Bugten;208
Bakstad;208
Alvær;208
Øynes;207
Ugelstad;207
Sveberg;207
Sjaastad;207
Rykkje;207
Roberg;207
Mælen;207
Kværner;207
Kvistad;207
Korslund;207
Hoftun;207
Helvik;207
Haarstad;207
Gjøen;207
Egenes;207
Diesen;207
Breiland;207
Bjørkum;207
Urstad;206
Ulvin;206
Tenold;206
Tahir;206
Søndenå;206
Salih;206
Rynning;206
Polden;206
Nyvold;206
Natås;206
Løvberg;206
Lauten;206
Lagesen;206
Johnstad;206
Ihlen;206
Fonnes;206
Engelund;206
Engebråten;206
Dahlgren;206
Brænd;206
Ahlsen;206
Aarsand;206
Ølmheim;205
Wanvik;205
Tuft;205
Tandstad;205
Storlien;205
Resell;205
Ramsøy;205
Omdahl;205
Mogen;205
Mjånes;205
Lysne;205
Loen;205
Lindtveit;205
Lehmann;205
Klavenes;205
Hoven;205
Hallberg;205
Gimse;205
Fløysvik;205
Flataker;205
Eidsvåg;205
Bødtker;205
Bjønness;205
Amlie;205
Allum;205
Tonstad;204
Svellingen;204
Sandhåland;204
Røsten;204
Romstad;204
Romsdal;204
Nørstebø;204
Nomeland;204
Naalsund;204
Mørland;204
Monge;204
Mjønes;204
Lundestad;204
Lindblad;204
Lillehagen;204
Langen;204
Knotten;204
Klyve;204
Johanssen;204
Hult;204
Hjulstad;204
Heggestad;204
Grønlien;204
Gjerløw;204
Birkeli;204
Amdahl;204
Ørmen;203
Øksendal;203
Wong;203
Wolff;203
Utnes;203
Tømmervik;203
Sønderland;203
Stavem;203
Skomedal;203
Lona;203
Lekve;203
Kowalski;203
Kolseth;203
Jordalen;203
Isene;203
Hånes;203
Herfindal;203
Havnen;203
Grønningen;203
Gjernes;203
Gjedrem;203
Foldnes;203
Ekker;203
Bruaset;203
Østvang;202
Tørstad;202
Tjore;202
Synnevåg;202
Spilde;202
Rolfsnes;202
Rahman;202
Nordskag;202
Kvaale;202
Jordan;202
Jevnaker;202
Hovdal;202
Hana;202
Fjærestad;202
Elvik;202
Buseth;202
Burud;202
Buraas;202
Bjørnes;202
Bakkelund;202
Arnevik;202
Aae;202
Vikene;201
Vaa;201
Unneland;201
Talberg;201
Sundland;201
Skjerdal;201
Røsnes;201
Rinden;201
Remen;201
Owren;201
Langbråten;201
Lamo;201
Khalil;201
Husdal;201
Hasselberg;201
Frisvold;201
Forsland;201
Drevland;201
Busk;201
Øvrum;200
Veivåg;200
Tjøtta;200
Titlestad;200
Storsve;200
Rohde;200
Richter;200
Qvale;200
Okstad;200
Lutro;200
Langdalen;200
Landaas;200
Kjesbu;200
Jordheim;200
Hermann;200
Hellenes;200
Hatløy;200
Hallingstad;200
Grøtterud;200
Grønberg;200
Gonzalez;200
Færøy;200
Ertsås;200
Eidsheim;200
Chan;200
Blomvik;200
Bjørkheim;200
Askevold;200
