adolfo;37524
adrian;161860
agustin;92646
aitor;46700
albert;40397
alberto;297720
alejandro;302909
alex;37395
alexander;35152
alfonso;130213
alfredo;69219
alvaro;152567
andres;204352
angel;658510
antonio;1543089
arturo;43433
benito;33908
borja;37814
carlos;644525
carmelo;30605
cesar;78002
christian;32887
cristian;76628
cristobal;41555
daniel;355276
david;450141
diego;182521
domingo;76083
eduardo;163432
emilio;118841
enrique;221135
ernesto;34026
esteban;50271
eugenio;44627
felipe;70400
felix;91800
fernando;308528
francisco;1236386
francisco javier;290742
francisco jose;95934
gabriel;114588
gerardo;30632
german;36366
gonzalo;72787
gregorio;51721
guillermo;89757
gustavo;31438
hector;53610
hugo;58569
ignacio;183238
iker;34703
isaac;30631
ismael;60846
ivan;149838
jaime;119905
javier;739445
jesus;586238
joan;77595
joaquin;165703
john;35009
jonathan;34502
jordi;87852
jorge;257708
jose;2925472
jose angel;41288
jose antonio;323063
jose carlos;46192
jose francisco;35804
jose ignacio;40801
jose luis;312302
jose manuel;250869
jose maria;225968
jose miguel;66157
jose ramon;62330
josep;87000
juan;1394890
juan antonio;139865
juan carlos;163917
juan francisco;48767
juan jose;160579
juan luis;35393
juan manuel;116759
julian;100043
julio;117541
lorenzo;46453
lucas;34262
luis;864099
luis miguel;37573
manuel;1368786
marc;62713
marco;33793
marcos;99765
maria;341416
mariano;67690
mario;110462
martin;69973
miguel;723316
miguel angel;229902
mohamed;72394
nicolas;69125
oscar;152371
pablo;265001
pedro;427974
rafael;313636
ramon;280915
raul;161245
ricardo;119085
roberto;130565
rodrigo;42483
ruben;140497
salvador;111412
samuel;55995
santiago;145918
sebastian;69021
sergio;218478
tomas;99312
valentin;39824
vicente;223809
victor;182743
victor manuel;39737
xavier;47161