Grace;5026
Olivia;4961
Jessica;4908
Ruby;4511
Emily;4474
Sophie;4309
Chloe;4031
Lucy;3506
Lily;3407
Ellie;3339
Ella;3286
Charlotte;3233
Katie;3068
Mia;2975
Hannah;2946
Amelia;2907
Megan;2827
Holly;2329
Amy;2318
Isabella;2306
Evie;2239
Millie;2210
Abigail;2147
Freya;2067
Molly;1995
Daisy;1990
Emma;1989
Erin;1985
Isabelle;1945
Poppy;1794
Jasmine;1750
Phoebe;1634
Keira;1622
Leah;1592
Caitlin;1581
Rebecca;1575
Georgia;1559
Lauren;1512
Amber;1494
Madison;1490
Elizabeth;1476
Eleanor;1388
Bethany;1371
Scarlett;1283
Isabel;1281
Paige;1266
Alice;1180
Imogen;1176
Sophia;1137
Anna;1130
Lola;1101
Libby;1100
Maisie;1065
Isobel;1047
Brooke;1020
Tia;1008
Alisha;986
Sarah;976
Gracie;973
Ava;966
Faith;952
Summer;937
Niamh;932
Eve;930
Aimee;918
Courtney;910
Maddison;881
Rosie;880
Sienna;870
Matilda;848
Lilly;842
Madeleine;822
Shannon;820
Zoe;799
Eva;790
Skye;775
Nicole;772
Amelie;751
Maya;735
Abbie;727
Zara;727
Harriet;720
Hollie;718
Rachel;684
Francesca;677
Lydia;652
Alicia;646
Sofia;630
Alexandra;602
Layla;599
Natasha;585
Mollie;582
Isla;575
Morgan;571
Demi;562
Martha;539
Tilly;539
Lara;528
Tegan;528
Eloise;527
Laura;525
Kayleigh;523
Kiera;518
Maria;500
Victoria;498
Georgina;495
Melissa;491
Aaliyah;487
Sara;485
Angel;480
Aisha;477
Charlie;477
Kate;477
Rose;468
Lacey;466
Chelsea;458
Rhianna;450
Florence;449
Ebony;446
Annabel;443
Naomi;440
Madeline;437
Neve;433
Lois;429
Elise;428
Esme;428
Evelyn;428
Lexie;422
Maryam;421
Kacey;417
Jennifer;416
Milly;412
Mya;412
Cerys;411
Katherine;409
Kelsey;408
Faye;405
Gabriella;405
Kaitlyn;400
Kayla;400
Yasmin;400
Anya;392
Louise;380
Samantha;376
Casey;375
Carys;363
Emilia;360
Bethan;353
Jade;351
Ashleigh;349
Alyssa;347
Esther;344
Lillie;344
Annabelle;343
Natalie;343
Julia;341
Eliza;339
Zahra;338
Ellen;334
Fatima;331
Zainab;331
Keeley;327
Beatrice;326
Gabrielle;326
Laila;326
Caitlyn;325
Paris;325
Darcy;316
Scarlet;315
Lucie;310
Mary;310
Ciara;308
Hope;304
Gemma;303
Macy;303
Darcey;301
Robyn;301
Annie;300
Jemima;298
Danielle;296
Seren;294
Heidi;291
Maisy;291
Macey;290
Jodie;284
Honey;281
Beth;276
Rhiannon;274
Catherine;271
Lucia;269
Leila;265
Sasha;261
Charley;260
Stephanie;254
Ffion;253
India;253
Elisha;251
Cara;250
Tabitha;249
Violet;245
Jenna;244
Taylor;244
Sadie;243
Eden;238
Amina;236
Mariam;235
Katy;234
Ayesha;232
Jasmin;232
Safa;231
Chantelle;229
Hayley;228
Heather;225
Liberty;225
Savannah;224
Alana;223
Elena;223
Laiba;223
Sky;223
Nancy;222
Elle;220
Lexi;218
Willow;218
Ria;217
Maia;216
Connie;214
Louisa;211
Jorja;208
Lilia;208
Jessie;205
Josephine;205
Kimberley;205
Claudia;204
Lana;204
Natalia;203
Katelyn;200
Tallulah;200
Nia;198
Lottie;196
Rihanna;196
Sian;196
Thea;196
Kira;195
Aliyah;194
Iqra;192
Kyra;192
Trinity;192
Darcie;189
Saffron;189
Syeda;189
Alexia;188
Helena;186
Lyla;185
Kirsty;184
Michelle;184
Nina;184
Destiny;183
Kaitlin;183
Teagan;181
Alexis;180
Crystal;180
Tiffany;180
Rosa;179
Tara;179
Daniella;178
Sydney;175
Alesha;174
Frankie;174
Kitty;174
Kyla;174
Alexa;173
Iona;173
Maddie;172
Talia;171
Malaika;170
Abi;169
Josie;168
Tamzin;167
Alex;165
Elsie;165
Aleena;164
Felicity;164
Macie;164
Hana;163
Tiana;163
Clara;162
Orla;161
Abby;159
Hafsa;159
Rebekah;159
Zaynab;159
Ashley;158
Ellie-May;158
Kaci;158
Simran;158
Ruth;152
Philippa;151
Shania;151
Polly;150
Sana;150
Iman;149
Rachael;149
Serena;149
Khadijah;147
Michaela;145
Amie;144
Angelina;144
Hafsah;144
Kathryn;144
Vanessa;144
Khadija;143
Leona;143
Amira;142
Nikita;142
Constance;140
Aoife;139
Saskia;139
Sinead;139
Edie;138
Nicola;138
Priya;138
Tayla;138
Teigan;138
Kara;136
Imaan;134
Iris;134
Kelsie;134
Antonia;132
Hazel;132
Lila;132
Christina;131
Stella;131
Isobelle;130
Rhea;130
Salma;130
Ellie-Mae;129
Renee;129
Evangeline;128
Kelly;128
Fiona;127
Kasey;127
Miriam;127
Emilie;126
Jamie;126
Kiara;126
Aminah;125
Mae;125
Nadia;125
Chanel;124
Shakira;124
Carly;123
Fern;123
Kacie;123
Alina;121
Maggie;121
Melody;121
Billie;120
Tanisha;120
Hermione;118
Keisha;118
Riya;118
Aleesha;117
Alishba;117
Edith;117
Diya;116
Anisa;114
Isha;114
Esha;113
Georgie;113
Halima;113
Joanna;113
April;112
Demi-Leigh;112
Fleur;112
Jemma;112
Roxanne;112
Tianna;112
Carla;111
Cassie;111
Nell;111
Anais;110
Ashlee;110
Jazmin;110
Leonie;110
Shelby;110
Chelsey;109
Halle;109
Anastasia;108
Bella;108
Carmen;108
Erica;108
Lia;108
Lisa;108
Arabella;107
Sumaya;107
Tamara;107
Millicent;106
Aliya;105
Aysha;105
Brianna;105
Elsa;105
Emelia;105
Kadie;105
Nevaeh;105
Noor;105
Yasmine;105
Yusra;105
Rubie;104
Verity;103
Amani;102
Bonnie;102
Frances;102
Jada;102
Precious;102
Deborah;101
Kirsten;101
Lily-Mae;101
Tyra;101
Ana;100
Lili;100
Inaaya;99
Taya;99
Mackenzie;98
Aliza;97
Lillian;97
Pippa;97
Tanya;97
Kia;96
Piper;96
Stacey;96
Aishah;95
Bryony;95
Fatimah;95
Harmony;95
Sapphire;95
Abbey;93
May;93
Bailey;92
Leyla;92
Lacie;91
Mabel;91
Rianna;91
Katrina;90
Annalise;89
Hanna;89
Helen;89
Izabella;89
Libbie;88
Codie;87
Haleema;87
Lily-May;87
Catrin;86
Marnie;86
Mckenzie;86
Sumayyah;86
Ayla;85
Maja;85
Mischa;85
Tess;85
Zuzanna;85
Amirah;84
Chanelle;84
Diana;84
Lena;84
Leoni;84
Honor;83
Lowri;83
Tiegan;83
Alanna;82
Amna;82
Anisha;82
Beau;82
Neha;82
Rowan;82
Alannah;81
Angela;81
Safiya;81
Sally;81
Samira;81
Leanne;80
Melanie;80
Shauna;80
Tamsin;80
Alysha;79
Amanda;79
Anika;79
Aqsa;79
Genevieve;79
Kayley;79
Asha;78
Elin;78
Flora;78
Jaya;78
Callie;77
Juliette;77
Kathleen;77
Farah;76
Ivy;76
Lea;76
Lily-Rose;76
Sabrina;76
Ariana;75
Elodie;75
Gabriela;75
Harley;75
Krystal;74
Angelica;73
Dakota;73
Marie;73
Roisin;73
Tillie;73
Elisa;72
Elisabeth;72
Erika;72
Ines;72
Jazmine;72
Madelaine;72
Pearl;72
Elissa;71
Emmie;71
Humaira;71
Lilian;71
Teegan;71
Liliana;70
Maisey;70
Aaminah;69
Amara;69
Keziah;69
Lilli;69
Lorna;69
Rosemary;69
Toni;69
Karina;68
Leia;68
Marissa;68
Rhian;68
Siobhan;68
Tori;68
Autumn;67
Brodie;67
Jaime;67
Lillia;67
Margaret;67
Cody;66
Faiza;66
Hallie;66
Nyah;66
Safia;66
Abbi;65
Andrea;65
Christine;65
Ellie-Mai;65
Kenzie;65
Sadia;65
Shreya;65
Claire;64
Jocelyn;64
Chenai;63
Chiara;63
Ella-Louise;63
Sylvie;63
Zaynah;63
Zoya;63
Anaya;62
Cleo;62
Ela;62
Kaya;62
Larissa;61
Lina;61
Oliwia;61
Anjali;60
Caroline;60
Cora;60
Enya;60
Kaylee;60
Kiran;60
Livia;60
Sharon;60
Xanthe;60
Cassidy;59
Clementine;59
Miya;59
Phoenix;59
Saira;59
Tahlia;59
Elysia;58
Estelle;58
Meghan;58
Monica;58
Naima;58
Saarah;58
Selina;58
Zaina;58
Aamina;57
Adele;57
Marwa;57
Nadine;57
Princess;57
Tessa;57
Thalia;57
Aleeza;56
Aya;56
Devon;56
Isobella;56
Tasnim;56
Alyssia;55
Bianca;55
Cheyenne;55
Imani;55
Kiana;55
Lucinda;55
Miranda;55
Ruqayyah;55
Wiktoria;55
Aleisha;54
Asma;54
Eryn;54
Samara;54
Shani;54
Siena;54
Sonia;54
Coral;53
Izabelle;53
Jenny;53
Kady;53
Maisha;53
Tatiana;53
Ameera;52
Marina;52
Asia;51
Dana;51
Davina;51
Hattie;51
Henrietta;51
Joy;51
Kimberly;51
Laibah;51
Mali;51
Amaya;50
Betsy;50
Blessing;50
Bridget;50
Luna;50
Malika;50
Myah;50
Ophelia;50
Saba;50
Shayla;50
Amal;49
Charli;49
Ellena;49
Karis;49
Karolina;49
Maizie;49
Mila;49
Patricia;49
Roxy;49
Tyler;49
Alexandria;48
Ami;48
Hiba;48
Jolie;48
Mercedes;48
Saima;48
Audrey;47
Betty;47
Bo;47
Daniela;47
Drew;47
Dulcie;47
Keely;47
Mariya;47
Neave;47
Nieve;47
Samia;47
Stevie;47
Sumaiya;47
Adriana;46
Arianna;46
Brogan;46
Eliana;46
Fatma;46
Greta;46
Inaya;46
Isabell;46
Maddy;46
Mahnoor;46
Maliha;46
Mariah;46
Mathilda;46
Meredith;46
Nana;46
Penelope;46
Sharna;46
Zarah;46
Bushra;45
Charlize;45
Ellise;45
Fay;45
Katelin;45
Laaibah;45
Mimi;45
Yazmin;45
Anisah;44
Areeba;44
Bobbie;44
Eleri;44
Elinor;44
Elouise;44
Elyse;44
Izzy;44
Jia;44
Rahma;44
Rosanna;44
Simone;44
Tania;44
Alessia;43
Alys;43
Annabella;43
Athena;43
Beatrix;43
Breanna;43
Camilla;43
Coco;43
Inayah;43
Isra;43
Jana;43
Juliet;43
Karen;43
Kristina;43
Lilly-May;43
Maariya;43
Maeve;43
Mari;43
Reanna;43
Riley;43
Shanai;43
Shona;43
Alissa;42
Candice;42
Cecilia;42
Khushi;42
Kya;42
Leena;42
Leigha;42
Liana;42
Maha;42
Pheobe;42
Romilly;42
Safiyah;42
Susannah;42
Zaara;42
Anoushka;41
Carrie;41
Chelsie;41
Daisie;41
Danni;41
Elif;41
Farrah;41
Fiza;41
Kezia;41
Lyra;41
Nikki;41
Pia;41
Sahara;41
Samiha;41
Saoirse;41
Shanice;41
Valentina;41
Aaisha;40
Habiba;40
Husna;40
Jamie-Leigh;40
Kaiya;40
Lilly-Mae;40
Melisa;40
Ocean;40
Savanna;40
Skyla;40
Sneha;40
Storm;40
Susan;40
Bronwyn;39
Cordelia;39
Elen;39
Ella-Rose;39
Elspeth;39
Humayra;39
Jane;39
Kylie;39
Muskaan;39
Poppie;39
Priscilla;39
Regan;39
Sahar;39
Aneesa;38
Aurora;38
Briony;38
Cadence;38
Cassandra;38
Chelsy;38
Eesha;38
Fearne;38
Harriett;38
Indiana;38
Jiya;38
Joanne;38
Kerry;38
Maariyah;38
Rania;38
Reese;38
Sabah;38
Safiyyah;38
Veronica;38
Zahraa;38
Aleksandra;37
Amalie;37
Bibi;37
Bobbi;37
Bridie;37
Chaya;37
Delilah;37
Ellis;37
Emmy;37
Hajra;37
Leilani;37
Mikayla;37
Nafisa;37
Olive;37
Orlaith;37
Rhiana;37
Rubi;37
Safah;37
Sandra;37
Alivia;36
Angharad;36
Ann;36
Cecily;36
Chardonnay;36
Elicia;36
Favour;36
Huda;36
Kelis;36
Kiya;36
Klaudia;36
Levi;36
Mahek;36
Marni;36
Monique;36
Najma;36
Raya;36
Tammy;36
Taryn;36
Zayna;36
Alia;35
Anwen;35
Darci;35
Dionne;35
Freja;35
Hibah;35
Jayden;35
Karla;35
Katharine;35
Meadow;35
Nisha;35
Nuha;35
Saniya;35
Zeynep;35
Alayna;34
Annika;34
Arwen;34
Blossom;34
Caoimhe;34
Eleni;34
Emaan;34
Harleen;34
Henna;34
Lily-Mai;34
Maleeha;34
Martina;34
Miah;34
Minnie;34
Misbah;34
Misha;34
Safaa;34
Serenity;34
Sylvia;34
Tyla;34
Zunaira;34
Agnes;33
Aiza;33
Bronte;33
Charleigh;33
Divine;33
Hanan;33
Jaimee;33
Jayda;33
Latisha;33
Libbi;33
Mariana;33
Nora;33
Roma;33
Sanaa;33
Sania;33
Shanae;33
Shivani;33
Zahrah;33
Zofia;33
Aamna;32
Asmaa;32
Charis;32
Charlene;32
Esmee;32
Faizah;32
Jannat;32
Joyce;32
Kaia;32
Makayla;32
Mariyah;32
Mehak;32
Rhia;32
Rumaysa;32
Sacha;32
Simra;32
Soraya;32
Star;32
Susanna;32
Alena;31
Alicja;31
Amiee;31
Amrita;31
Ananya;31
Ashanti;31
Asiya;31
Astrid;31
Brooklyn;31
Celeste;31
Demi-Lee;31
Emmanuella;31
Freyja;31
Halimah;31
Isis;31
Kacy;31
Kaydee;31
Kendra;31
Kennedy;31
Lauryn;31
Logan;31
Luisa;31
Maheen;31
Milla;31
Patience;31
Rochelle;31
Samiya;31
Selin;31
Tierney;31
Tina;31
Alanah;30
Alisa;30
Alison;30
Alix;30
Amrit;30
Anita;30
Becky;30
Britney;30
Camille;30
Eboni;30
Fallon;30
Izabel;30
Lilah;30
Luci;30
Martyna;30
Nikola;30
Paulina;30
Talitha;30
Ada;29
Agatha;29
Aine;29
Alexi;29
Cadi;29
Charlee;29
Ella-Mae;29
Ellouise;29
Fariha;29
Gracie-Mae;29
Jamila;29
Jess;29
Kiah;29
Leanna;29
Malak;29
Milli;29
Natalya;29
Nawal;29
Nimra;29
Nimrah;29
Nour;29
Nur;29
Paula;29
Penny;29
Reem;29
Rio;29
Shanay;29
Tasha;29
Abida;28
Aisling;28
Aleah;28
Allegra;28
Anne;28
Billie-Jo;28
Cherry;28
Cydney;28
Gloria;28
Gwen;28
Helin;28
Indigo;28
Jannah;28
Jasleen;28
Jean;28
Julie;28
Kianna;28
Kiki;28
Manon;28
Marianne;28
Mathilde;28
Rabia;28
Remi;28
Sidra;28
Tasneem;28
Tiarna;28
Vienna;28
Alysia;27
Ashlyn;27
Celia;27
Charly;27
Deanna;27
Ella-May;27
Janae;27
Jodi;27
Kelsi;27
Lacy;27
Leela;27
Leticia;27
Mahima;27
Manal;27
Mikaela;27
Romy;27
Rosalind;27
Ruby-Mae;27
Sahra;27
Sumayah;27
Zahara;27
Adelaide;26
Alaina;26
Amalia;26
Ayah;26
Belle;26
Celyn;26
Ebonie;26
Elina;26
Ellie-Rose;26
Giselle;26
Hailey;26
Iram;26
Jemimah;26
Kareena;26
Katerina;26
Lani;26
Linda;26
Lula;26
Madelyn;26
Marcia;26
Marisa;26
Milena;26
Mina;26
Monika;26
Muna;26
Rahima;26
Roberta;26
Sade;26
Sameera;26
Shana;26
Shriya;26
Sumaiyah;26
Sumayya;26
Yu;26
Yumna;26
Aaliya;25
Aliesha;25
Alma;25
Ammarah;25
Anabel;25
Aneesah;25
Arooj;25
Aurelia;25
Ayomide;25
Ayse;25
Beatriz;25
Cameron;25
Celine;25
Clarissa;25
Eshal;25
Fraya;25
Gracey;25
Haleemah;25
Harriette;25
Jaida;25
Jamie-Lee;25
Lulu;25
Mercy;25
Nada;25
Patrycja;25
Romany;25
Sabiha;25
Sanah;25
Sarah-Jane;25
Shanelle;25
Shayna;25
Tahira;25
Ailsa;24
Annaliese;24
Bethanie;24
Briana;24
Cheyanne;24
Dorothy;24
Fahima;24
Falak;24
Felicia;24
Fenella;24
Giorgia;24
Giulia;24
Habibah;24
Ilayda;24
Jaden;24
Kaila;24
Kaycee;24
Kaycie;24
Laraib;24
Luana;24
Malikah;24
Marcie;24
Margot;24
Mariella;24
Mea;24
Momina;24
Naila;24
Petra;24
Prisha;24
Priyanka;24
Rhianne;24
Sakina;24
Valerie;24
Zeenat;24
Adrianna;23
Aizah;23
Alara;23
Ameena;23
Anja;23
Anushka;23
Arwa;23
Ceri;23
Cheryl;23
Dawn;23
Dior;23
Dominika;23
Elana;23
Ellie-Louise;23
Elliemay;23
Emilee;23
Fatema;23
Hania;23
Jasmyn;23
Joely;23
Justine;23
Keren;23
Kirstie;23
Lainey;23
Laurie;23
Leigh;23
Lexy;23
Madeeha;23
Mariama;23
Meg;23
Menna;23
Nabiha;23
Neive;23
Phebe;23
Portia;23
Rayan;23
Renae;23
Riana;23
Roseanna;23
Saara;23
Selma;23
Sheikh;23
Sia;23
Siham;23
Simrah;23
Tamia;23
Trisha;23
Weronika;23
Afsana;22
Aleasha;22
Alexie;22
Ammaarah;22
Aribah;22
Arya;22
Ashlea;22
Brook;22
Catriona;22
Cloe;22
Dania;22
Dominique;22
Elly;22
Faatimah;22
Farhana;22
Gina;22
Hamna;22
Ingrid;22
Katya;22
Lilly-Rose;22
Lily-Grace;22
Loren;22
Lybah;22
Maiya;22
Mazie;22
Munira;22
Naimah;22
Noa;22
Nuala;22
Rida;22
Rumaisa;22
Sadiya;22
Sarina;22
Shyla;22
Taliyah;22
Tamika;22
Tayah;22
Tehya;22
Tiah;22
Uma;22
Veronika;22
Zoey;22
Abbigail;21
Aimee-Leigh;21
Amaani;21
Amisha;21
Arianne;21
Avneet;21
Bisma;21
Bronwen;21
Cady;21
Caitlan;21
Cari;21
Carina;21
Carolina;21
Charmaine;21
Danica;21
Emillie;21
Ilana;21
Khadeeja;21
Khadeejah;21
Lexus;21
Madiha;21
Malaikah;21
Malka;21
Mara;21
Marta;21
Maxine;21
Mehreen;21
Racheal;21
Raven;21
Rihana;21
Ruby-May;21
Sehar;21
Sianna;21
Tayyibah;21
Theresa;21
Yara;21
Yasmeen;21
Aanya;20
Abigale;20
Aditi;20
Amarah;20
Ameerah;20
Anusha;20
Aria;20
Ayanna;20
Bonita;20
Cally;20
Christiana;20
Efa;20
Elli;20
Evie-Mae;20
Gaia;20
Gracie-May;20
Hajrah;20
Harlie;20
Harsimran;20
Ikram;20
Jacqueline;20
Jaspreet;20
Kloe;20
Kristen;20
Laney;20
Lillie-Mae;20
Lily-Ann;20
Lorena;20
Luella;20
Madihah;20
Mai;20
Mehek;20
Melina;20
Naina;20
Niya;20
Reagan;20
Rosalie;20
Starr;20
Summa;20
Sydnie;20
Umaymah;20
Vanesa;20
Yasemin;20
Zena;20
Zoha;20
Acacia;19
Ahlam;19
Alaw;19
Aleyna;19
Anastacia;19
Ayan;19
Bliss;19
Cadie;19
Chana;19
Christabel;19
Clare;19
Colette;19
Daisy-Mae;19
Daisy-May;19
Dina;19
Eilidh;19
Ema;19
Gabriele;19
Georgiana;19
Gwenllian;19
Hanifa;19
Hawwa;19
Hira;19
Holli;19
Jaymie;19
Jayne;19
Jordan;19
Kali;19
Katie-Louise;19
Keelie;19
Kendal;19
Klara;19
Lily-Ella;19
Lindsey;19
Luciana;19
Makenzie;19
Marley;19
Millie-Rose;19
Muskan;19
Myra;19
Nasra;19
Nehir;19
Rae;19
Rimsha;19
Rita;19
Roxanna;19
Sadiyah;19
Saffa;19
Samirah;19
Selena;19
Sioned;19
Soha;19
Suki;19
Tallula;19
Teah;19
Terri;19
Tracy;19
Umaimah;19
Ursula;19
Xin;19
Yvie;19
Aaliah;18
Abigael;18
Aminata;18
Aneeka;18
Aniya;18
Anum;18
Armani;18
Cassia;18
Cindy;18
Denise;18
Dora;18
Ellie-Marie;18
Ellisha;18
Elyssa;18
Eshaal;18
Farzana;18
Fathima;18
Haniya;18
Hannan;18
Heba;18
Ibtisam;18
Israa;18
Izzie;18
Jayla;18
Khia;18
Kodie;18
Lakeisha;18
Letitia;18
Madina;18
Maham;18
Maizy;18
Manisha;18
Marianna;18
Maryama;18
Mika;18
Mili;18
Nasreen;18
Niah;18
Nyla;18
Pollyanna;18
Porsha;18
Samiyah;18
Sanjana;18
Shyanne;18
Sommer;18
Suraiya;18
Tabatha;18
Yagmur;18
Zia;18
Adina;17
Aeryn;17
Aimie;17
Aiyana;17
Aksa;17
Alaa;17
Alishia;17
Aman;17
Anaiya;17
Ania;17
Anjum;17
Annabell;17
Areebah;17
Ariella;17
Atiya;17
Bernadette;17
Blythe;17
Bracken;17
Danika;17
Donna;17
Emilija;17
Gianna;17
Harleigh;17
Haya;17
Hester;17
Ida;17
Indie;17
Irene;17
Janelle;17
Jersey;17
Jesse;17
Kaelyn;17
Kallie;17
Kenya;17
Kerris;17
Krisha;17
Lianna;17
Lidia;17
Liya;17
Liyana;17
Maaria;17
Madalyn;17
Magdalena;17
Maira;17
Matilde;17
Mayah;17
Mei;17
Montana;17
Nailah;17
Nathalie;17
Nazifa;17
Nikkita;17
Norah;17
Paisley;17
Peggy;17
Raisa;17
Rheanna;17
Rivka;17
Robin;17
Seher;17
Skylar;17
Sorcha;17
Tazmin;17
Teya;17
Tracey;17
Umme;17
Vivienne;17
Adaeze;16
Akira;16
Alanis;16
Alisia;16
Ammara;16
Anam;16
Anouk;16
Ariane;16
Ashton;16
Atlanta;16
Azaria;16
Beca;16
Bree;16
Cate;16
Ceira;16
Cicely;16
Codi;16
Daria;16
Demileigh;16
Dilara;16
Eadie;16
Eisha;16
Elan;16
Elle-May;16
Eloisa;16
Fahmida;16
Gypsy;16
Hamnah;16
Hawa;16
Isma;16
Jacey;16
Jaimie;16
Jamelia;16
Janice;16
Jody;16
Jolene;16
Karlie;16
Keira-Leigh;16
Keya;16
Kim;16
Larna;16
Lori;16
Maci;16
Maddi;16
Madisyn;16
Mahira;16
Manaal;16
Marion;16
Mariyam;16
Mica;16
Milan;16
Nafeesa;16
Navneet;16
Nazia;16
Nellie;16
Nicol;16
Nusaybah;16
Nusrat;16
Nya;16
Ottilie;16
Peaches;16
Ronnie;16
Roshni;16
Rosina;16
Roxie;16
Sabina;16
Salwa;16
Shantelle;16
Shanti;16
Shay;16
Sheila;16
Shenai;16
Shifa;16
Shreeya;16
Simona;16
Siya;16
Stacie;16
Stacy;16
Taiba;16
Tasnia;16
Teresa;16
Teri;16
Trudy;16
Angelika;15
Aniela;15
Aniqa;15
Arielle;15
Asya;15
Ayana;15
Azra;15
Boe;15
Cayla;15
Christie;15
Corinne;15
Cristina;15
Della;15
Dolcie;15
Eileen;15
Ellie-;15
Eunice;15
Franchesca;15
Gwyneth;15
Hadia;15
Hadiya;15
Hamda;15
Haniah;15
Hebe;15
Hibba;15
Izzabella;15
Jena;15
Joelle;15
Juliana;15
Kadey;15
Kaira;15
Kamile;15
Karishma;15
Katarina;15
Katia;15
Keara;15
Kyrah;15
Lavinia;15
Letisha;15
Lily-Anne;15
Lisa-Marie;15
Mahi;15
Manpreet;15
Manuela;15
Marlene;15
Micaela;15
Mira;15
Missy;15
Muminah;15
Myla;15
Mysha;15
Nafeesah;15
Nel;15
Nola;15
Oreoluwa;15
Phoebie;15
Rana;15
Rhiannan;15
Ruwayda;15
Sairah;15
Saliha;15
Samanta;15
Samina;15
Sanya;15
Shae;15
Sofie;15
Sonya;15
Suzanne;15
Tahmina;15
Theodora;15
Tiara;15
Vivian;15
Vivien;15
Wendy;15
Zehra;15
Adiba;14
Alima;14
Amba;14
Ambar;14
Anabelle;14
Anjolaoluwa;14
Avani;14
Awa;14
Barbara;14
Benita;14
Brenda;14
Celina;14
Cherise;14
Cienna;14
Clarice;14
Danae;14
Danya;14
Daphne;14
Deeya;14
Destinee;14
Dixie;14
Dua;14
Elaina;14
Ella-Mai;14
Emily-Rose;14
Emmanuela;14
Emmeline;14
Esma;14
Esmae;14
Ferne;14
Gabija;14
Hadiyah;14
Hajira;14
Heena;14
Humairaa;14
Isabela;14
Izabela;14
Jessika;14
Joana;14
Joni;14
Juanita;14
Judith;14
Katelynn;14
Kaylah;14
Keeva;14
Kelsea;14
Keris;14
Kizzy;14
Kodi;14
Lillie-Rose;14
Lyba;14
Mahdiya;14
Maimuna;14
Mary-Jane;14
Meah;14
Melek;14
Misty;14
Nafisah;14
Neeve;14
Phillipa;14
Raeesah;14
Ramisa;14
Rawan;14
Roxana;14
Ruby-Leigh;14
Ruqaiyah;14
Sajida;14
Sanna;14
Shah;14
Shanel;14
Shannan;14
Shekinah;14
Sila;14
Suad;14
Sumeya;14
Sundus;14
Suzanna;14
Sydnee;14
Tali;14
Taliah;14
Tanaka;14
Taslima;14
Tiya;14
Urooj;14
Whitney;14
Winifred;14
Yana;14
Zenab;14
Aiesha;13
Aiysha;13
Alba;13
Alissia;13
Alycia;13
Angelique;13
Anneliese;13
Ayra;13
Bea;13
Bebe;13
Cariad;13
Carmel;13
Chloe-Louise;13
Chyna;13
Clio;13
Courteney;13
Cynthia;13
Dalia;13
Dayna;13
Dion;13
Disha;13
Duaa;13
Elaine;13
Elissia;13
Ellesse;13
Emma-Louise;13
Estella;13
Evelina;13
Eylul;13
Falaq;13
Fathia;13
Fayth;13
Gia;13
Hamdi;13
Havin;13
Hayleigh;13
Hettie;13
Huma;13
Iola;13
Isadora;13
Ivana;13
Janet;13
Jennie;13
Jessica-Louise;13
Johanna;13
Jude;13
Kadi;13
Kaisha;13
Kasie;13
Katlyn;13
Kaysha;13
Kinga;13
Lacey-May;13
Leen;13
Leni;13
Leonora;13
Lilly-Mai;13
Lily-Anna;13
Livvy;13
Lucille;13
Lucy-May;13
Mair;13
Maleehah;13
Mandy;13
Marian;13
Marla;13
Maysa;13
Meera;13
Meryem;13
Millie-Mae;13
Minahil;13
Nabihah;13
Nerys;13
Niomi;13
Octavia;13
Oriana;13
Pagan;13
Pamela;13
Pavan;13
Ramla;13
Ranya;13
Rayaan;13
Rebeka;13
Rhiann;13
Riah;13
River;13
Rosy;13
Ruby-Rose;13
Ryleigh;13
Sabrin;13
Safiyya;13
Sama;13
Samah;13
Shaan;13
Shalom;13
Shola;13
Skyler;13
Suha;13
Suhana;13
Sukhmani;13
Tadiwa;13
Taiya;13
Tala;13
Tamanna;13
Taybah;13
Tayler;13
Tisha;13
Venus;13
Vera;13
Yael;13
Yi;13
Zaira;13
Zakiyah;13
Zeinab;13
Aamirah;12
Abeer;12
Abena;12
Addison;12
Adelle;12
Aicha;12
Alarna;12
Amandeep;12
Ameenah;12
Amena;12
Amy-Leigh;12
Amy-Louise;12
Aneesha;12
Anmol;12
Araminta;12
Arisha;12
Arzoo;12
Ashlie;12
Bayleigh;12
Briar;12
Calista;12
Chante;12
Chiamaka;12
Chidinma;12
Cosima;12
Darya;12
Delphi;12
Denisa;12
Denni;12
Ella-Marie;12
Elle-Mae;12
Elloise;12
Emmi;12
Erza;12
Ester;12
Evalyn;12
Evie-May;12
Farida;12
Fatoumata;12
Finley;12
Frida;12
Gurleen;12
Gwenno;12
Haadiya;12
Hajar;12
Harmonie;12
Harpreet;12
Humairah;12
Humera;12
Ikra;12
Ilham;12
Ilsa;12
Irmak;12
Isatou;12
Issabelle;12
Jamilah;12
Kaela;12
Kamila;12
Karima;12
Karly;12
Karys;12
Kassie;12
Katarzyna;12
Kay;12
Kaysie;12
Kelcie;12
Kenza;12
Khloe;12
Kimi;12
Kiri;12
Laci;12
Leilah;12
Leisha;12
Lilie;12
Lilli-Mae;12
Lilly-Anne;12
Lilly-Ella;12
Maame;12
Manahil;12
Marika;12
Masuma;12
Meena;12
Melis;12
Millie-Ann;12
Mirabelle;12
Miracle;12
Naia;12
Nida;12
Nikol;12
Oluwadamilola;12
Oluwatamilore;12
Parisa;12
Raegan;12
Reanne;12
Rene;12
Rhyanna;12
Rojin;12
Roni;12
Rowena;12
Ruqayya;12
Ruvarashe;12
Sagal;12
Saimah;12
Shaima;12
Shanie;12
Shante;12
Shaya;12
Shayma;12
Shiloh;12
Shruti;12
Sidney;12
Sidrah;12
Siwan;12
Suzannah;12
Taibah;12
Tamar;12
Tanvi;12
Tilda;12
Tru;12
Winnie;12
Yvonne;12
Aasiyah;11
Abinaya;11
Afreen;11
Aida;11
Ailish;11
Alanya;11
Aleigha;11
Ama;11
Amari;11
Amera;11
Amiya;11
Analise;11
Annelise;11
Annette;11
Asiyah;11
Assia;11
Ayisha;11
Bernice;11
Caitlen;11
Camila;11
Caris;11
Carley;11
Carlie;11
Casie;11
Chantel;11
Chioma;11
Cianna;11
Clodagh;11
Damla;11
Demelza;11
Dilys;11
Dorcas;11
Elia;11
Elisia;11
Eman;11
Emer;11
Enfys;11
Enola;11
Fareeha;11
Francessca;11
Francisca;11
Gracie-Leigh;11
Haiqa;11
Hala;11
Hanaa;11
Haneen;11
Hatice;11
Havana;11
Hodan;11
Ifrah;11
Indi;11
Indianna;11
Ishika;11
Iyla;11
Jadyn;11
Jaiden;11
Janie;11
Jaskiran;11
Javeria;11
Jazmyn;11
Juwairiyah;11
Kacey-Leigh;11
Kahlen;11
Kaitlan;11
Kasia;11
Katey;11
Katie-Leigh;11
Kaytlin;11
Ketsia;11
Khadiza;11
Kimran;11
Kizzie;11
Komal;11
Kourtney;11
Krishna;11
Laetitia;11
Lailah;11
Leah-Marie;11
Lesley;11
Lexia;11
Lilianna;11
Lilly-Ann;11
Lily-;11
Lily-Marie;11
Liza;11
Lizzie;11
Lorraine;11
Mairead;11
Marcella;11
Masie;11
Meisha;11
Mellissa;11
Merve;11
Millie-May;11
Monet;11
Morwenna;11
Muneebah;11
Muntaha;11
Nadira;11
Nawaal;11
Nelly;11
Neva;11
Nichole;11
Peyton;11
Phillippa;11
Philomena;11
Piya;11
Poppi;11
Prudence;11
Raina;11
Raniyah;11
Reya;11
Rhona;11
Rianne;11
Rina;11
Rishika;11
Riyana;11
Roksana;11
Rosemarie;11
Ruby-Ann;11
Ruqaya;11
Rutendo;11
Rylie;11
Sakinah;11
Saleena;11
Saleha;11
Sameeha;11
Savanah;11
Scarlette;11
Shanaya;11
Shianne;11
Shirley;11
Sierra;11
Silvia;11
Sofija;11
Stefanie;11
Sude;11
Susie;11
Tahsin;11
Talisha;11
Talya;11
Tamzyn;11
Tasmin;11
Tayyaba;11
Tia-Louise;11
Tilley;11
Tilly-Mae;11
Tula;11
Valeria;11
Vicky;11
Yolanda;11
Zaineb;11
Zakiya;11
Zi;11
Abigayle;10
Adeline;10
Afia;10
Aila;10
Alecia;10
Alishbah;10
Alyshia;10
Amana;10
Amarni;10
Amilia;10
Amreen;10
Aneira;10
Ann-Marie;10
Anneka;10
Areej;10
Areesha;10
Arissa;10
Ashna;10
Aylin;10
Ayshah;10
Azizah;10
Beverley;10
Bismah;10
Brea;10
Cailin;10
Calleigh;10
Carlotta;10
Cerise;10
Chanice;10
Channelle;10
Chase;10
Christa;10
Ciera;10
Comfort;10
Danniella;10
Delta;10
Demi-Lea;10
Demmi;10
Desiree;10
Devorah;10
Dilan;10
Dinah;10
Eboney;10
Elanor;10
Elektra;10
Elize;10
Elora;10
Ember;10
Emerald;10
Emi;10
Esra;10
Evangelina;10
Ewa;10
Fae;10
Faryal;10
Fatou;10
Florrie;10
Francine;10
Georga;10
Giovanna;10
Gwendolyn;10
Gwennan;10
Hailie;10
Hanaan;10
Harini;10
Harper;10
Heaven;10
Hetty;10
Hilary;10
Ifeoluwa;10
Ifra;10
Iliana;10
Indira;10
Inez;10
Ishrat;10
Issabella;10
Izzah;10
Jameela;10
Jasmeen;10
Jaycee;10
Joss;10
Julianne;10
Kai;10
Kaja;10
Kashish;10
Katja;10
Keanna;10
Keavy;10
Keela;10
Kehinde;10
Kelci;10
Kelise;10
Kellie;10
Kendall;10
Kerenza;10
Kristal;10
Kristin;10
Kyah;10
Kylah;10
Laaiba;10
Laurel;10
Leya;10
Lilac;10
Lillie-May;10
Lily-Beth;10
Liv;10
Lola-Rose;10
Madaline;10
Maegan;10
Makeda;10
Malaeka;10
Manar;10
Mared;10
Mariha;10
Marlie;10
Maryan;10
Matylda;10
Maysie;10
Medina;10
Meerab;10
Miski;10
Molly-May;10
Mona;10
Nabila;10
Nabilah;10
Najah;10
Nasrin;10
Nichola;10
Nicky;10
Nidhi;10
Nika;10
Niyah;10
Noemi;10
Nyasha;10
Oyinkansola;10
Payton;10
Porscha;10
Queenie;10
Rafaela;10
Raine;10
Rayne;10
Rebeca;10
Rebekka;10
Reema;10
Rehanna;10
Rosalyn;10
Roseanne;10
Rylee;10
Sabaa;10
Sadaf;10
Sarah-Louise;10
Sariah;10
Sascha;10
Savera;10
Saya;10
Scout;10
Seraphina;10
Serina;10
Shahd;10
Shaniya;10
Sheena;10
Shelbie;10
Sherry;10
Siana;10
Suraya;10
Suzie;10
Tahiya;10
Taliya;10
Tanyaradzwa;10
Tanzeela;10
Tate;10
Tayba;10
Tayibah;10
Tayyiba;10
Tea;10
Tehreem;10
Temiloluwa;10
Tesni;10
Tiyana;10
Varsha;10
Viola;10
Zarin;10
Zunairah;10
Aaishah;9
Abidah;9
Adeeba;9
Afnan;9
Aleesa;9
Aliah;9
Alishah;9
Allanah;9
Amaia;9
Amaris;9
Amber-Louise;9
Amel;9
Amia;9
Amnah;9
Anabella;9
Anila;9
Anissa;9
Anna-Louise;9
Anna-Maria;9
Anne-Marie;9
Anouska;9
Ariba;9
Ariel;9
Aseel;9
Atika;9
Avril;9
Ayushi;9
Berfin;9
Beverly;9
Beyonce;9
Beyza;9
Cadey;9
Carmela;9
Catalina;9
Cecile;9
Dani;9
Dara;9
Dea;9
Demi-Louise;9
Deryn;9
Devina;9
Divya;9
Doris;9
Eimear;9
Eira;9
Ekin;9
Elenor;9
Ellie-Grace;9
Elliw;9
Emilly;9
Emine;9
Emma-Jane;9
Ena;9
Evey;9
Evie-Rose;9
Faaizah;9
Farha;9
Faria;9
Fizah;9
Fizza;9
Fozia;9
Giada;9
Gillian;9
Gisele;9
Gretel;9
Gurpreet;9
Haadiyah;9
Hanifah;9
Hasna;9
Hazal;9
Hazera;9
Hena;9
Hibbah;9
Hifza;9
Hunnie;9
Ila;9
Ilona;9
Inaayah;9
Ishita;9
Islay;9
Italia;9
Jadesola;9
Jaia;9
Jasmina;9
Jeanie;9
Joselyn;9
Karma;9
Kassia;9
Katie-Ann;9
Katie-May;9
Kaylin;9
Khadra;9
Khansa;9
Kiesha;9
Kinza;9
Kirandeep;9
Kornelia;9
Kulsum;9
Lacey-Mae;9
Lakshmi;9
Latifa;9
Latifah;9
Laylah;9
Leone;9
Lilymay;9
Lindsay;9
Lowenna;9
Luca;9
Luka;9
Malyka;9
Maram;9
Marcy;9
Marli;9
Marwah;9
Maymuna;9
Mckenna;9
Meagan;9
Megha;9
Melinda;9
Melita;9
Meriem;9
Millie-Jo;9
Minna;9
Miyah;9
Nabeela;9
Navya;9
Nisa;9
Nova;9
Nusaiba;9
Ola;9
Olamide;9
Olga;9
Oluwadara;9
Oluwakemi;9
Omolara;9
Paloma;9
Primrose;9
Rabiah;9
Raeesa;9
Reegan;9
Regina;9
Rehana;9
Remy;9
Riva;9
Riyan;9
Rochel;9
Rosey;9
Rugile;9
Safina;9
Sahana;9
Saiba;9
Saja;9
Sakeena;9
Sammy;9
Saphia;9
Sarah-Jayne;9
Sarai;9
Seanna;9
Sena;9
Shanade;9
Shannel;9
Shannen;9
Shelly;9
Shenay;9
Sihaam;9
Skie;9
Sorrel;9
Suhani;9
Suzy;9
Tabassum;9
Tahirah;9
Tansy;9
Tasmia;9
Taylah;9
Thelma;9
Tiannah;9
Toluwalase;9
Vidhi;9
Viktoria;9
Wajihah;9
Warda;9
Willa;9
Ysabelle;9
Zahira;9
Zareen;9
Zeena;9
Zilan;9
Zinnia;9
Zulaikha;9
Aakifah;8
Aalia;8
Abisha;8
Adna;8
Agata;8
Akshaya;8
Akua;8
Aleema;8
Alizah;8
Allana;8
Alliyah;8
Almas;8
Althea;8
Alvina;8
Alya;8
Amaal;8
Amanpreet;8
Amber-Rose;8
Amberley;8
Amilah;8
Aneeqa;8
Aniyah;8
Anna-Marie;8
Arfa;8
Arifa;8
Arina;8
Arisa;8
Avni;8
Ayanda;8
Ayman;8
Aziza;8
Azka;8
Baby;8
Bessie;8
Bhumi;8
Bhumika;8
Blaise;8
Bobbie-Jo;8
Brody;8
Casey-Leigh;8
Chanise;8
Chantal;8
Charvi;8
Cherie;8
Chisom;8
Chrystal;8
Cira;8
Clemence;8
Cleopatra;8
Coralie;8
Cortney;8
Courtney-Leigh;8
D'Arcy;8
Dahlia;8
Daisey;8
Daisy-Mai;8
Daniya;8
Darlene;8
Daya;8
Delphine;8
Devika;8
Dia;8
Diane;8
Dolly;8
Dolores;8
Effie;8
Eimaan;8
Eliora;8
Eliz;8
Ellah;8
Elle-Louise;8
Elle-Mai;8
Elleanor;8
Ellese;8
Ellesha;8
Ellicia;8
Ellie-Jo;8
Emelie;8
Emily-Jane;8
Emily-Mae;8
Eniola;8
Erinn;8
Evelynn;8
Fabiha;8
Faridah;8
Fateha;8
Fflur;8
Finlay;8
Freda;8
Georgi;8
Gurneet;8
Gursimran;8
Harmoni;8
Heledd;8
Henny;8
Hifsa;8
Hillary;8
Hina;8
Hirah;8
Idman;8
Iesha;8
Iffah;8
Ilaria;8
Ilhan;8
Imaani;8
Inara;8
Inga;8
Ivanna;8
Izza;8
Jagoda;8
Jaiya;8
Jayde;8
Jaymee;8
Jenifer;8
Jennah;8
Jessica-Leigh;8
Jessy;8
K;8
Kaci-Leigh;8
Kailey;8
Kalisha;8
Kashvi;8
Kavya;8
Kaydi;8
Kaylie;8
Kaylyn;8
Kc;8
Keighley;8
Keila;8
Kerrie;8
Kesia;8
Khalisah;8
Kirstin;8
Kirstyn;8
Kristy;8
Krystle;8
Kt;8
Lacee;8
Latia;8
Lenka;8
Leonnie;8
Liaba;8
Lianne;8
Lilla;8
Lilliana;8
Lilya;8
Lilyana;8
Lilyanna;8
Linnea;8
Livi;8
Lola-Mae;8
Lotte;8
Lourdes;8
Luiza;8
Lynette;8
Mabli;8
Madaleine;8
Maicie;8
Maida;8
Maizey;8
Martine;8
Mary-Ann;8
Mary-Kate;8
Marya;8
Merryn;8
Meya;8
Mia-Grace;8
Mia-Rose;8
Michaella;8
Migle;8
Milana;8
Minal;8
Mollie-Mae;8
Molly-Mae;8
Monisha;8
Muniba;8
Nadirah;8
Nadiya;8
Navdeep;8
Nayla;8
Neela;8
Neelam;8
Nixie;8
Nylah;8
Olivia-Rose;8
Oluwademilade;8
Oluwaseun;8
Parveen;8
Patsy;8
Peony;8
Pooja;8
Praise;8
Radha;8
Radhika;8
Rameesha;8
Rani;8
Raniya;8
Raphaela;8
Raquel;8
Richa;8
Ridah;8
Riona;8
Risha;8
Rumaysah;8
Ryanna;8
Saffiyah;8
Sage;8
Saher;8
Sai;8
Saida;8
Salina;8
Salome;8
Samya;8
Sapphira;8
Saran;8
Saraya;8
Saule;8
Savana;8
Senna;8
Serafina;8
Shahana;8
Shahida;8
Shanna;8
Shantay;8
Sharday;8
Sharnay;8
Shazia;8
Shea;8
Sheree;8
Shereen;8
Sherelle;8
Shi;8
Sophie-Louise;8
Sumiya;8
Summer-Rose;8
Sunny;8
Suranne;8
Suzi;8
Sydni;8
Tahia;8
Taiwo;8
Takara;8
Talulla;8
Tamera;8
Tanesha;8
Tanika;8
Taniya;8
Tatum;8
Tatyana;8
Temitope;8
Thandiwe;8
Tian;8
Tiggy;8
Tilly-May;8
Toby;8
Tulsi;8
Ula;8
Umamah;8
Umayma;8
Unaisah;8
Uzma;8
Vaishnavi;8
Virginia;8
Vita;8
Wafa;8
Wania;8
Yasmina;8
Ysabel;8
Zakiyyah;8
Zeba;8
Zohra;8
Zola;8
Aamani;7
Aarushi;7
Adi;7
Aima;7
Aishani;7
Aiyla;7
Alani;7
Alesia;7
Alessandra;7
Alethea;7
Aleysha;7
Allie;7
Almaas;7
Alysa;7
Amarachi;7
Amariah;7
Ambika;7
Ameira;7
Amellia;7
Amtul;7
Amy-Jo;7
Amy-Lee;7
Anahita;7
Andreea;7
Anh;7
Anise;7
Annalisa;7
Anousha;7
Antoinette;7
Ariadne;7
Arianwen;7
Arshiya;7
Arushi;7
Ashleen;7
Ashlin;7
Asmita;7
Aura;7
Ava-Mae;7
Awen;7
Ayeesha;7
Belicia;7
Belinda;7
Benedicta;7
Berenice;7
Biba;7
Bluebell;7
Bracha;7
Breeze;7
Brodi;7
Caleigh;7
Callia;7
Caprice;7
Carissa;7
Cassey;7
Caterina;7
Ceren;7
Ceyda;7
Charity;7
Chennai;7
Cherish;7
Chloe-Ann;7
Christy;7
Clarisse;7
Corinna;7
Daniele;7
Dannielle;7
Debbie;7
Deena;7
Defne;7
Delia;7
Demi-;7
Demilee;7
Deniz;7
Dhara;7
Diamond;7
Dione;7
Ebunoluwa;7
Echo;7
Eda;7
Eilish;7
Eleana;7
Eleena;7
Eleisha;7
Eli;7
Elianna;7
Elika;7
Elisheva;7
Elizaveta;7
Ella-Grace;7
Elleigh;7
Ellie-Ann;7
Ellie-Leigh;7
Eluned;7
Elysha;7
Emerson;7
Emie;7
Emily-May;7
Emma-Leigh;7
Esta;7
Etienne;7
Faatima;7
Fabiana;7
Fabienne;7
Faduma;7
Fardowsa;7
Fearn;7
Franki;7
Frieda;7
Ginny;7
Glory;7
Grayce;7
Haajarah;7
Haajirah;7
Hadassah;7
Hafiza;7
Haidee;7
Haja;7
Hajara;7
Haniyah;7
Hermela;7
Idil;7
Ikran;7
Ishani;7
Isobell;7
Izobel;7
Jae;7
Jael;7
Janina;7
Janine;7
Jaycie;7
Jayme;7
Jayna;7
Jazz;7
Jenae;7
Jenni;7
Jing;7
Jo;7
Julianna;7
Julienne;7
June;7
Justina;7
Juwariah;7
Kainaat;7
Kaleigh;7
Kari;7
Karmen;7
Kassandra;7
Kayci;7
Kaydie;7
Keera;7
Kelsey-Leigh;7
Kenzi;7
Kera;7
Keri;7
Kerys;7
Keyanna;7
Kiera-Leigh;7
Kirah;7
Kosisochukwu;7
Kristiana;7
Krupa;7
Kumba;7
Kyanna;7
Ladan;7
Laina;7
Lamar;7
Lanie;7
Latoya;7
Lili-Mai;7
Liliya;7
Lilli-Mai;7
Lillymay;7
Lilymae;7
Liyah;7
Llinos;7
Lora;7
Loretta;7
Lotti;7
Luchia;7
Maahi;7
Madisson;7
Maeesha;7
Magdalene;7
Maimoona;7
Makanaka;7
Maleeka;7
Margaux;7
Maryanne;7
Mayesha;7
Maymunah;7
Mckayla;7
Meabh;7
Mehnaz;7
Mehrin;7
Mehvish;7
Mena;7
Menaal;7
Meriam;7
Merin;7
Miami;7
Micah;7
Micha;7
Misba;7
Mitzi;7
Mollie-Ann;7
Molly-Ann;7
Moyosoreoluwa;7
Myia;7
Myriam;7
Nabeeha;7
Naeema;7
Nahima;7
Naira;7
Nakita;7
Nancie;7
Nandini;7
Nansi;7
Natania;7
Naz;7
Neisha;7
Neveah;7
Niav;7
Nila;7
Nimah;7
Noelle;7
Nusaibah;7
Nusayba;7
Olivia-Grace;7
Oluwafunmilola;7
Oluwanifemi;7
Oluwatosin;7
Olwen;7
Oona;7
Orlagh;7
Pari;7
Parris;7
Payal;7
Persephone;7
Polina;7
Pritika;7
Rabiya;7
Radiyah;7
Rafia;7
Rahimah;7
Raissa;7
Rameen;7
Ravneet;7
Rayna;7
Rayyan;7
Raz;7
Rea;7
Reeya;7
Reina;7
Renay;7
Reshma;7
Reyhan;7
Rihannah;7
Rima;7
Riyah;7
Romana;7
Romi;7
Romina;7
Rona;7
Rosie-Mae;7
Rosie-May;7
Roza;7
Ruhi;7
Ruvimbo;7
Saaliha;7
Saanvi;7
Sabine;7
Sabirin;7
Sakura;7
Salihah;7
Salima;7
Samaira;7
Samaya;7
Sammi;7
Sammie;7
Samra;7
Sanam;7
Sareena;7
Saron;7
Sayeda;7
Selen;7
Serenna;7
Shada;7
Shaina;7
Shamsa;7
Shanell;7
Shannay;7
Shaye;7
Shaymaa;7
Shoshana;7
Sianne;7
Sienna-Rose;7
Sima;7
Sireen;7
Skye-Marie;7
Sofiya;7
Somaya;7
Sophie-Leigh;7
Sriya;7
Stevie-Leigh;7
Suri;7
Taleah;7
Tamana;7
Tavia;7
Tawana;7
Tayiba;7
Tegen;7
Teighan;7
Temitayo;7
Theadora;7
Tiani;7
Tilli;7
Tinotenda;7
Triniti;7
Umaima;7
Umayyah;7
Vania;7
Viktorija;7
Wing;7
Xara;7
Xena;7
Xenia;7
Yaa;7
Yalda;7
Yocheved;7
Yousra;7
Zainah;7
Zakia;7
Zarina;7
Zhane;7
Zita;7
Aamenah;6
Aarya;6
Aasiya;6
Abbie-Leigh;6
Abbygail;6
Adela;6
Adia;6
Aela;6
Afrah;6
Afsha;6
Ahlaam;6
Aileen;6
Aishat;6
Aislinn;6
Aisosa;6
Akosua;6
Alayah;6
Alica;6
Alla;6
Amaara;6
Amaarah;6
Amandine;6
Amatullah;6
Amber-Leigh;6
Amber-Lily;6
Ambreen;6
Ameya;6
Amiira;6
Aminat;6
Amyleigh;6
Anesha;6
Anesu;6
Angie;6
Anjelica;6
Ankita;6
Annia;6
Annie-May;6
Annis;6
Annmarie;6
Antonella;6
Antonina;6
Araya;6
Arifah;6
Artemis;6
Asher;6
Ashling;6
Ashlynn;6
Avery;6
Awel;6
Ayat;6
Bayan;6
Bayley;6
Boluwatife;6
Brenna;6
Bryana;6
Bryanna;6
Bryoni;6
Cali;6
Carenza;6
Carli;6
Carol;6
Catarina;6
Chanell;6
Charisma;6
Chava;6
Chelsi;6
Chidera;6
Chloe-Marie;6
Chloe-May;6
Clea;6
Cliona;6
Clover;6
Colleen;6
Corin;6
Daanya;6
Deanne;6
Debora;6
Deenah;6
Dekota;6
Delina;6
Deni;6
Dhruvi;6
Diaz;6
Dilly;6
Dolce;6
Donia;6
Duha;6
Ebba;6
Ebonnie;6
Edwina;6
Eemaan;6
Eila;6
Eiliyah;6
Ekaterina;6
Elara;6
Elda;6
Electra;6
Eleonore;6
Elishia;6
Elisse;6
Elkie;6
Ella-;6
Ellamay;6
Ellia;6
Elliana;6
Elliemae;6
Ellisia;6
Ellissa;6
Ellissia;6
Elouisa;6
Elowen;6
Emily-Jayne;6
Emmanuelle;6
Erina;6
Errin;6
Esmay;6
Eugenia;6
Eva-Marie;6
Eva-Rose;6
Evanna;6
Evee;6
Evie-Leigh;6
Evie-Mai;6
Evita;6
Fahimah;6
Faisa;6
Fajr;6
Farwa;6
Fatmata;6
Fatuma;6
Fia;6
Fifi;6
Firdaus;6
Firdous;6
Fizzah;6
Flo;6
Freyah;6
Georgia-Rose;6
Geraldine;6
Gerda;6
Gracy;6
Hadiqa;6
Hafza;6
Haley;6
Hamida;6
Hanah;6
Harlee;6
Helana;6
Heloise;6
Himani;6
Hinda;6
Hindy;6
Holly-May;6
Hooriya;6
Hui;6
Humma;6
Humna;6
Hunni;6
Husnaa;6
Ikhlas;6
Ilse;6
Imane;6
Imogene;6
Inca;6
Indiya;6
Indya;6
Inioluwa;6
Innes;6
Insha;6
Irem;6
Irina;6
Isa;6
Isabella-Rose;6
Ishaal;6
Ismah;6
Jacie;6
Jacy;6
Jaeda;6
Jai;6
Jamilla;6
Janay;6
Janna;6
Jannath;6
Jaye;6
Jeannie;6
Jessamy;6
Jessi;6
Jeyda;6
Joan;6
Jorgia;6
Judy;6
Justice;6
Kacia;6
Kadence;6
Kadie-Leigh;6
Kadija;6
Kailah;6
Kaitlynn;6
Kalia;6
Kalli;6
Karam;6
Karley;6
Kashaf;6
Katana;6
Katelan;6
Kati;6
Katie-Mae;6
Kaylan;6
Kaylea;6
Kaylen;6
Kayra;6
Ke;6
Keia;6
Kemi;6
Kenisha;6
Keryn;6
Keyleigh;6
Khiara;6
Khira;6
Kierah;6
Kiersten;6
Kisha;6
Kittie;6
Kiyana;6
Kyara;6
Lainie;6
Laiqah;6
Lamees;6
Lamisa;6
Larisa;6
Leala;6
Leeza;6
Lexine;6
Liah;6
Liba;6
Libby-Anne;6
Libby-Mai;6
Lilith;6
Lilley;6
Lilliah;6
Lillianna;6
Lillie-Jo;6
Lillie-Mai;6
Lilly-Grace;6
Lillyrose;6
Lilyann;6
Liora;6
Liyba;6
Lola-May;6
Lona;6
Lorin;6
Lubna;6
Lucy-Anne;6
Lucy-Jo;6
Lynn;6
Maariah;6
Madalin;6
Madelene;6
Madilyn;6
Madiyah;6
Madlen;6
Maebh;6
Mahiya;6
Mahrukh;6
Mahum;6
Malia;6
Malissa;6
Malky;6
Mallory;6
Margarita;6
Marilyn;6
Marlena;6
Maryum;6
Mattea;6
Maureen;6
Mavis;6
Mawahib;6
Mayzie;6
Meda;6
Meghna;6
Melike;6
Mhairi;6
Michal;6
Michalina;6
Miki;6
Mishal;6
Molli;6
Montanna;6
Moriah;6
Muneeba;6
Musammat;6
Naba;6
Nadiyah;6
Nadya;6
Nahida;6
Naiya;6
Nasteha;6
Nathania;6
Nazli;6
Nesta;6
Nikitta;6
Nimisha;6
Nishat;6
Nishi;6
Nissi;6
Niyati;6
Noha;6
Noora;6
Noreen;6
Olivia-May;6
Oluchi;6
Oluwatobi;6
Oluwatobiloba;6
Oyindamola;6
Pandora;6
Pheonix;6
Poppy-May;6
Pranavi;6
Prisca;6
Purdey;6
Rachelle;6
Rafa;6
Raheema;6
Rahmah;6
Raihana;6
Rain;6
Rajvir;6
Raphaella;6
Rasha;6
Rashida;6
Rayhana;6
Razan;6
Reah;6
Reena;6
Rena;6
Rhiannah;6
Riannon;6
Riddhi;6
Ridha;6
Rithika;6
Ritika;6
Rizwana;6
Rojda;6
Romaisa;6
Ronni;6
Rosheen;6
Rowen;6
Roya;6
Rubee;6
Rubina;6
Ruby-Grace;6
Ruby-Louise;6
Rukhsar;6
Ruweyda;6
Ruya;6
Sabihah;6
Sabiya;6
Sachi;6
Saffah;6
Saffia;6
Saffiya;6
Salena;6
Saloni;6
Saman;6
Samar;6
Sameen;6
Sameena;6
Saniyah;6
Sanjida;6
Sarita;6
Sehrish;6
Selene;6
Sema;6
Sennen;6
Shafia;6
Shahad;6
Shahed;6
Shamima;6
Shaniqua;6
Shanon;6
Sharn;6
Sharni;6
Shaunna;6
Shaylee;6
Shelley;6
Sheryl;6
Shira;6
Shireen;6
Shiza;6
Shruthi;6
Shu;6
Shukri;6
Shylah;6
Silke;6
Silvie;6
Sina;6
Sonal;6
Sophie-Marie;6
Soroh;6
Sukie;6
Sumaira;6
Taegan;6
Taila;6
Tally;6
Tanaya;6
Tanjina;6
Tanzila;6
Tasmiyah;6
Tatenda;6
Tejal;6
Teniola;6
Tenisha;6
Thamina;6
Tia-Leigh;6
Tigerlily;6
Toluwani;6
Tuesday;6
Tyana;6
Tyanna;6
Tyrah;6
Umaiza;6
Vanisha;6
Violette;6
Wajeeha;6
Wan;6
Ying;6
Ysabella;6
Zaibaa;6
Zanib;6
Zarrin;6
Zion;6
Zosia;6
Aamilah;5
Aamnah;5
Aashna;5
Aasia;5
Abbie-Louise;5
Abia;5
Adama;5
Adaora;5
Adara;5
Adeena;5
Adenike;5
Adeola;5
Adila;5
Aeris;5
Afifah;5
Afua;5
Ahana;5
Aiman;5
Aina;5
Aiya;5
Aji;5
Akasha;5
Aklima;5
Al;5
Alaska;5
Aleemah;5
Alexus;5
Alika;5
Alis;5
Alise;5
Allannah;5
Allisha;5
Ally;5
Alvia;5
Amanah;5
Amela;5
Amelia-Jayne;5
Amelia-May;5
Amelia-Rose;5
Ameliah;5
Amerie;5
Amity;5
Amiyah;5
Amore;5
Amran;5
Amy-Jane;5
Amy-May;5
Anah;5
Anastasija;5
Anastazja;5
Aneisha;5
Anest;5
Angeline;5
Anjuma;5
Annya;5
Aoibhinn;5
Aphra;5
Archana;5
Arian;5
Arij;5
Aroush;5
Arshia;5
Ashana;5
Ashani;5
Ashira;5
Ashni;5
Aspen;5
Atifa;5
Auguste;5
Aulona;5
Austeja;5
Ayaan;5
Ayva;5
Azara;5
Azima;5
Bahar;5
Bailee;5
Balqis;5
Basma;5
Basmala;5
Baylee;5
Becca;5
Beckie;5
Benedicte;5
Berry;5
Bethani;5
Bethel;5
Betul;5
Binta;5
Blanca;5
Bobby;5
Brandy;5
Bria;5
Briannah;5
Brihanna;5
Brittany;5
Bruna;5
Cadee;5
Caelia;5
Cailey;5
Calli;5
Callista;5
Camellia;5
Candy;5
Capri;5
Caragh;5
Carlee;5
Carmella;5
Casey-Jo;5
Catie;5
Cayleigh;5
Ceara;5
Ceinwen;5
Celestine;5
Ceylan;5
Chanai;5
Chance;5
Chardonay;5
Charisse;5
Chelsee;5
Chenelle;5
Cherelle;5
Chiedza;5
China;5
Chyanne;5
Cleona;5
Collette;5
Corey;5
Cornelia;5
Cressida;5
Cyan;5
Daisie-Mae;5
Damilola;5
Danai;5
Dannii;5
Dee;5
Deia;5
Delaney;5
Delisha;5
Delyth;5
Demmie;5
Dempsey;5
Denisha;5
Desire;5
Destinie;5
Dharma;5
Divina;5
Diyanah;5
Dominica;5
Domino;5
Dona;5
Donya;5
Dylan;5
Eiman;5
Eire;5
Eirinn;5
Elani;5
Eleonora;5
Eleora;5
Elesha;5
Eline;5
Ellana;5
Ellanor;5
Ellee;5
Ellemay;5
Ellenor;5
Ellice;5
Ellie-Anne;5
Ellie-Jay;5
Ellie-Jean;5
Ellin;5
Ellisa;5
Ellison;5
Elma;5
Elvina;5
Emillia;5
Emily-Grace;5
Emily-Louise;5
Era;5
Eris;5
Eseoghene;5
Esmie;5
Evan;5
Eveie;5
Eveline;5
Evelyne;5
Ezgi;5
Fabbiha;5
Faheemah;5
Fajar;5
Fanta;5
Farihah;5
Fartun;5
Fateema;5
Fathema;5
Fawzia;5
Francheska;5
Frankie-Leigh;5
Freddie;5
Gamze;5
Gayathri;5
Georgia-May;5
Gittel;5
Gitty;5
Guneet;5
Habeebah;5
Haddy;5
Haf;5
Hafizah;5
Hajirah;5
Halina;5
Haneefah;5
Hanfa;5
Harkiran;5
Harman;5
Harshini;5
Harshita;5
Hayaat;5
Haylee;5
Hibatullah;5
Hollie-Ann;5
Holly-Anne;5
Holly-Marie;5
Honey-Rose;5
Ibukunoluwa;5
Iffat;5
Ifza;5
Ilhaan;5
Inderpreet;5
Indy;5
Inka;5
Ione;5
Iqrah;5
Irum;5
Ismay;5
Israh;5
Issabel;5
Izzabel;5
Izzabelle;5
Jacinta;5
Jadine;5
Jaina;5
Jaipreet;5
Jameelah;5
Jamielee;5
Jamieleigh;5
Jan;5
Janaya;5
Janey;5
Jannatul;5
Jasdeep;5
Jeanne;5
Jerusha;5
Joella;5
Jordana;5
Jordanna;5
Josefina;5
Josslyn;5
Jumaimah;5
Jumana;5
Juwayriyah;5
Kacee;5
Kacey-Mae;5
Kacie-Leigh;5
Kadee;5
Kaelin;5
Kaicey;5
Kaitlen;5
Kajal;5
Kala;5
Kaley;5
Kalila;5
Karimah;5
Karli;5
Kassidy;5
Katharina;5
Katie-Jane;5
Katie-Marie;5
Katie-Rose;5
Kawthar;5
Kayah;5
Kayce;5
Kayleen;5
Keah;5
Keesha;5
Keleigh;5
Keona;5
Kerri;5
Kerry-Ann;5
Khatija;5
Khawlah;5
Khianna;5
Kiarna;5
Kiaya;5
Kimia;5
Kimora;5
Kiren;5
Kora;5
Kristine;5
Kritika;5
Kubra;5
Kundai;5
L'Shae;5
Laine;5
Laiqa;5
Laiyba;5
Lakisha;5
Lavanya;5
Layan;5
Layna;5
Leana;5
Leeya;5
Lennie;5
Leola;5
Lexa;5
Lexxie;5
Leylah;5
Leyna;5
Libi;5
Liesel;5
Lili-Mae;5
Lilianne;5
Lillee;5
Lilly-Sue;5
Lillyann;5
Lily-Sue;5
Lilyanne;5
Lilyrose;5
Lima;5
Lisha;5
Lohan;5
Lorelei;5
Lorien;5
Loulou;5
Love;5
Lucja;5
Lucy-Mae;5
Maarya;5
Madelin;5
Madi;5
Madison-Leigh;5
Maesha;5
Maggie-May;5
Mahalia;5
Mahera;5
Mahrosh;5
Maiah;5
Maija;5
Maisa;5
Maliyah;5
Mallika;5
Manasvi;5
Manjot;5
Manuella;5
Margo;5
Marium;5
Marsha;5
Maryann;5
Mashal;5
Masooma;5
Megi;5
Mehar;5
Meher;5
Melat;5
Melia;5
Mellisa;5
Melodie;5
Meriel;5
Mikki;5
Millie-Anne;5
Millie-Jane;5
Minette;5
Mirabel;5
Mirella;5
Misk;5
Missie;5
Mollie-May;5
Molly-Anne;5
Morgan-Leigh;5
Morgen;5
Moyinoluwa;5
Mumtaz;5
Muqadas;5
Muznah;5
Nadeen;5
Najla;5
Nalani;5
Naomie;5
Nasima;5
Nataya;5
Naya;5
Nayana;5
Nesha;5
Niesha;5
Nikole;5
Nitasha;5
Nkechi;5
Non;5
Nosheen;5
Noshin;5
Noura;5
Nubia;5
Nura;5
Nuria;5
Nuzhat;5
Oceane;5
Odunayo;5
Olivia-Mai;5
Oluwafunmilayo;5
Oluwapelumi;5
Oluwateniola;5
Oluwatoni;5
Onyinyechi;5
Oonagh;5
Opal;5
Oriel;5
Pacha;5
Parisha;5
Parys;5
Pauline;5
Peniel;5
Persia;5
Porsche;5
Prakriti;5
Preet;5
Priyana;5
Qamar;5
Qing;5
Queen;5
Radia;5
Raheemah;5
Ramanpreet;5
Rameesah;5
Ramisha;5
Raneem;5
Rayana;5
Rayann;5
Rebbecca;5
Reham;5
Remee;5
Renad;5
Renata;5
Rheya;5
Rhianon;5
Riannah;5
Richelle;5
Riham;5
Rim;5
Rimini;5
Romani;5
Romey;5
Romie;5
Romily;5
Rosabella;5
Rosalia;5
Roselyn;5
Ruby-Jean;5
Ruby-Jo;5
Ruby-Lee;5
Ruby-Mai;5
Ruby-Rae;5
Rufaro;5
Rukaiya;5
Rukaya;5
Rukiya;5
Ryhanna;5
Saalihah;5
Sabeeha;5
Sabeen;5
Sabera;5
Sabha;5
Safiah;5
Sahiba;5
Sahira;5
Samarah;5
Sameerah;5
Samera;5
Samiah;5
Sammy-Jo;5
Samsam;5
Sanchia;5
Sandeep;5
Saniah;5
Sanika;5
Saphire;5
Saudah;5
Sayma;5
Scarlett-Rose;5
Seema;5
Sehr;5
Sephora;5
Shabana;5
Shabnam;5
Shai;5
Shakila;5
Shama;5
Shamiso;5
Shaniah;5
Shanika;5
Shanique;5
Shaniyah;5
Shannah;5
Shannai;5
Shannon-Leigh;5
Shanya;5
Sharlotte;5
Sharona;5
Shawna;5
Shayley;5
Shereece;5
Sherine;5
Shifaa;5
Sibella;5
Siddika;5
Silan;5
Simar;5
Simi;5
Simrit;5
Siona;5
Sirine;5
Sofya;5
Sohana;5
Solene;5
Soumia;5
Stacia;5
Stefani;5
Stefania;5
Steffi;5
Stevi;5
Subiksha;5
Sukhpreet;5
Sultan;5
Sumaia;5
Suman;5
Summaya;5
Summayah;5
Summayyah;5
Sunaina;5
Suwaibah;5
Syenna;5
Tahreem;5
Taia;5
Taija;5
Talulah;5
Tamsyn;5
Taneesha;5
Taneisha;5
Tanith;5
Taqiyah;5
Tasia;5
Tasnimah;5
Tayha;5
Taysia;5
Tayyeba;5
Tegan-Leigh;5
Tegwen;5
Temidayo;5
Therese;5
Thivya;5
Tia-Mae;5
Tianne;5
Tienna;5
Tiger;5
Tillee;5
Tillie-Mae;5
Tilly-Mai;5
Tilly-Rose;5
Tinashe;5
Tolulope;5
Toluwanimi;5
Tooba;5
Torri;5
Treasure;5
Trishna;5
Trixie;5
Truly;5
Tryphena;5
Twinkle;5
Tya;5
Tzirel;5
Ugne;5
Ume;5
Umm;5
Unaysah;5
Uswa;5
Valencia;5
Vanya;5
Vedika;5
Venetia;5
Vilte;5
Vittoria;5
Wajiha;5
Wen;5
Xing;5
Yan;5
Yaren;5
Yuki;5
Yuna;5
Yusairah;5
Zafirah;5
Zainub;5
Zakirah;5
Zaria;5
Zayba;5
Zenia;5
Zhara;5
Zobia;5
Zohal;5
Zulekha;5
Aakifa;4
Aaleyah;4
Aarti;4
Aatika;4
Aaya;4
Aayat;4
Aayla;4
Abbiegail;4
Abeeha;4
Abimbola;4
Abira;4
Abyan;4
Adanna;4
Adaobi;4
Adedoyin;4
Adel;4
Adelina;4
Adrienne;4
Aerin;4
Afiya;4
Afra;4
Aideen;4
Aika;4
Aime;4
Aimee-Jane;4
Aimee-Louise;4
Aimy;4
Ainsley;4
Aiva;4
Alberta;4
Albina;4
Alea;4
Aleen;4
Aleenah;4
Alejandra;4
Aleshia;4
Alexcia;4
Alfie;4
Alimah;4
Aline;4
Aliyyah;4
Alize;4
Alizeh;4
Alliah;4
Allison;4
Amaiya;4
Amee;4
Amelea;4
Amelia-Jane;4
Ameline;4
Amenah;4
Amicia;4
Amya;4
An;4
Anabela;4
Anaelle;4
Anaiah;4
Anamika;4
Anayah;4
Aneeqah;4
Anesa;4
Anezka;4
Aniah;4
Anica;4
Aniqah;4
Anishka;4
Anna-May;4
Anna-Rose;4
Annam;4
Annamaria;4
Annelie;4
Anni;4
Annmary;4
Anosha;4
Anthea;4
Anuoluwa;4
Anuoluwapo;4
Aparna;4
Apolline;4
Apryl;4
Aqila;4
Areena;4
Ariadna;4
Aruna;4
Aryana;4
Arzu;4
Ashia;4
Ashlei;4
Ashleigh-Marie;4
Ashpreet;4
Ashwini;4
Asli;4
Athina;4
Atiqa;4
Aurela;4
Avina;4
Ayeza;4
Ayshia;4
Ayza;4
Baileigh;4
Bailey-Rae;4
Bailie;4
Barakah;4
Bareerah;4
Batool;4
Batya;4
Baylie;4
Bethia;4
Bethlehem;4
Betsan;4
Beulah;4
Bhavneet;4
Bhavya;4
Bhoomi;4
Bianka;4
Bintou;4
Blanche;4
Blima;4
Bobbie-Leigh;4
Breana;4
Brianne;4
Bridey;4
Broghan;4
Bronagh;4
Brucha;4
Buse;4
Cacey;4
Caelan;4
Caidy;4
Caila;4
Cailyn;4
Caisey;4
Caitlynn;4
Candace;4
Cansu;4
Carey;4
Carlene;4
Carlota;4
Carmina;4
Carolyn;4
Carrie-Anne;4
Carrieann;4
Caryn;4
Cassiopeia;4
Catelin;4
Cathryn;4
Catrina;4
Cerian;4
Ceris;4
Chanay;4
Chandani;4
Chandni;4
Channel;4
Chantay;4
Chantell;4
Chantilly;4
Charley-Mae;4
Charlie-Ann;4
Charlie-Leigh;4
Charlotte-Louise;4
Chavi;4
Chelsea-Lee;4
Chelsea-Leigh;4
Cheni;4
Chenoa;4
Chloe-Anne;4
Chloe-Jane;4
Christianna;4
Cielo;4
Claudie;4
Clemency;4
Codey;4
Coryn;4
Courtenay;4
Courtnee;4
Courtney-Marie;4
Courtnie;4
Cristal;4
Cristiana;4
Cyra;4
Dagmara;4
Daisy-Lou;4
Dalya;4
Damaris;4
Darla;4
Dearbhla;4
Debra;4
Deimante;4
Deja;4
Dejah;4
Delicia;4
Denna;4
Dennie;4
Denver;4
Destini;4
Deya;4
Dhriti;4
Diba;4
Donatella;4
Doreen;4
Douaa;4
Eavie;4
Ebony-;4
Ebony-Rose;4
Ece;4
Edna;4
Eithne;4
Elaf;4
Elain;4
Elayna;4
Eleanor-Mae;4
Eleeza;4
Eliya;4
Ella-Rae;4
Ellamae;4
Elle-Rose;4
Ellie-Anna;4
Ellie-Jade;4
Ellie-Jayne;4
Elliemai;4
Ellinor;4
Elliot;4
Ellora;4
Elly-May;4
Ellyse;4
Elona;4
Elva;4
Elvie;4
Elza;4
Elzbieta;4
Emely;4
Emiko;4
Emile;4
Emily-Kate;4
Emily-Marie;4
Emina;4
Erisa;4
Erona;4
Erynn;4
Eseosa;4
Eshani;4
Esmeralda;4
Esosa;4
Estee;4
Estrella;4
Ethel;4
Eugenie;4
Eun;4
Eva-Grace;4
Evie-Grace;4
Evie-Louise;4
Evy;4
Eylem;4
Ezmee;4
Fadzai;4
Faheema;4
Fahtima;4
Faiqa;4
Farjana;4
Farren;4
Faryaal;4
Faseeha;4
Fatemah;4
Fathma;4
Fatiha;4
Fatmanur;4
Fawziyah;4
Fayha;4
Federica;4
Feigy;4
Felix;4
Fernanda;4
Firdaws;4
Franceska;4
Frankee;4
Frea;4
Freya-Mae;4
Gauri;4
Genesis;4
Georgette;4
Gertrude;4
Ghulam;4
Gila;4
Giya;4
Gizem;4
Gladys;4
Glesni;4
Grace-Lily;4
Grace-Louise;4
Gracia;4
Gracie-Lee;4
Gracie-Mai;4
Gracie-Rose;4
Graciela;4
Gracious;4
Grainne;4
Gulustan;4
Gursharan;4
Haarisah;4
Habeeba;4
Haddyjatou;4
Hadeeqa;4
Hadil;4
Hadjer;4
Hafeeza;4
Haifa;4
Haliyah;4
Hallee;4
Haneefa;4
Hansa;4
Harjot;4
Harlea;4
Harmani;4
Harriott;4
Haseena;4
Hayet;4
Heera;4
Helaina;4
Helayna;4
Helene;4
Hella;4
Hema;4
Hetvi;4
Hollie-Marie;4
Holly-Ann;4
Hollye;4
Honey-Mai;4
Hoor;4
Hooria;4
Humnah;4
Huriyyah;4
Ibtisaam;4
Ifeoma;4
Ijeoma;4
Ikraam;4
Ilia;4
Imarni;4
Imarnie;4
Immogen;4
Inna;4
Ioana;4
Ishah;4
Ishana;4
Ishbel;4
Isioma;4
Issy;4
Iva;4
Iveta;4
Iyanuoluwa;4
Izma;4
Jahnyah;4
Jahzara;4
Jaime-Lee;4
Jaime-Leigh;4
Jainaba;4
Jamima;4
Janani;4
Janat;4
Janeeta;4
Janvi;4
Jasneet;4
Jawahir;4
Jaydee;4
Jaylah;4
Jelena;4
Jenai;4
Jeni;4
Jeslyn;4
Jessica-Mae;4
Jessica-May;4
Jewel;4
Jhanvi;4
Jinan;4
Joey;4
Jojo;4
Joleen;4
Joleigh;4
Joscelyn;4
Josefine;4
Josepha;4
Josey;4
Jovita;4
Jules;4
Jumanah;4
Jun;4
Juno;4
Justyna;4
Juwairiya;4
Juwariyah;4
Kaajal;4
Kacey-May;4
Kadijah;4
Kaiden;4
Kailee;4
Kainat;4
Kaisey;4
Kaiyah;4
Kalina;4
Kaliyah;4
Kally;4
Kameron;4
Kamilah;4
Kareemah;4
Kareen;4
Karisma;4
Karleigh;4
Katalina;4
Katelyne;4
Katelynne;4
Katie-Jo;4
Kavita;4
Kayde;4
Kaydence;4
Kaye;4
Kayla-Mae;4
Kayle;4
Kazi;4
Kea;4
Kealie;4
Keana;4
Keeleigh;4
Keeli;4
Keiana;4
Keiko;4
Keilana;4
Kelcey;4
Kelda;4
Kelisa;4
Kelsy;4
Kennedi;4
Kensa;4
Kerry-Anne;4
Khairah;4
Khyati;4
Kiarah;4
Kiera-Louise;4
Kierra;4
Kiyah;4
Kiyra;4
Kotryna;4
Krishma;4
Krista;4
Kristyna;4
Kriti;4
Ksenia;4
Kulthum;4
Kyan;4
Kyanne;4
Kyesha;4
Kymberley;4
Kyria;4
Kyrie;4
Lacey-Mai;4
Lady;4
Lailaa;4
Lale;4
Lalita;4
Lanah;4
Laoise;4
Lashae;4
Lashay;4
Lauretta;4
Laxmi;4
Layal;4
Layba;4
Laynie;4
Leiarna;4
Leighla;4
Lenay;4
Lene;4
Lerryn;4
Letizia;4
Lexey;4
Leyah;4
Leyana;4
Li;4
Libah;4
Libby-Marie;4
Libby-May;4
Libby-Rose;4
Lida;4
Lienna;4
Liepa;4
Lili-May;4
Lilija;4
Lilly-;4
Lilou;4
Lily-Jayne;4
Lily-Rae;4
Lilybeth;4
Ling;4
Linzi;4
Livie;4
Livvie;4
Livy;4
Lolita;4
Lorenza;4
Loveleen;4
Lovely;4
Lowan;4
Lucianna;4
Lucy-Mai;4
Lujayn;4
Lyn;4
Lynne;4
Lyza;4
Maahirah;4
Macie-Leigh;4
Mackenzi;4
Madalena;4
Maddalena;4
Maddox;4
Maddyson;4
Madeehah;4
Madeha;4
Madelyne;4
Madinah;4
Madyson;4
Maeva;4
Magenta;4
Mahak;4
Mahanoor;4
Mahbuba;4
Mahdia;4
Mahika;4
Mahisha;4
Mahjabin;4
Mahnur;4
Mairi;4
Maishah;4
Mala;4
Mana;4
Mandisa;4
Manveen;4
Marguerite;4
Mariette;4
Mary-Jo;4
Mary-Rose;4
Marzia;4
Mawa;4
Mayar;4
Maysoon;4
Mazey;4
Meesha;4
Megan-Rose;4
Mehwish;4
Melania;4
Melika;4
Mercedez;4
Mia-Louise;4
Micayla;4
Mieke;4
Miia;4
Mija;4
Milda;4
Millan;4
Millie-Jayne;4
Millie-Mai;4
Minerva;4
Mireia;4
Missi;4
Moesha;4
Mofiyinfoluwa;4
Moira;4
Moli;4
Molly-;4
Molly-Jo;4
Molly-Rose;4
Momo;4
Morgane;4
Morgann;4
Morven;4
Mulki;4
Mumina;4
Muneera;4
Munisa;4
Muqaddas;4
Musammad;4
Musammath;4
Muzna;4
My;4
Myeisha;4
Myiesha;4
Myrna;4
Naa;4
Naailah;4
Nadiah;4
Naeemah;4
Naeve;4
Nahla;4
Naisha;4
Najia;4
Nakai;4
Naledi;4
Nandana;4
Nandi;4
Narmeen;4
Nashita;4
Natacha;4
Natahlia;4
Natascha;4
Nayab;4
Nayara;4
Nayyab;4
Nazanin;4
Nazma;4
Nazmin;4
Nazneen;4
Nazreen;4
Neda;4
Nefeli;4
Nefertari;4
Nela;4
Nerea;4
Neriah;4
Ngaire;4
Ngoc;4
Nhi;4
Nichol;4
Nicolle;4
Nikeisha;4
Niki;4
Nima;4
Nimco;4
Nimo;4
Nino;4
Nishka;4
Noelani;4
Noemie;4
Nomin;4
Nooria;4
Nusrath;4
Nyree;4
Oceana;4
Odessa;4
Odette;4
Ohemaa;4
Olesia;4
Olimpia;4
Oluwaferanmi;4
Oluwaseyi;4
Oluwatofunmi;4
Oluwatunmise;4
Olympia;4
Opeyemi;4
Orna;4
Ornela;4
Page;4
Palak;4
Panashe;4
Paola;4
Pasha;4
Pavandeep;4
Pavneet;4
Peace;4
Peta;4
Petal;4
Pinar;4
Pola;4
Prabhjot;4
Preeya;4
Pria;4
Priyal;4
Promise;4
Pyper;4
Qudsia;4
Raabiah;4
Rafaella;4
Raffaella;4
Rahaf;4
Rahel;4
Rahela;4
Rajdeep;4
Rajwinder;4
Ramatoulie;4
Ramneet;4
Ramona;4
Ramsha;4
Ramya;4
Raphaelle;4
Rayanna;4
Reannah;4
Red;4
Reda;4
Reeha;4
Reilly;4
Reo;4
Rhiarna;4
Rhoda;4
Rhya;4
Ridhi;4
Rifka;4
Rihanne;4
Ripley;4
Rivkah;4
Roan;4
Robynne;4
Rohima;4
Rosabel;4
Rosana;4
Roseann;4
Roxxi;4
Rozalia;4
Ruba;4
Ruby-Lou;4
Rui;4
Rumana;4
Rumer;4
Rumeysa;4
Rummanah;4
Rupinder;4
Ruwaida;4
Ruwaydah;4
Saamiyah;4
Sabrena;4
Safiye;4
Saha;4
Saifa;4
Samaa;4
Samma;4
Samreen;4
Sanaya;4
Sandi;4
Sandie;4
Sannah;4
Santana;4
Sarika;4
Sarinah;4
Sawda;4
Sawsan;4
Scarlet-Rose;4
Seana;4
Seerat;4
Semira;4
Senay;4
Senel;4
Sera;4
Sereena;4
Serene;4
Serife;4
Serish;4
Sevin;4
Sevval;4
Shaani;4
Shadae;4
Shade;4
Shadia;4
Shadiya;4
Shaheen;4
Shahla;4
Shaila;4
Shaira;4
Shakara;4
Shamila;4
Shamim;4
Shanaz;4
Shantae;4
Shantai;4
Shanza;4
Shara;4
Shardae;4
Sharifa;4
Sharifah;4
Sharmin;4
Sharnie;4
Shaylah;4
Shayne;4
Shaynie;4
Sheikha;4
Sheindy;4
Shenae;4
Shenice;4
Sheridan;4
Sherri;4
Shiann;4
Shinade;4
Shirin;4
Shivangi;4
Shria;4
Shulamit;4
Shyann;4
Si;4
Sidonie;4
Silvana;4
Simrat;4
Simren;4
Sira;4
Sissy;4
Sita;4
Siyona;4
Skaiste;4
Skylah;4
Smriti;4
Sofiat;4
Soma;4
Somer;4
Sonali;4
Soniya;4
Sophie-;4
Sophie-Jo;4
Sophy;4
Sorayah;4
Stela;4
Stephany;4
Subhana;4
Sukhdeep;4
Sumayo;4
Sumehra;4
Summah;4
Summer-Louise;4
Surayya;4
Suwayda;4
Syan;4
Tae;4
Tafara;4
Tahani;4
Tahiyah;4
Tahrin;4
Taijah;4
Tailor;4
Talea;4
Tallie;4
Talullah;4
Tamiya;4
Tammie;4
Tanishka;4
Tanjila;4
Tanwen;4
Tanzina;4
Taqwa;4
Tarannum;4
Tariro;4
Tarryn;4
Tasfia;4
Tasmina;4
Tavleen;4
Tawny;4
Taylor-Leigh;4
Taylor-Rae;4
Tayma;4
Tayte;4
Teaghan;4
Teanna;4
Teija;4
Teja;4
Telisha;4
Temperance;4
Tenzin;4
Teodora;4
Teoni;4
Teyah;4
Thierry;4
Thu;4
Thuy;4
Tilly-;4
Tioluwani;4
Tirion;4
Tirzah;4
Titilayo;4
Torey;4
Toyah;4
Trang;4
Trish;4
Tuba;4
Tulah;4
Tyarna;4
Tylah;4
Tyne;4
Tzipporah;4
Umarah;4
Ummayyah;4
Una;4
Urte;4
Urvi;4
Urwa;4
Valentine;4
Vani;4
Varisha;4
Venisha;4
Vesa;4
Victory;4
Waad;4
Wareesha;4
Wednesday;4
Widad;4
Winner;4
Wynter;4
Xiao;4
Xue;4
Ya;4
Yazmine;4
Yllka;4
Zaarah;4
Zadie;4
Zaima;4
Zana;4
Zeina;4
Zelal;4
Zina;4
Zipporah;4
Zora;4
Zubaida;4
Zulaykha;4
Zuzana;4
A'Ishah;3
Aaiza;3
Aala;3
Aalisha;3
Aaliyha;3
Aalyiah;3
Aamena;3
Aanchal;3
Aarifah;3
Aarzu;3
Aasha;3
Aashi;3
Aashika;3
Aastha;3
Aatikah;3
Aayah;3
Aayushi;3
Abbie-Jo;3
Abbie-Mai;3
Abbigayle;3
Abeeda;3
Abi-Louise;3
Abina;3
Abirami;3
Aby;3
Abygail;3
Acelya;3
Adea;3
Adebola;3
Adedolapo;3
Adeela;3
Adell;3
Adesewa;3
Adithi;3
Adja;3
Adjoa;3
Adrina;3
Aeysha;3
Afiyah;3
Ai;3
Aiko;3
Ailis;3
Aimee-Lea;3
Aimee-Lee;3
Aimee-Rose;3
Aimen;3
Aishwarya;3
Aisleyne;3
Aissatou;3
Aiyesha;3
Ajla;3
Akasya;3
Akeela;3
Akifah;3
Akila;3
Akilah;3
Aksah;3
Akshara;3
Akshayaa;3
Alaia;3
Alaiza;3
Alarnah;3
Alaya;3
Aleeha;3
Aleeya;3
Alero;3
Alessa;3
Alexandrea;3
Aleya;3
Alifa;3
Alisha-Mai;3
Alisha-Marie;3
Alisha-May;3
Alishaba;3
Alisiya;3
Aliysha;3
Alizay;3
Alizee;3
Alleah;3
Allissa;3
Allissia;3
Alliya;3
Altina;3
Alyah;3
Alyce;3
Alyesha;3
Alyscia;3
Alysse;3
Alyx;3
Alyza;3
Amalee;3
Amanjot;3
Amayah;3
Amber-;3
Amber-Marie;3
Ame;3
Amealia;3
Amelia-Grace;3
Amelia-Mae;3
Amethyst;3
Amika;3
Amima;3
Amirat;3
Amour;3
Amra;3
Amrah;3
Amria;3
Amy-Jayne;3
Amy-Rae;3
Amy-Rose;3
Amylee;3
Amylouise;3
Anaia;3
Anda;3
Andie;3
Andriana;3
Aneela;3
Aneka;3
Aneshka;3
Aneya;3
Ange;3
Angel-Leigh;3
Angel-Mae;3
Angel-Marie;3
Angelee;3
Angelie;3
Anis;3
Anna-Sophia;3
Annalee;3
Annaleese;3
Annalize;3
Annice;3
Annie-Mai;3
Anniyah;3
Anoosh;3
Ansa;3
Anvi;3
Anwyn;3
Aoibhe;3
Aoibheann;3
Aqeela;3
Aqeelah;3
Aqsah;3
Aradhana;3
Archisha;3
Areesa;3
Ariela;3
Ariya;3
Arooba;3
Aroosa;3
Arpita;3
Aruj;3
Arwaa;3
Arwah;3
Arwyn;3
Aryanna;3
Ashdeep;3
Ashika;3
Ashleigh-Ann;3
Ashli;3
Ashtyn;3
Ashvini;3
Ashwina;3
Aston;3
Atara;3
Athene;3
Atinuke;3
Atiyah;3
Atlantis;3
Ava-Grace;3
Ava-Lily;3
Avaani;3
Avan;3
Avesta;3
Avia;3
Avigail;3
Avigayil;3
Avin;3
Avital;3
Ayaana;3
Ayeisha;3
Ayeshah;3
Ayia;3
Aylah;3
Aylesha;3
Aymee;3
Aymen;3
Aysia;3
Aysu;3
Ayushma;3
Ayzah;3
Azhaar;3
Bahja;3
Bailea;3
Bailey-Mai;3
Baljit;3
Banita;3
Beaux;3
Becki;3
Beryl;3
Bethann;3
Bethany-Ann;3
Bettina;3
Bezawit;3
Bhavika;3
Bhavini;3
Bilan;3
Billi;3
Billie-Joe;3
Billie-Rae;3
Billiejo;3
Bintu;3
Bitania;3
Blanaid;3
Bluebelle;3
Bobbi-Jo;3
Bonni;3
Boudicca;3
Branwen;3
Breanne;3
Breeanna;3
Breindy;3
Brielle;3
Brigita;3
Brigitte;3
Britannia;3
Britany;3
Briyana;3
Brodee;3
Brogen;3
Brontie;3
Bryany;3
Brydie;3
Bushraa;3
Bushrah;3
Busra;3
Cacie;3
Caden;3
Cadhla;3
Caelyn;3
Cai;3
Caia;3
Caicey;3
Cait;3
Caitlain;3
Caitriona;3
Calais;3
Calie;3
Calla;3
Calypso;3
Camilia;3
Camryn;3
Carman;3
Carolann;3
Carolanne;3
Carole;3
Carrie-Ann;3
Carris;3
Cassady;3
Cassi;3
Catelyn;3
Cathy;3
Caylee;3
Ceana;3
Ceanna;3
Celestina;3
Celsey;3
Cerine;3
Ceryn;3
Chanae;3
Chand;3
Chaniece;3
Chantae;3
Chardenay;3
Charlette;3
Charley-Jo;3
Charli-Anne;3
Charlie-Louise;3
Charlie-May;3
Charlie-Rose;3
Charlise;3
Charm;3
Charna;3
Chaye;3
Chayse;3
Che;3
Chelsea-Louise;3
Chenae;3
Chenay;3
Chenille;3
Chenise;3
Cheska;3
Chevonne;3
Chiana;3
Chinaza;3
Chinelo;3
Chinenye;3
Chizara;3
Chloe-;3
Chloe-Leigh;3
Chloe-Rose;3
Chloie;3
Chrissie;3
Christabelle;3
Christelle;3
Cian;3
Ciana;3
Cissy;3
Clara-Rose;3
Clarabelle;3
Clementina;3
Cliodhna;3
Cloey;3
Coby;3
Connie-Mae;3
Cori;3
Corrie;3
Courtney-Louise;3
Cydnee;3
Daisi;3
Daisy-;3
Daisy-Grace;3
Daisy-Lea;3
Daizy;3
Dalal;3
Danelle;3
Dannika;3
Darina;3
Dasha;3
Davida;3
Deana;3
Deepika;3
Deina;3
Demie;3
Denim;3
Devan;3
Devine;3
Devora;3
Dhalia;3
Dhaya;3
Dhruti;3
Dhwani;3
Dianne;3
Diora;3
Diva;3
Doaa;3
Dondu;3
Dunya;3
Duwa;3
Dyani;3
Eabha;3
Ebbonie;3
Eeman;3
Eibhlin;3
Eireann;3
Eirwen;3
Eivissa;3
Ekaterini;3
Elanna;3
Elanur;3
Eleesha;3
Elexia;3
Elijah;3
Elisabetta;3
Eliska;3
Elka;3
Ella-Jade;3
Ella-Jayne;3
Elle-Jo;3
Elleise;3
Elley;3
Elli-Mae;3
Elli-Mai;3
Ellianna;3
Ellie-Jane;3
Ellie-Paige;3
Ellie-Rae;3
Elliotte;3
Ellyn;3
Ellysia;3
Elsbeth;3
Elsie-Mae;3
Elsie-May;3
Elycia;3
Elysa;3
Elysse;3
Elyssia;3
Emanuela;3
Emeline;3
Emileigh;3
Emiley;3
Emili;3
Emily-Jo;3
Emily-Paige;3
Emme;3
En;3
Enisa;3
Eowyn;3
Erin-;3
Erin-Rose;3
Ermira;3
Erran;3
Erum;3
Erykah;3
Eshika;3
Eshita;3
Esin;3
Esmai;3
Esmanur;3
Etta;3
Ettie;3
Eva-Mae;3
Evana;3
Evangelia;3
Evi;3
Ezel;3
Ezo;3
Ezzah;3
Faaiza;3
Faaria;3
Fadila;3
Fadumo;3
Fafa;3
Faigy;3
Fajer;3
Falisha;3
Fareedah;3
Farhanah;3
Farhat;3
Farhiya;3
Fariah;3
Faridat;3
Farina;3
Faron;3
Farran;3
Fatoumatta;3
Feige;3
Femi;3
Fida;3
Filsan;3
Finola;3
Fionna;3
Fiyinfoluwa;3
Flavia;3
Folasade;3
Fowzia;3
Francis;3
Freia;3
Freija;3
Freyia;3
Funmilayo;3
Gabby;3
Gabriel;3
Gaelle;3
Gagandeep;3
Ganga;3
Geena;3
Geneva;3
Georgia-Mae;3
Gifty;3
Gigi;3
Giorgina;3
Giverny;3
Glenda;3
Golda;3
Goldie;3
Gozde;3
Grace-Elizabeth;3
Grace-Marie;3
Graci;3
Gracie-Jane;3
Gracie-Lou;3
Grejsi;3
Gurkirat;3
Gurnoor;3
Gwendolen;3
Gwendoline;3
Gypsie;3
Haala;3
Haalah;3
Haaniah;3
Haaniyah;3
Habibat;3
Hadassa;3
Hadeel;3
Hadya;3
Hajer;3
Haleigh;3
Halema;3
Hali;3
Haliyat;3
Halla;3
Hamera;3
Hanfaa;3
Haniyyah;3
Harli;3
Harneet;3
Harnoor;3
Harrie;3
Harsharan;3
Haruka;3
Hasana;3
Hasiba;3
Hasifa;3
Havannah;3
Hawaa;3
Hawwaa;3
Hawwah;3
Hayaa;3
Hayah;3
Hayat;3
Hayfa;3
Haylie;3
Heaven-Leigh;3
Hebah;3
Heeba;3
Heleena;3
Heli;3
Hemi;3
Henriette;3
Hermon;3
Hessa;3
Heulwen;3
Hevin;3
Hidaya;3
Hifzah;3
Hilal;3
Hilda;3
Hivda;3
Hiya;3
Hollie-Jo;3
Hollie-Louise;3
Hollie-Mae;3
Hollie-Rose;3
Holly-Louise;3
Holly-Mae;3
Honeysuckle;3
Honour;3
Hoorain;3
Houda;3
Humaima;3
Humayrah;3
Hunny;3
Huriyah;3
Ianthe;3
Ieesha;3
Ieshaa;3
Ieva;3
Iga;3
Ikhlaas;3
Ikrah;3
Ilerioluwa;3
Ilhaam;3
Ilma;3
Imen;3
Immanuella;3
Imogin;3
Inas;3
India-Rose;3
Indica;3
Innaya;3
Intisar;3
Ioanna;3
Ionie;3
Ipek;3
Iqraa;3
Irena;3
Irie;3
Irini;3
Isabeau;3
Isabelle-Rose;3
Ishaa;3
Isidora;3
Ismahan;3
Isolde;3
Issey;3
Itohan;3
Ivie;3
Ivy-Rose;3
Iyinoluwa;3
Iza;3
Izel;3
Izobelle;3
Izzi;3
Jacee;3
Jadzia;3
Jahnvi;3
Jaidie;3
Jaimini;3
Jaisha;3
Jakia;3
Jamey;3
Jamie-;3
Jamie-Lea;3
Jamie-Louise;3
Janai;3
Janan;3
Jannatun;3
Jasmine-Rose;3
Jasmyne;3
Jasveen;3
Javine;3
Jay;3
Jayah;3
Jayani;3
Jaycey;3
Jaylan;3
Jaylea;3
Jayleigh;3
Jazlyn;3
Jazzmin;3
Jedidah;3
Jehan;3
Jema;3
Jememah;3
Jemi;3
Jenisha;3
Jennaya;3
Jerzie;3
Jesamine;3
Jessenia;3
Jessica-Lee;3
Jessicca;3
Jessie-May;3
Jewell;3
Jhnelle;3
Jiayi;3
Jillian;3
Jimena;3
Jin;3
Jocie;3
Jodie-Leigh;3
Joley;3
Jolin;3
Jona;3
Josette;3
Jovana;3
Judi;3
Juhi;3
Jumainah;3
Juwayria;3
Juwayriya;3
Ka;3
Kacey-Ann;3
Kacey-Jane;3
Kacey-Jo;3
Kaci-Mai;3
Kadie-May;3
Kaetlyn;3
Kahlia;3
Kaidence;3
Kaidie;3
Kailani;3
Kailyn;3
Kaitie;3
Kaitlynne;3
Kajol;3
Kalani;3
Kalaya;3
Kaleisha;3
Kaliah;3
Kallia;3
Kamiah;3
Kamiya;3
Kamsiyochukwu;3
Kanika;3
Kanisha;3
Kanzah;3
Kara-Leigh;3
Kardelen;3
Karenza;3
Karrera;3
Kasey-Leigh;3
Kasha;3
Kateland;3
Kathrine;3
Katie-;3
Katie-Anne;3
Katie-Jayne;3
Katieleigh;3
Katinka;3
Katlin;3
Katriel;3
Kavneet;3
Kaydance;3
Kayden;3
Kaydy;3
Kaysey;3
Kaytie;3
Kaytlyn;3
Kazia;3
Keavie;3
Keegan;3
Keelee;3
Keiara;3
Keileigh;3
Keisi;3
Kelisha;3
Kellis;3
Kelly-Marie;3
Kelsey-Jo;3
Kerisha;3
Kerrigan;3
Kerryn;3
Kesar;3
Kesha;3
Kessia;3
Keturah;3
Kevina;3
Keyra;3
Keysha;3
Khadidja;3
Khalida;3
Khalisha;3
Khansaa;3
Khanya;3
Kharis;3
Khawla;3
Khiya;3
Khizra;3
Khya;3
Khyla;3
Kiahna;3
Kiannah;3
Kianne;3
Kiarra;3
Kieana;3
Kier;3
Kierat;3
Kimberlee;3
Kimberleigh;3
Kimmi;3
Kiona;3
Kioni;3
Kirby;3
Kirra;3
Kirtan;3
Kiva;3
Kleio;3
Kody;3
Konnie;3
Kori;3
Krishi;3
Kudzai;3
Kulsuma;3
Kulthoom;3
Kushi;3
Kyana;3
Kym;3
Kymani;3
Kyra-Leigh;3
Laaiqah;3
Labeeba;3
Labeebah;3
Labibah;3
Lacey-Leigh;3
Laila-Mae;3
Laini;3
Lama;3
Lamisah;3
Lamya;3
Lania;3
Lareb;3
Lataya;3
Lateefa;3
Latesha;3
Lauren-Marie;3
Lava;3
Layah;3
Laybah;3
Layla-Grace;3
Layla-Jade;3
Layla-Rose;3
Layni;3
Leasha;3
Leaya;3
Lediana;3
Leiana;3
Leighanne;3
Lejla;3
Lela;3
Lelie;3
Lena-Marie;3
Lenae;3
Leonor;3
Leora;3
Lesedi;3
Leshay;3
Liabah;3
Libby-Louise;3
Liesl;3
Lija;3
Lilee;3
Liliah;3
Lilijana;3
Lilimai;3
Lilli-Rose;3
Lillianne;3
Lillie-Anne;3
Lillie-Grace;3
Lilliella;3
Lillyana;3
Lillyanna;3
Lily-Jane;3
Lily-Louise;3
Lilyella;3
Lin;3
Lishani;3
Lita;3
Liwsi;3
Liybah;3
Lleucu;3
Llio;3
Lola-Rae;3
Loreta;3
Lorretta;3
Loti;3
Louanna;3
Louie;3
Louiza;3
Lowen;3
Luccia;3
Lucey;3
Luci-Jo;3
Lucienna;3
Lucrezia;3
Lucy-Ann;3
Lulia;3
Lydia-Mae;3
Lyla-Rose;3
Lylah;3
Lyna;3
Lyndsay;3
Lyvia;3
Maab;3
Maaida;3
Maalikah;3
Macayla;3
Macie-Louise;3
Madalene;3
Madalynn;3
Maddisyn;3
Madelynn;3
Madia;3
Madiyyah;3
Magda;3
Maggi;3
Maheema;3
Maheera;3
Mahfuza;3
Mahfuzah;3
Mahia;3
Mahirah;3
Maicey;3
Maile;3
Maimouna;3
Mairwen;3
Maisarah;3
Maise;3
Maisie-Rae;3
Maizee;3
Makana;3
Makena;3
Makenzi;3
Makenzy;3
Makyla;3
Malayeka;3
Malayka;3
Maleekah;3
Maliyka;3
Malou;3
Malwina;3
Manasse;3
Mandeep;3
Manel;3
Manha;3
Manleen;3
Manmeet;3
Mannat;3
Mansi;3
Mansurah;3
Manveer;3
Manvir;3
Manya;3
Marea;3
Maren;3
Mariem;3
Marin;3
Marjorie;3
Marlee;3
Marly;3
Mary-;3
Mary-Ellen;3
Mary-Lou;3
Marybeth;3
Maryellen;3
Maryjane;3
Masiey;3
Massa;3
Mathura;3
Maud;3
Maude;3
Maura;3
Maybel;3
Mayeda;3
Mayya;3
Mazvita;3
Mckenzie-Leigh;3
Medha;3
Megan-Leigh;3
Megan-Louise;3
Meggie;3
Mehma;3
Mehrish;3
Mehtaab;3
Meila;3
Meital;3
Meja;3
Meliz;3
Melodi;3
Menahil;3
Meris;3
Merissa;3
Meryam;3
Meryl;3
Mia-;3
Mia-Jade;3
Mia-Jayne;3
Mia-Mai;3
Mia-Rae;3
Michela;3
Michele;3
Michella;3
Miku;3
Milcah;3
Milica;3
Millie-;3
Millie-Grace;3
Millie-Louise;3
Millie-Rae;3
Milliemae;3
Millissa;3
Milly-Ann;3
Minaal;3
Minah;3
Mirren;3
Mirza;3
Mishaal;3
Misheel;3
Mishka;3
Mitra;3
Mizuki;3
Mohini;3
Molley;3
Mominah;3
Momna;3
Monae;3
Moniba;3
Monnay;3
Morayo;3
Morenike;3
Morganna;3
Morolake;3
Morsal;3
Mosopefoluwa;3
Moya;3
Munachi;3
Munachiso;3
Munirah;3
Munisah;3
Musammed;3
Myfanwy;3
Myleene;3
Myrah;3
Naana;3
Naema;3
Nafisha;3
Nafiza;3
Naiara;3
Naiyah;3
Najiba;3
Najibah;3
Najiyah;3
Nalini;3
Namita;3
Nara;3
Nargis;3
Narjis;3
Naseem;3
Nasia;3
Nasma;3
Natsuki;3
Naveen;3
Nayaab;3
Nayha;3
Naysa;3
Nazihah;3
Nazira;3
Nechama;3
Neena;3
Neila;3
Nelle;3
Nerissa;3
Nhyira;3
Niambh;3
Nicki;3
Nicoletta;3
Nidaa;3
Nihad;3
Niharika;3
Nikhita;3
Nikkia;3
Niko;3
Nirali;3
Niruja;3
Nirvana;3
Nishath;3
Nishtha;3
Nissa;3
Nitika;3
Niyla;3
Nnenna;3
Nneoma;3
Noela;3
Noelia;3
Nomi;3
Noorjahan;3
Norina;3
Noya;3
Nujhat;3
Nurul;3
Nyeesha;3
Nyima;3
Oghenetega;3
Olajumoke;3
Olayinka;3
Olina;3
Olivia-Jane;3
Olivia-Jayne;3
Olivia-Mae;3
Olivia-Paige;3
Ollie;3
Ololade;3
Oluwabukunmi;3
Oluwadarasimi;3
Oluwafolakemi;3
Oluwasemilore;3
Oluwatimilehin;3
Oluwatomilola;3
Oluwatomisin;3
Olwyn;3
Olyvia;3
Omotara;3
Onyekachi;3
Onyinyechukwu;3
Ora;3
Orlah;3
Orly;3
Ornella;3
Osariemen;3
Oumie;3
Owena;3
Ozlem;3
Paige-Louise;3
Paige-Marie;3
Paighton;3
Parissa;3
Parneet;3
Pascale;3
Patricija;3
Patti;3
Pavleen;3
Pelin;3
Pepper;3
Perdita;3
Peri;3
Phaedra;3
Phoebe-Louise;3
Phoebe-Rose;3
Phuong;3
Phyllis;3
Poppy-Mae;3
Poppy-Rose;3
Porcha;3
Porshia;3
Prabhnoor;3
Pravina;3
Preesha;3
Preethy;3
Preeti;3
Qirat;3
Ra'Eesah;3
Rabab;3
Raeya;3
Rafiah;3
Raghad;3
Rahina;3
Rai;3
Raia;3
Raima;3
Raisah;3
Rakhi;3
Rakshana;3
Ramandeep;3
Ramatulai;3
Ramia;3
Rand;3
Randa;3
Ravleen;3
Rawdah;3
Rayanne;3
Rayhanah;3
Rayya;3
Rebbeca;3
Rebecka;3
Reece;3
Reeham;3
Reenie;3
Rehma;3
Reisy;3
Reka;3
Rema;3
Remaya;3
Ren;3
Renai;3
Renaye;3
Renea;3
Reva;3
Reyah;3
Reyna;3
Rezwana;3
Rhianwen;3
Rhyana;3
Rhyannon;3
Riahanna;3
Ridaa;3
Rifki;3
Rifky;3
Rihann;3
Rijja;3
Riki;3
Rikki;3
Rileigh;3
Rinoa;3
Riti;3
Rivky;3
Riyaan;3
Roche;3
Rocio;3
Roha;3
Rohini;3
Rosabelle;3
Rosaline;3
Roseline;3
Rosetta;3
Roslyn;3
Rosslyn;3
Rowda;3
Roxane;3
Rozita;3
Ruby-;3
Ruby-Jade;3
Ruby-Marie;3
Ruchel;3
Rumaan;3
Ruqayah;3
Ruqiya;3
Ryley;3
Rym;3
Saachi;3
Saadia;3
Saaima;3
Saamiya;3
Sabarin;3
Sabeehah;3
Sabeena;3
Sabiah;3
Sabrine;3
Sabriyah;3
Sadhbh;3
Saffanah;3
Saffi;3
Saffiyyah;3
Safoora;3
Saham;3
Saibah;3
Sainabou;3
Saisha;3
Saiya;3
Sajidah;3
Sakshi;3
Saleeha;3
Sali;3
Salsabil;3
Samhitha;3
Samihah;3
Samiira;3
Samrah;3
Samyuktha;3
Saniyya;3
Sanjidah;3
Sanskriti;3
Sanvi;3
Sara-Jayne;3
Sarah-Rose;3
Sarayah;3
Sari;3
Sarisha;3
Sariya;3
Sarrinah;3
Satveer;3
Saumya;3
Savia;3
Savina;3
Sawera;3
Sayeeda;3
Saynab;3
Sayyida;3
Seda;3
Sen;3
Senuli;3
Serai;3
Seray;3
Seraya;3
Sevgi;3
Seyda;3
Seysha;3
Shaakirah;3
Shahirah;3
Shaida;3
Shaimaa;3
Shaista;3
Shalini;3
Shamara;3
Shameena;3
Shamia;3
Shamina;3
Shamiya;3
Shamla;3
Shan;3
Shanaye;3
Shaneece;3
Shanei;3
Shaneice;3
Shanequa;3
Shaney;3
Shaniece;3
Shanleigh;3
Shannae;3
Shanni;3
Shannia;3
Shannon-;3
Shanzay;3
Sharan;3
Sharanjit;3
Shardonay;3
Shareen;3
Sharla;3
Sharlee;3
Sharlene;3
Sharmaine;3
Sharmel;3
Sharmina;3
Shauni;3
Shawana;3
Shayah;3
Shayana;3
Shayleigh;3
Shayni;3
Shazmin;3
Sheani;3
Shellby;3
Shemaiah;3
Shennai;3
Sherise;3
Sherrie;3
Sheza;3
Shian;3
Shiffa;3
Shifra;3
Shina;3
Shontae;3
Shraddha;3
Shree;3
Shweta;3
Siannah;3
Sibgha;3
Sicily;3
Siddhi;3
Sidnie;3
Simarjit;3
Simisola;3
Simranjeet;3
Simreet;3
Sindi;3
Sindy;3
Sirena;3
Siri;3
Siu;3
Skarlett;3
Sky-Blue;3
Skye-Ann;3
Smilte;3
Snigdha;3
Sofi;3
Sofiyah;3
Solana;3
Solange;3
Sonika;3
Sophie-Lee;3
Sophie-May;3
Sophie-Rose;3
Sophina;3
Sorel;3
Sosan;3
Soumya;3
Sreya;3
Srishti;3
Starla;3
Stefany;3
Stevie-Louise;3
Suada;3
Sudenaz;3
Sueda;3
Suhaana;3
Suhayla;3
Sukhraj;3
Sukhveer;3
Sumairaa;3
Sumer;3
Sumeyye;3
Sureya;3
Suria;3
Suriya;3
Susana;3
Swetha;3
Syedah;3
Taaliah;3
Taban;3
Tabetha;3
Taejah;3
Tahera;3
Tahiyya;3
Tahmida;3
Taja;3
Talayah;3
Talika;3
Talise;3
Tallia;3
Tallis;3
Tamarra;3
Tami;3
Tamilore;3
Tamimah;3
Tamira;3
Tammi;3
Tamzine;3
Tanatswa;3
Taniesha;3
Tanzeel;3
Tanzim;3
Tapiwa;3
Tapiwanashe;3
Taranjit;3
Tarian;3
Tarika;3
Tasfiah;3
Tasmiah;3
Tasnem;3
Tasnima;3
Tavisha;3
Tawananyasha;3
Tawnie;3
Tay;3
Tayana;3
Tayeba;3
Tayer;3
Tayia;3
Taylor-Jayne;3
Taylor-Louise;3
Tazkia;3
Teagen;3
Teale;3
Teela;3
Teesha;3
Tehilla;3
Tehzeeb;3
Teisha;3
Teleri;3
Temi;3
Temilayo;3
Tenaya;3
Tendai;3
Thahmina;3
Thandeka;3
Thandi;3
Thandie;3
Tharanya;3
Tharushi;3
Theia;3
Thia;3
Tia-May;3
Tia-Rose;3
Tiahna;3
Tianey;3
Tianie;3
Tiarni;3
Tieghan;3
Tierra;3
Tifeoluwa;3
Tigan;3
Tiger-Lily;3
Tilliah;3
Tilly-Ann;3
Tiona;3
Tira;3
Tiyah;3
Tobi;3
Tochi;3
Toni-Leigh;3
Toni-Marie;3
Toni-May;3
Tonisha;3
Topaz;3
Tora;3
Torah;3
Toria;3
Torie;3
Toula;3
Trinny;3
Trishana;3
Triumph;3
Trudi;3
Trudie;3
Tuana;3
Tugce;3
Tui;3
Tyesha;3
Tzipora;3
Tzivia;3
Ulla;3
Ulyana;3
Umaira;3
Unaisa;3
Unique;3
Usha;3
Vaishali;3
Vanshika;3
Veda;3
Velvet;3
Venera;3
Veronique;3
Vickie;3
Vidisha;3
Vimbai;3
Vina;3
Vinisha;3
Vishakha;3
Vishali;3
Vlera;3
Wafaa;3
Waliyah;3
Wasima;3
Wei;3
Winona;3
Winta;3
Wren;3
Xante;3
Xaria;3
Xia;3
Xinyi;3
Yashvi;3
Yazmyn;3
Ye;3
Yea;3
Yee;3
Yeliz;3
Yildiz;3
Yitty;3
Yomna;3
Yona;3
Youmna;3
Ysobella;3
Yve;3
Yvette;3
Yzabella;3
Zaakirah;3
Zabrina;3
Zahirah;3
Zakira;3
Zamzam;3
Zanab;3
Zaneta;3
Zanthe;3
Zariah;3
Zaynub;3
Zelda;3
Zelie;3
Zeren;3
Zeta;3
Zeynab;3
Zoie;3
Zubaidah;3
Zubayda;3
Zuhaa;3
Zuleika;3
Zuleyha;3
Zunera;3
Zuzu;3
