Jack;7804
Thomas;6616
Joshua;6519
Oliver;5898
Harry;5639
James;5411	
William;4886
Daniel;4844
Samuel;4844
Charlie;4734
Joseph;4279
Benjamin;4188
Callum;3937
George;3787
Jake;3747
Alfie;3702
Luke;3475
Ethan;3400
Matthew;3400
Mohammed;3239
Lewis;3238
Jacob;3193
Dylan;3103
Alexander;3059
Ryan;2761
Adam;2674
Tyler;2353
Harvey;2325
Max;2248
Cameron;2096
Jamie;2068
Liam;2063
Leo;2047
Owen;1965
Connor;1951
Harrison;1926
Nathan;1894
Ben;1845
Henry;1798
Archie;1739
Michael;1666
Edward;1659
Muhammad;1636
Aaron;1620
Kyle;1565
Oscar;1523
Noah;1511
Lucas;1493
Rhys;1451
Charles;1443
Bradley;1409
Toby;1388
Brandon;1357
Louis;1350
Isaac;1333
Reece;1311
Alex;1293
Kieran;1274
Finlay;1262
Finley;1242
Logan;1232
Mason;1230
Kai;1213
Riley;1187
Freddie;1129
Jayden;1125
David;1112
Harley;1092
Kian;1043
Mohammad;1033
Bailey;990
Sam;952
John;905
Joel;897
Robert;890
Leon;884
Ellis;876
Joe;844
Taylor;839
Corey;834
Luca;826
Billy;825
Christopher;824
Ashton;817
Evan;813
Aidan;804
Elliot;786
Morgan;772
Hayden;769
Jay;756
Theo;751
Dominic;734
Zachary;727
Sebastian;715
Sean;714
Andrew;681
Reuben;680
Gabriel;658
Frederick;619
Ewan;594
Jonathan;582
Louie;579
Calum;575
Finn;564
Patrick;560
Aiden;542
Nicholas;541
Zak;528
Anthony;519
Tom;508
Ibrahim;504
Sonny;503
Bobby;502
Elliott;498
Cody;494
Josh;481
Jude;459
Peter;458
Marcus;457
Arthur;454
Ashley;448
Declan;442
Mackenzie;437
Mckenzie;433
Caleb;420
Scott;420
Tristan;420
Tommy;414
Muhammed;413
Stanley;413
Ali;410
Christian;402
Mohamed;402
Blake;399
Jordan;398
Cole;394
Nathaniel;394
Rory;392
Maxwell;384
Felix;382
Jason;379
Danny;378
Frankie;376
Zain;370
Tobias;352
Mark;345
Syed;341
Theodore;339
Preston;330
Rowan;329
Alfred;325
Mitchell;322
Lennon;321
Levi;321
Hamza;318
Shay;316
Paul;315
Abdul;312
Stephen;308
Ahmed;304
Rio;301
Seth;299
Ronnie;298
Yusuf;294
Elijah;293
Emmanuel;286
Rohan;285
Lee;284
Euan;282
Zack;281
Hugo;276
Jenson;275
Kevin;275
Justin;270
Abdullah;269
Conor;260
Shaun;256
Steven;254
Kye;253
Robbie;251
Miles;249
Spencer;243
Maximilian;242
Shane;238
Travis;238
Kayden;237
Omar;236
Richard;233
Ruben;233
Ciaran;232
Kane;232
Jackson;229
Roman;229
Hassan;226
Vincent;225
Cian;222
Fraser;222
Troy;222
Albert;220
Kenzie;220
Curtis;217
Jasper;216
Kaden;210
Marley;208
Jesse;206
Malachi;206
Myles;203
Angus;201
Flynn;201
Leighton;201
Luis;201
Zac;195
Ollie;193
Cai;192
Bilal;190
Francis;190
Niall;190
Aryan;188
Kaiden;188
Dillon;187
Amaan;186
Drew;186
Will;186
Ross;185
Simon;182
Timothy;181
Austin;179
Frank;178
Zach;178
Mustafa;177
Tomas;175
Umar;175
Regan;174
Dean;164
Jaden;163
Barnaby;162
Ismail;160
Kieron;158
Milo;158
Fletcher;157
Philip;157
Layton;156
Marshall;156
Teddy;156
Sami;155
Shayne;155
Arjun;154
Caden;154
Adrian;152
Jakub;152
Alan;150
Solomon;150
Martin;148
Haydn;146
Jonah;145
Raphael;145
Brooklyn;144
Cory;144
Hasan;144
Warren;143
Carter;142
Lloyd;142
Benedict;139
Casey;139
Lukas;139
Ayaan;137
Freddy;137
Mathew;137
Sidney;137
Tyrese;137
Xavier;137
Jaiden;136
Ieuan;134
Harris;133
Jai;133
Kacper;132
Ty;131
Jaydon;130
Dexter;129
Keiran;129
Leonardo;129
Jensen;127
Reggie;127
Robin;127
Rocco;127
Zane;127
Darren;126
Kristian;125
Jimmy;124
Beau;123
Brendan;122
Keane;122
Lawrence;122
Byron;121
Zakariya;120
Alistair;119
Jac;119
Ted;119
Ahmad;118
Owain;118
Aston;117
Krish;117
Luka;117
Rufus;117
Musa;116
Amir;115
Jared;115
Tomos;115
Maximus;114
Nicolas;113
Tony;113
Cain;112
Keaton;112
Yahya;112
Aman;111
Fergus;111
Carl;110
Rayan;110
Devon;109
Haider;109
Harri;109
Josiah;109
Victor;109
Dante;108
Johnny;108
Charley;107
Haris;107
Ralph;107
Sahil;107
Adil;106
Craig;106
Khalid;106
Oakley;106
Osian;106
Guy;105
Arran;104
Caiden;104
Dennis;104
Jed;104
Isa;103
Ryley;103
Antony;102
Eric;102
Arun;101
Bryn;101
Conrad;101
Isaiah;101
Jamal;101
Saul;101
Elias;100
Hugh;100
Marco;100
Antonio;99
Damien;99
Abdirahman;98
Zachariah;97
Lincoln;96
Neo;96
Saif;96
Ayman;95
Lenny;95
Xander;95
Arda;94
Eden;94
Jak;94
Keegan;94
Hamish;93
Iestyn;93
Kallum;93
Arron;92
Iwan;92
Jeremy;92
Julian;92
Kamran;92
Phoenix;92
Sameer;92
Brodie;91
Cayden;91
Coby;91
Gregory;91
Ioan;91
Laurence;91
Alec;90
Rafael;90
Rehan;90
Vinnie;90
Eli;89
Wesley;89
Andre;88
Damian;88
Ned;88
Ajay;87
Conner;87
Joey;87
Kyan;87
Anas;86
Ivan;86
Mikey;86
Stefan;86
Brian;85
Ian;85
Deacon;84
Wyatt;84
Cohen;83
Hashim;83
Jakob;83
Asher;82
Eddie;82
Oskar;82
Stuart;82
Armaan;81
Hector;81
Keelan;81
Leyton;81
Usman;81
Brayden;80
Camron;80
Fabian;80
Gethin;80
Karl;80
Albie;79
Farhan;79
Finnley;79
Rayyan;79
Douglas;78
Zakaria;78
Anton;77
Calvin;77
Clayton;77
Danyal;77
Leonard;77
Prince;77
Ismaeel;76
Kyran;76
Monty;76
Aron;75
Brody;75
Junior;75
Ronan;75
Alastair;74
Awais;74
Haroon;74
Aayan;73
Bruno;73
Denis;73
Filip;73
Hamzah;73
Imran;73
Jago;73
Montgomery;73
Rupert;73
Ibraheem;72
Eesa;71
Jermaine;71
Quinn;71
Samir;71
Shea;71
Leland;70
Malakai;70
Matteo;70
Romeo;70
Abdullahi;69
Archibald;69
Cyrus;69
Kaleb;69
Milan;69
Steffan;69
Dominik;68
Maximillian;67
Noel;67
Otis;67
Aadam;66
Hussain;66
Jan;66
Jeremiah;66
Amar;65
Carlos;65
Maddox;65
Mateusz;65
Rayhan;65
Dion;64
Edwin;64
Moses;64
Woody;64
Casper;63
Jon;63
Lachlan;63
Micah;63
Nico;63
Frazer;62
Josef;62
Keenan;62
Nathanael;62
Aaryan;61
Alessandro;61
Ayden;61
Barney;61
Dhruv;61
Malachy;61
Rahul;61
Todd;61
Tyrell;61
Yasin;61
Abbas;60
Ezekiel;60
Fred;60
Gareth;60
Georgie;60
Haseeb;60
Malik;60
Raheem;60
Sion;60
Subhan;60
Uzair;60
Bryan;59
Fynn;59
Nikhil;59
Raja;59
Raymond;59
Ricky;59
Hari;58
Keiron;58
Abraham;57
Maison;57
Roan;57
Tiago;57
Tye;57
Faris;56
Jaydan;56
Marc;56
Marcel;56
Otto;56
Phillip;56
Tyrone;56
Yaseen;56
Andy;55
Faizan;55
Haaris;55
Kayne;55
Kyron;55
Wayne;55
Wilfred;55
Brett;54
Colby;54
Jerome;54
Junaid;54
Kade;54
Luc;54
Maxim;54
Qasim;54
Talha;54
Tate;54
Zayn;54
Alexandre;53
Andreas;53
Daniyal;53
Huw;53
Terry;53
Yash;53
Aled;52
Amari;52
Amin;52
Caspar;52
Chase;52
Che;52
Colin;52
Ilyas;52
Kurtis;52
Lorenzo;52
Macauley;52
Neil;52
Olivier;52
Ricardo;52
Arjan;51
Korey;51
Orlando;51
Owais;51
Rishi;51
Shae;51
Zaid;51
Zion;51
Abu;50
Aditya;50
Arlo;50
Dawid;50
Ezra;50
Sebastien;50
Sol;50
Sulaiman;50
Taran;50
Yuvraj;50
Cassius;49
Diego;49
Gary;49
Michal;49
Angelo;48
Bayley;48
Brogan;48
Duncan;48
Findlay;48
Jeevan;48
Miguel;48
Rico;48
Rudi;48
Rudy;48
Shaan;48
Shayan;48
Abel;47
Arman;47
Gideon;47
Idris;47
Kameron;47
Kiran;47
Kiyan;47
Rian;47
Salman;47
Dillan;46
Kaine;46
Kobe;46
Mario;46
Patryk;46
Reilly;46
Shah;46
Adnan;45
Dafydd;45
Enzo;45
Eoin;45
Johnathan;45
Jose;45
Yousuf;45
Chad;44
Damon;44
Elis;44
Emre;44
Hasnain;44
Kelvin;44
Kieren;44
Kody;44
Pierce;44
Rafe;44
Reegan;44
Saad;44
Yousef;44
Izaak;43
Karan;43
Nana;43
Piers;43
Rafferty;43
Rayaan;43
Shawn;43
Tariq;43
Trey;43
Adem;42
Ammar;42
Chris;42
Gavin;42
Hadley;42
Henri;42
Juan;42
Kurt;42
Mehmet;42
Valentino;42
Ayub;41
Cruz;41
Dale;41
Dalton;41
Erik;41
Faisal;41
Frederic;41
Haydon;41
Jonas;41
Jonty;41
Ridwan;41
Rylan;41
Rylee;41
Szymon;41
Addison;40
Caelan;40
Cooper;40
Dan;40
Lucca;40
Mahdi;40
Pharrell;40
Reagan;40
Russell;40
Spike;40
Subhaan;40
Asad;39
Brad;39
Cormac;39
Edmund;39
Hammad;39
Kamron;39
Kenneth;39
Seamus;39
Taha;39
Zaki;39
Abdulrahman;38
Asa;38
Ayomide;38
Denzel;38
Giovanni;38
Jonathon;38
Krishan;38
Lucian;38
Miller;38
Sammy;38
Samson;38
Santiago;38
Sheikh;38
Aden;37
Diesel;37
Fabio;37
Herbie;37
Jeffrey;37
Kamil;37
Kingsley;37
Kobi;37
Lorcan;37
Umair;37
Zackary;37
Codie;36
Deniz;36
Dewi;36
Dilan;36
Ernest;36
Heath;36
Matt;36
Rueben;36
Sufyaan;36
Yunus;36
Zeeshan;36
Brandan;35
Brendon;35
Carson;35
Fahad;35
Humza;35
Jaxon;35
Keanu;35
Kwame;35
Lewys;35
Reiss;35
Remy;35
Tai;35
Taylan;35
Terence;35
Yasir;35
Alvin;34
Arif;34
Axel;34
Braden;34
Eren;34
Gerrard;34
Kit;34
Koby;34
Kofi;34
Lance;34
Luqman;34
Nabil;34
Rehaan;34
Roshan;34
Zayan;34
Zayd;34
Abubakar;33
Alasdair;33
Ameer;33
Azaan;33
Braydon;33
Corben;33
Dane;33
Darius;33
Eshan;33
Fionn;33
Hussein;33
Ifan;33
Ishaq;33
Israel;33
Jawad;33
Kain;33
Kaydon;33
Konrad;33
Lennox;33
Marvin;33
Mert;33
Pablo;33
Paddy;33
Presley;33
Thierry;33
Tyreece;33
Veer;33
Vinny;33
Wilson;33
Anwar;32
Codey;32
Danial;32
Darcy;32
Ehsan;32
Faizaan;32
Finnian;32
Fintan;32
Francesco;32
Gianluca;32
Karam;32
Karim;32
Keir;32
Mahir;32
Mohamad;32
Pedro;32
Rhodri;32
River;32
Sunny;32
Wade;32
Yehuda;32
Aran;31
Archer;31
Brook;31
Chester;31
Clark;31
Danyaal;31
Ishaan;31
Ismael;31
Jadon;31
Jamil;31
Kaya;31
Kaylum;31
Loui;31
Makenzie;31
Mitchel;31
Raihan;31
Reese;31
Simeon;31
Aadil;30
Abdur;30
Aleksander;30
Anish;30
Arnav;30
Finnlay;30
Gene;30
Mateo;30
Moshe;30
Murray;30
Nikita;30
Paris;30
Rhydian;30
Silas;30
Trystan;30
Abid;29
Alejandro;29
Boyd;29
Cade;29
Darragh;29
Emilio;29
Fenton;29
Kenny;29
Mekhi;29
Mikolaj;29
Noa;29
Sacha;29
Sayed;29
Sid;29
Tobey;29
Tyreese;29
Andrei;28
Caine;28
Callan;28
Cavan;28
Dawson;28
Dawud;28
Dev;28
Ellison;28
Esa;28
Hadi;28
Issac;28
Jorge;28
Lemar;28
Magnus;28
Nate;28
Oisin;28
Raees;28
Rajan;28
Raul;28
Rex;28
Sonnie;28
Tayyab;28
Blaine;27
Branden;27
Bruce;27
Bryce;27
Cairo;27
Campbell;27
Diogo;27
Edan;27
Edgar;27
Franklin;27
Harold;27
Hudson;27
Igor;27
Kasim;27
Keagan;27
Khalil;27
Kodi;27
Laith;27
Lawson;27
Leroy;27
Neel;27
Nigel;27
Ray;27
Romario;27
Sachin;27
Sufyan;27
Torin;27
Yaqub;27
Zachery;27
Akram;26
Antoni;26
Armani;26
Asim;26
Ayan;26
Aydin;26
Ayush;26
Bilaal;26
Brady;26
Carwyn;26
Corbin;26
Eliot;26
Emil;26
Gilbert;26
Kaylan;26
Krystian;26
Landon;26
Lewie;26
Mylo;26
Omari;26
Samual;26
Shaye;26
T-Jay;26
Tyla;26
Yousaf;26
Brennan;25
Chaim;25
Franky;25
Hamid;25
Harvie;25
Jacques;25
Joao;25
Kamal;25
Karol;25
Kylan;25
Lleyton;25
Maciej;25
Nabeel;25
Nelson;25
Pranav;25
Rohit;25
Santino;25
Suhayb;25
Sydney;25
Trent;25
Zander;25
Aamir;24
Amos;24
Ashwin;24
Cieran;24
Clement;24
Deen;24
Deon;24
Emanuel;24
Farhaan;24
Gregor;24
Jaime;24
Jules;24
Julius;24
Rahim;24
Remi;24
Richie;24
Ronald;24
Sahib;24
Teejay;24
Teo;24
Tyler-James;24
Tylor;24
Usmaan;24
Zayne;24
Abdi;23
Ace;23
Carlo;23
Chay;23
Cinar;23
Cosmo;23
Emerson;23
Ephraim;23
Francisco;23
Hisham;23
Hubert;23
Inigo;23
Jamie-Lee;23
Jaydn;23
Johan;23
Jordon;23
Lochlan;23
Mohsin;23
Nasir;23
Reid;23
Rizwan;23
Shivam;23
Shoaib;23
Sohail;23
Stevie;23
Tj;23
Waleed;23
Walter;23
Willem;23
Zakir;23
Zohaib;23
Zubair;23
Aarav;22
Abdallah;22
Abdurrahman;22
Alessio;22
Anis;22
Ayoub;22
Bernard;22
Bertie;22
Codi;22
Faheem;22
Hal;22
Harlan;22
Issa;22
Jayson;22
Kenan;22
Kishan;22
Maksymilian;22
Marek;22
Marko;22
Matas;22
Mickey;22
Nihal;22
Rayhaan;22
Sheldon;22
Sulayman;22
Tristen;22
Uwais;22
Wiktor;22
Yusef;22
Zacharias;22
Zidane;22
Ziggy;22
Abdur-Rahman;21
Allan;21
Ammaar;21
Ashdon;21
Baran;21
Boris;21
Cam'Ron;21
Danish;21
Dwayne;21
Edison;21
Eryk;21
Etienne;21
Fahim;21
Fredrick;21
Gerard;21
Giacomo;21
Grant;21
Haiden;21
Hamaad;21
Jem;21
Jerry;21
Kanye;21
Korben;21
Laurie;21
Mac;21
Micheal;21
Muneeb;21
Oliwier;21
Pierre;21
Rajveer;21
Reon;21
Rodrigo;21
Stan;21
Sultan;21
Tadhg;21
Wilf;21
Aedan;20
Aryaan;20
Bartosz;20
Bevan;20
Blessing;20
Cillian;20
Darnell;20
Donovan;20
Eisa;20
Emile;20
Frederik;20
Haidar;20
Huseyin;20
Idrees;20
Irfan;20
Izaac;20
Jimi;20
Jonny;20
Kavan;20
Keon;20
Krrish;20
Kuba;20
Lyndon;20
Mahad;20
Markus;20
Md;20
Musab;20
Nikolai;20
Nikolas;20
Olly;20
Osman;20
Reo;20
Roberto;20
Ronny;20
Rylie;20
Saeed;20
Said;20
Shiv;20
Tarun;20
Teddie;20
Vaughan;20
Walid;20
Zakk;20
Abdulahi;19
Ahsan;19
Alexandros;19
Ameen;19
Aneurin;19
Braiden;19
Brandon-Lee;19
Daanish;19
Eduardo;19
Elvis;19
Fenn;19
Giles;19
Hanad;19
Harman;19
Harun;19
Immanuel;19
Jim;19
Kaan;19
Kalum;19
Kaylem;19
Krishna;19
Leandro;19
Leigh;19
Mahammed;19
Marwan;19
Nojus;19
Nyle;19
Oluwatobiloba;19
Orson;19
Perry;19
Prem;19
Ptolemy;19
Reginald;19
Safwan;19
Steve;19
Tanvir;19
Ubaid;19
Warwick;19
Yisroel;19
Yousif;19
Ziyad;19
Aland;18
Amrit;18
Antoine;18
Aqeel;18
Arian;18
Ashden;18
Cadan;18
Cristiano;18
Denny;18
Denver;18
Derek;18
Devan;18
Divine;18
Dominykas;18
Eamon;18
Elisha;18
Finbar;18
Habib;18
Husnain;18
Huzaifah;18
Iolo;18
Jaidan;18
Jia;18
Joss;18
Jozef;18
Kareem;18
Kasey;18
Kasper;18
Kerem;18
Khaled;18
Kush;18
Lex;18
Lucien;18
Lucius;18
Malaki;18
Malcolm;18
Matthias;18
Mikhail;18
Montague;18
Noor;18
Orion;18
Ozzy;18
Paolo;18
Roy;18
Ruairi;18
Sai;18
Saleh;18
Samiul;18
Stewart;18
Tahir;18
Tahmid;18
Tayyib;18
Tomasz;18
Vincenzo;18
Youssef;18
Zahid;18
Abubakr;17
Adeel;17
Adriano;17
Ahad;17
Akash;17
Ayrton;17
Bobbie;17
Buddy;17
Caio;17
Callam;17
Cobie;17
Cristian;17
Darrell;17
Deven;17
Devonte;17
Donald;17
Efan;17
Farrell;17
Fredrik;17
Fynley;17
Geoffrey;17
Gerald;17
Godwin;17
Guto;17
Harlee;17
Huzaifa;17
Ishaaq;17
Ishan;17
Jaheim;17
Jamaal;17
Javier;17
Jun;17
Junayd;17
Kaeden;17
Kajus;17
Kaydan;17
Keith;17
Madoc;17
Manraj;17
Manveer;17
Marlon;17
Massimo;17
Mehdi;17
Muhamed;17
Nadir;17
Oluwatobi;17
Om;17
Rossi;17
Sanjay;17
Suhail;17
T;17
Tayler;17
Tinashe;17
Tommy-Lee;17
Younes;17
Zakariyya;17
Aadi;16
Adan;16
Adel;16
Akshay;16
Alexis;16
Arya;16
Ashraf;16
Austen;16
Benny;16
Bill;16
Christos;16
Corban;16
Cori;16
Daryl;16
Digby;16
Ebenezer;16
Efe;16
Emir;16
Fabien;16
Finnan;16
Floyd;16
Fuad;16
Gage;16
Giuseppe;16
Gus;16
Harsh;16
Jameson;16
Jarred;16
Jaskaran;16
Jaylen;16
Jett;16
Jibril;16
Jody;16
Kaif;16
Kean;16
Keigan;16
Kie;16
Lennie;16
Lynden;16
Mahamed;16
Manav;16
Marshal;16
Maurice;16
Mayson;16
Menachem;16
Mike;16
Mohammod;16
Nedas;16
Oran;16
Orin;16
Quincy;16
Reef;16
Rees;16
Robson;16
Roland;16
Ryder;16
Sabir;16
Saqib;16
Sasha;16
Shyam;16
Soren;16
Stephan;16
Sullivan;16
Terrell;16
Tim;16
Yasser;16
Younis;16
Abdurahman;15
Akeem;15
Alby;15
Amaar;15
Aqib;15
Arvin;15
Ash;15
Aymen;15
Blade;15
Bodhi;15
Brenden;15
Conall;15
Dorian;15
Dre;15
Dyllan;15
Eugene;15
Faiz;15
Franciszek;15
Henley;15
Jean;15
Jethro;15
John-Paul;15
Jolyon;15
Judah;15
Kaelan;15
Kaleem;15
Keilan;15
Kiefer;15
Kori;15
Kory;15
Kristopher;15
Llion;15
Makai;15
Micky;15
Mirza;15
Murphy;15
Mustapha;15
Naeem;15
Pacey;15
Parth;15
Piotr;15
Riaz;15
Salim;15
Shahid;15
Sohaib;15
Suleyman;15
Tiernan;15
Tremaine;15
Vince;15
Yassin;15
Yonis;15
Youcef;15
Yu;15
Zayyan;15
Abdulaziz;14
Ahmet;14
Amani;14
Atif;14
Barry;14
Caius;14
Christy;14
Colm;14
Connah;14
Cullen;14
Dara;14
Davie;14
Diyar;14
Eashan;14
Eben;14
Edson;14
Eshaan;14
Fawaz;14
Gruffydd;14
Gwion;14
Harvey-Lee;14
Herbert;14
Horatio;14
Imad;14
Ivor;14
Jaeden;14
Jameel;14
Jarvis;14
Jevan;14
Jovan;14
Kaidan;14
Kailum;14
Keyaan;14
Killian;14
Kirk;14
Kymani;14
Liban;14
Linus;14
Mahmood;14
Mahmoud;14
Maxime;14
Mikel;14
Moishe;14
Muhsin;14
Murtaza;14
Nahid;14
Naim;14
Niklas;14
Pavan;14
Pawel;14
Pearce;14
Percy;14
Riccardo;14
Riyad;14
Rui;14
Shai;14
Shaquille;14
Shayaan;14
Storm;14
Sukhraj;14
Suleman;14
Tobi;14
Vishal;14
Yahye;14
Yamin;14
Yosef;14
Yuri;14
Zakary;14
Aaran;13
Aayush;13
Abdulkadir;13
Abhinav;13
Ahyan;13
Amr;13
Arin;13
Ariyan;13
Artur;13
Baily;13
Beck;13
Bradlee;13
Cailen;13
Cem;13
Constantine;13
Daanyaal;13
Darshan;13
Davey;13
Dawood;13
Devin;13
Donte;13
Dylon;13
Eesaa;13
Enrico;13
Eoghan;13
Ernie;13
Gianni;13
Glenn;13
Gwilym;13
Hakeem;13
Huey;13
Ihsaan;13
Imaad;13
Ishmael;13
Izak;13
Joaquin;13
Joby;13
Jowan;13
Kashif;13
Kenzo;13
Krzysztof;13
Lars;13
Leslie;13
Malachai;13
Marcos;13
Marius;13
Martyn;13
Matthieu;13
Melvin;13
Mikail;13
Nehemiah;13
Nolan;13
Ocean;13
Omarion;13
Oren;13
Owyn;13
Parsa;13
Piran;13
Raghav;13
Ramon;13
Rehman;13
Rocky;13
Salah;13
Saxon;13
Siddharth;13
Talhah;13
Tanaka;13
Teon;13
Tommie;13
Tyron;13
Uzayr;13
Vinay;13
Wil;13
Zacharia;13
Zinedine;13
Zuhair;13
Aaqib;12
Abdalla;12
Aeron;12
Anderson;12
Anees;12
Archy;12
Asif;12
Augustine;12
Augustus;12
Aydan;12
Ayyub;12
Baylee;12
Blaise;12
Bobbi;12
Cailan;12
Clarence;12
Cohan;12
Corin;12
Cyprian;12
Davis;12
Derry;12
Desmond;12
Dimitri;12
Dontae;12
Eesah;12
Elvin;12
Enes;12
Enis;12
Franklyn;12
Gordon;12
Griffin;12
Hammaad;12
Harveer;12
Hashir;12
Haydan;12
Hendrix;12
Ilias;12
Ivo;12
Jabir;12
Jarrod;12
Jasraj;12
Jobe;12
Johannes;12
Johnson;12
Joseff;12
Kabir;12
Kacey;12
Kadyn;12
Kalem;12
Karanveer;12
Keian;12
Kienan;12
Kimi;12
Kobie;12
Kyal;12
Leonidas;12
Llewellyn;12
Loic;12
Loki;12
Mack;12
Maksim;12
Matty;12
Mubarak;12
Natan;12
Nathanial;12
Padraig;12
Pascal;12
Qais;12
Quinlan;12
Rafi;12
Raif;12
Ralphie;12
Rami;12
Ramone;12
Rashid;12
Ravi;12
Ritchie;12
Rohail;12
Rokas;12
Roscoe;12
Ruari;12
Rubin;12
Samad;12
Sawyer;12
Shaheer;12
Siraj;12
Sofian;12
Suleiman;12
Tafari;12
Taliesin;12
Tamim;12
Tanveer;12
Tinotenda;12
Triston;12
Tyson;12
Yannick;12
Zahir;12
Zhi;12
Adi;11
Akbar;11
Alberto;11
Aleksandr;11
Alister;11
Amit;11
Ankit;11
Ansh;11
Areeb;11
Armandas;11
Arnold;11
Ayuub;11
Azad;11
Azeem;11
Aziz;11
Balraj;11
Blue;11
Carrick;11
Cassian;11
Clarke;11
Cobey;11
Coen;11
Darwin;11
Dayton;11
Dino;11
Ediz;11
Eliezer;11
Enoch;11
Enrique;11
Fahd;11
Gerry;11
Gethyn;11
Glen;11
Grady;11
Gurveer;11
Hadyn;11
Hamad;11
Hans;11
Harish;11
Howard;11
Hughie;11
Hunter;11
Ikram;11
Ilan;11
Isaak;11
Jedidiah;11
Kael;11
Kailan;11
Kale;11
Kayan;11
Kazi;11
Kegan;11
Kellen;11
Kelsey;11
Khai;11
Kushal;11
Kwaku;11
Lemuel;11
Lewi;11
Lionel;11
Llewelyn;11
Luciano;11
Manvir;11
Mattia;11
Mazin;11
Mikael;11
Nahom;11
Naseem;11
Nick;11
Oluwanifemi;11
Omer;11
Pranay;11
Roger;11
Rohaan;11
Romain;11
Seb;11
Sergio;11
Shahzaib;11
Shamar;11
Shiloh;11
Shimon;11
Shuaib;11
Shuayb;11
Sudais;11
Suhayl;11
Taaha;11
Tiger;11
Tommaso;11
Tommylee;11
Tylan;11
Tyler-Jay;11
Usayd;11
Uthman;11
Varun;11
Vaughn;11
Ved;11
Wasim;11
Zackery;11
Zayaan;11
Zephaniah;11
Zi;11
Abdel;10
Abdimalik;10
Abhishek;10
Abu-Bakr;10
Adyan;10
Ahnaf;10
Ajani;10
Akeel;10
Akiva;10
Al;10
Aleem;10
Alfy;10
Alieu;10
Amaad;10
Ashvin;10
Aum;10
Avrohom;10
Basil;10
Bjorn;10
Bo;10
Braeden;10
Brinley;10
Brynley;10
Burak;10
Cael;10
Camden;10
Caspian;10
Cavalli;10
Ceejay;10
Chandler;10
Charlee;10
Ciaron;10
Clifford;10
Connell;10
Cynan;10
Dainton;10
Daniele;10
Dario;10
Daud;10
Deshawn;10
Destiny;10
Devante;10
Dhillon;10
Dontay;10
Dov;10
Ebrahim;10
Ed;10
Eddy;10
Faraz;10
Faruq;10
Federico;10
Felipe;10
Ferdinand;10
Finnegan;10
Flyn;10
Furkan;10
Fynlay;10
Gil;10
Gruffudd;10
Gurpreet;10
Hamed;10
Hanif;10
Hao;10
Harjot;10
Harlie;10
Haytham;10
Indiana;10
J;10
Jad;10
Jahiem;10
Jalal;10
Jarrad;10
Javan;10
Javon;10
Jaylan;10
Jayme;10
Jefferson;10
Jericho;10
Joachim;10
Joash;10
Johann;10
Jorden;10
Kairo;10
Kalvin;10
Kamari;10
Khush;10
Kodie;10
Kris;10
Kwabena;10
Luqmaan;10
Macsen;10
Malick;10
Mani;10
Mikaeel;10
Munashe;10
Muzzammil;10
Myron;10
Nahum;10
Najib;10
Nasim;10
Nataniel;10
Nile;10
Obi;10
Omid;10
Ossian;10
Ozan;10
Panashe;10
Parker;10
Patrik;10
Reeve;10
Reuel;10
Reyhan;10
Riordan;10
Rishabh;10
Riyan;10
Rodney;10
Rushil;10
Ryleigh;10
Salahuddin;10
Shabaz;10
Stanislaw;10
Sufiyan;10
Suhaib;10
Tarek;10
Tatenda;10
Tauheed;10
Tayo;10
Tegan;10
Thor;10
Tjay;10
Trae;10
Tyresse;10
Tyrique;10
Viktor;10
Vivek;10
Wassim;10
Wiliam;10
Yakov;10
Yassine;10
Yassir;10
Yitzchok;10
Yusaf;10
Zaine;10
Zavier;10
Zeeshaan;10
Zidan;10
Zishan;10
Zuhayr;10
Aarron;9
Abd;9
Abdirahim;9
Acer;9
Adnaan;9
Aiman;9
Ainsley;9
Aj;9
Alban;9
Albin;9
Alexandru;9
Alexei;9
Alix;9
Alpha;9
Amandeep;9
Aneirin;9
Angel;9
Anh;9
Aqil;9
Arafat;9
Ari;9
Ariel;9
Aubrey;9
Avi;9
Barnabas;9
Bashir;9
Berdan;9
Bertram;9
Billy-Joe;9
Bobby-Lee;9
Brooke;9
Calan;9
Can;9
Caolan;9
Carlton;9
Cassidy;9
Christiano;9
Clinton;9
Clive;9
Cobi;9
Coel;9
Conal;9
Corbyn;9
Dakota;9
Dawoud;9
Deep;9
Deron;9
Dhiren;9
Django;9
Domantas;9
Domas;9
Donnell;9
Dougal;9
Dovydas;9
Draven;9
Dudley;9
Duke;9
Ebrima;9
Elyas;9
Emlyn;9
Erion;9
Eron;9
Ervin;9
Farhad;9
Faysal;9
Fayzan;9
Fernando;9
Finian;9
Frasier;9
Geraint;9
Ghulam;9
Giorgio;9
Graham;9
Greg;9
Gustavo;9
Hannan;9
Harrie;9
Harvin;9
Harvir;9
Haydar;9
Hayyan;9
Henrique;9
Hishaam;9
Huxley;9
Hywel;9
Iain;9
Iesa;9
Ihsan;9
Ilya;9
Imtiaz;9
Isiah;9
Jadan;9
Jadyn;9
Jaidon;9
Jalen;9
Jaydyn;9
Jazz;9
Jet;9
Jibreel;9
Johnathon;9
Joshuah;9
Judd;9
Julien;9
Justice;9
Kais;9
Kalan;9
Kalen;9
Kaspar;9
Kelan;9
Kennedy;9
Kenzi;9
Keyan;9
Ki;9
Kiean;9
Kien;9
Kim;9
Kole;9
Laiton;9
Larry;9
Leyland;9
Luigi;9
Malek;9
Manpreet;9
Manuel;9
Marcello;9
Marlie;9
Masud;9
Maxx;9
Memphis;9
Millan;9
Mordechai;9
Muhammod;9
Mukhtar;9
Nasser;9
Naveed;9
Nayan;9
Nicky;9
Nikodem;9
Odin;9
Olaf;9
Oluwadamilare;9
Oluwadamilola;9
Oluwamayowa;9
Oluwatimilehin;9
Paulo;9
Perez;9
Pip;9
Radley;9
Rahat;9
Raheel;9
Raoul;9
Red;9
Ren;9
Romano;9
Rooney;9
Ruan;9
Ryaan;9
Safwaan;9
Saifullah;9
Samee;9
Sarim;9
Seyed;9
Shakeel;9
Shayden;9
Shaydon;9
Shlok;9
Shlomo;9
Shrey;9
Simbarashe;9
Suliman;9
Tahsin;9
Takudzwa;9
Talvin;9
Tarik;9
Taye;9
Theophilus;9
Titas;9
Tobie;9
Tobin;9
Tre;9
Trevor;9
Tyran;9
Tzvi;9
Ubayd;9
Vernon;9
Warrick;9
Wojciech;9
Yanis;9
Yaqoob;9
Yi;9
Zeke;9
Zeyad;9
Zia;9
Zuhaib;9
Zuriel;9
Aariz;8
Aashir;8
Abdur-Raheem;8
Abhay;8
Abir;8
Adham;8
Ajmal;8
Albion;8
Aldo;8
Alfie-Jay;8
Alfredo;8
Alisdair;8
Ally;8
Amal;8
Amanvir;8
Ambrose;8
Amman;8
Anakin;8
Anand;8
Anirudh;8
Anson;8
Arash;8
Arsalan;8
Arsh;8
Aryaman;8
Ashish;8
Atticus;8
Azhar;8
Baden;8
Benas;8
Benson;8
Benyamin;8
Blayne;8
Blu;8
Bodie;8
Bram;8
Bright;8
Broden;8
Bryson;8
C;8
Caian;8
Caylan;8
Chey;8
Clay;8
Cobain;8
Coban;8
Colt;8
Conan;8
Conna;8
Connar;8
Courtney;8
Damion;8
Dashiell;8
Deano;8
Dermot;8
Deshaun;8
Diago;8
Dominick;8
Eduard;8
Elton;8
Emrys;8
Esah;8
Ewen;8
Favour;8
Fergal;8
Findley;8
Finnbar;8
Ford;8
Fredric;8
Gaurav;8
Godfrey;8
Habeeb;8
Haitham;8
Hakim;8
Harlem;8
Harper;8
Harpreet;8
Hassaan;8
Hassnain;8
Hatim;8
Hezekiah;8
Husam;8
Jae;8
Javed;8
Jaxson;8
Jay-Jay;8
Jeff;8
Jessie;8
Johnnie;8
Kaidon;8
Kailen;8
Kei;8
Keiren;8
Kendall;8
Kendrick;8
Khaleel;8
Khizar;8
Kingston;8
Koen;8
Kynan;8
Kyren;8
Latrell;8
Lawand;8
Layne;8
Lucus;8
Lui;8
Lysander;8
Macaulay;8
Madison;8
Mamadou;8
Mansoor;8
Matheus;8
Mathias;8
Matias;8
Matin;8
Maverick;8
Mawgan;8
Maximilien;8
Mccauley;8
Mehrab;8
Meir;8
Merlin;8
Mika;8
Mohid;8
Moin;8
Momin;8
Morris;8
Mujtaba;8
Munib;8
Nevan;8
Nihaal;8
Nikolaos;8
Nyasha;8
Olamide;8
Oluwaseyi;8
Pavandeep;8
Pavel;8
Pele;8
Quentin;8
Rahil;8
Raife;8
Raj;8
Ralf;8
Ralfie;8
Ram;8
Raman;8
Ramsay;8
Rana;8
Raven;8
Rayne;8
Ridley;8
Roni;8
Ronin;8
Sadiq;8
Sahir;8
Salmaan;8
Salvatore;8
Shad;8
Shalom;8
Shreyas;8
Soloman;8
Stirling;8
Sujal;8
Sulaimaan;8
Suraj;8
Syd;8
Tafadzwa;8
Tej;8
Teodor;8
Terell;8
Thai;8
Thanh;8
Tian;8
Timur;8
Tor;8
Trai;8
Tyree;8
Umer;8
Umut;8
Usaid;8
Viraj;8
Waseem;8
Willoughby;8
Winston;8
Xin;8
Yad;8
Yannis;8
Yoni;8
Younus;8
Yunis;8
Zakariah;8
Zebedee;8
Zeno;8
Zeshan;8
Ziad;8
Aarush;7
Abdul-Raheem;7
Abdus;7
Abe;7
Affan;7
Afonso;7
Akif;7
Akira;7
Aleksandar;7
Alexanda;7
Alexzander;7
Alfie-Lee;7
Allen;7
Amran;7
Anay;7
Anders;7
Andi;7
Andrea;7
Andres;7
Anesu;7
Anil;7
Aniq;7
Ans;7
Ansel;7
Aodhan;7
Arham;7
Arlen;7
Armando;7
Arshad;7
Arslan;7
Art;7
Artin;7
Ashlee;7
Ayodeji;7
Azan;7
Azim;7
Bader;7
Bailee;7
Bailie;7
Benito;7
Benn;7
Bernardo;7
Billie;7
Boden;7
Boran;7
Bradleigh;7
Brannon;7
Brynn;7
Burhan;7
Byran;7
Cameran;7
Canaan;7
Cass;7
Caydon;7
Cedric;7
Ceri;7
Chance;7
Christo;7
Claude;7
Clint;7
Corie;7
Corley;7
Cyril;7
Daksh;7
Danielius;7
Daoud;7
Darian;7
Darryl;7
Dave;7
Dax;7
Dayne;7
Demitri;7
Denzil;7
Deri;7
Dharam;7
Dilraj;7
Dimitrios;7
Donnie;7
Eitan;7
Eithan;7
Emirhan;7
Erin;7
Errol;7
Essa;7
Esteban;7
Ethen;7
Fardeen;7
Fares;7
Fezaan;7
Finleigh;7
Finton;7
Flinn;7
Fran;7
Franco;7
Franz;7
Frazier;7
Fredi;7
Gael;7
Gaige;7
Garin;7
Garry;7
Gino;7
Gurjot;7
Gustav;7
Haashir;7
Halil;7
Haroun;7
Hayder;7
Humzah;7
Ihtisham;7
Ikechukwu;7
Imaan;7
Inderveer;7
Indy;7
Inioluwa;7
Ioannis;7
Izaan;7
Jabari;7
Jaedon;7
Jahmari;7
Jamel;7
Jayan;7
Jayon;7
Jedd;7
Jeremie;7
Jibran;7
Justinas;7
Kabeer;7
Kairon;7
Karson;7
Kasra;7
Kassim;7
Kayde;7
Kayson;7
Kealan;7
Kelson;7
Kelton;7
Kerim;7
Keshav;7
Kester;7
Kevinas;7
Khubaib;7
Kiaran;7
Kier;7
Koray;7
Kosisochukwu;7
Kwesi;7
Kyreece;7
Kyrell;7
Kyrese;7
Laszlo;7
Layth;7
Leeland;7
Lester;7
Lewin;7
Lindon;7
Llyr;7
Lochlann;7
Lord;7
Loris;7
Luan;7
Lyle;7
Mansour;7
Marques;7
Mattias;7
Maximo;7
Mckenzi;7
Mikie;7
Millen;7
Mir;7
Moosa;7
Muizz;7
Neal;7
Nevin;7
Niam;7
Nii;7
Nishan;7
Noam;7
Numair;7
Numan;7
Nyall;7
Olaoluwa;7
Olli;7
Oluwatimileyin;7
Omario;7
Onur;7
Oska;7
Othniel;7
Pieter;7
Prosper;7
Rahman;7
Raiyan;7
Rayyaan;7
Raza;7
Reis;7
Reyan;7
Richmond;7
Ridhwan;7
Riyadh;7
Rome;7
Ronaldinho;7
Ronaldo;7
Rowen;7
Rudra;7
Ruhan;7
Sabri;7
Saim;7
Sajid;7
Samay;7
Sayeed;7
Seif;7
Shahab;7
Shahan;7
Shakir;7
Shayon;7
Sheik;7
Siddhant;7
Simcha;7
Sky;7
Soul;7
Stanislav;7
Stefanos;7
Struan;7
Sufiyaan;7
Takunda;7
Talal;7
Tao;7
Tejas;7
Temiloluwa;7
Terrance;7
Terrence;7
Tevin;7
Timo;7
Tomi;7
Twm;7
Ubaidullah;7
Ugochukwu;7
Ugur;7
Vansh;7
Vijay;7
Vishnu;7
Vladimir;7
Vladislav;7
Waqas;7
Weston;7
Willis;7
Wisdom;7
Woodrow;7
Yacine;7
Yoel;7
Zade;7
Zaeem;7
Zaman;7
Zayed;7
Zeki;7
Zen;7
Abdul-Rahman;6
Abdulla;6
Abdullaah;6
Abdur-Rahmaan;6
Abubaker;6
Adeeb;6
Adit;6
Adrien;6
Affaan;6
Akhil;6
Akil;6
Akmal;6
Akshar;6
Aleks;6
Alfi;6
Alfie-James;6
Aliyu;6
Amadou;6
Amer;6
Antwone;6
Aram;6
Ardit;6
Arley;6
Arlind;6
Artan;6
Arundeep;6
Asadullah;6
Ashar;6
Ashaz;6
Astin;6
Auryn;6
Awad;6
Axl;6
Baillie;6
Baptiste;6
Bartholomew;6
Baxter;6
Bayleigh;6
Belal;6
Blaze;6
Bob;6
Boluwatife;6
Brad-Lee;6
Brent;6
Brock;6
Buster;6
Cal;6
Cale;6
Camran;6
Chace;6
Charly;6
Chibueze;6
Cieron;6
Claudio;6
Coben;6
Cy;6
Daanyal;6
Dahir;6
Daley;6
Dallas;6
Damari;6
Dani;6
Daniyaal;6
Darcey;6
Dariush;6
Darrel;6
Davide;6
Davy;6
De;6
Deiniol;6
Deividas;6
Demari;6
Derick;6
Derren;6
Derrick;6
Devontae;6
Dhilan;6
Dhru;6
Diarmuid;6
Don;6
Dougie;6
Dovid;6
Drake;6
Dyfan;6
Ekin;6
Elia;6
Elian;6
Emad;6
Emin;6
Eris;6
Farid;6
Fazal;6
Filipe;6
Fizaan;6
Fraiser;6
Gabe;6
Geordie;6
Georgio;6
Gian;6
Gibril;6
Goncalo;6
Govind;6
Guilherme;6
Hakan;6
Hamsa;6
Hanzala;6
Hanzalah;6
Harishan;6
Harvinder;6
Hasanain;6
Hayan;6
Haydyn;6
Henock;6
Henrik;6
Howie;6
Husain;6
Husayn;6
Iago;6
Ifeoluwa;6
Inayat;6
Isaaq;6
Isher;6
Ishmail;6
Ismaaeel;6
Jabril;6
Jacy;6
Jahziah;6
Jaimie;6
Jarell;6
Jashan;6
Jaspreet;6
Jawaad;6
Jaycee;6
Jaycob;6
Jens;6
Jess;6
Jesse-James;6
Jevon;6
Jibraeel;6
Jj;6
Joakim;6
Job;6
Jocelyn;6
Johnpaul;6
Jonjo;6
Jonnie;6
Joshua-James;6
Julio;6
Kailem;6
Kaiyan;6
Kalel;6
Kalim;6
Kaydn;6
Keeran;6
Kelly;6
Kemar;6
Kenton;6
Khaalid;6
Khamani;6
Khan;6
Kiegan;6
King;6
Kobey;6
Kojo;6
Kray;6
Kristan;6
Kristen;6
Kwasi;6
Kyden;6
Kyeran;6
Lamar;6
Laurent;6
Leander;6
Leart;6
Leevi;6
Leith;6
Levent;6
Levon;6
Linden;6
Llywelyn;6
Lorne;6
Louey;6
Lovell;6
Lowell;6
Ludovic;6
Lukasz;6
Lydon;6
Lyon;6
Mahamad;6
Mahee;6
Malikai;6
Man;6
Mantas;6
Martynas;6
Massimiliano;6
Mayank;6
Mendel;6
Mian;6
Micaiah;6
Michael-John;6
Mohamud;6
Mohmed;6
Mousa;6
Muaaz;6
Muad;6
Muadh;6
Muaz;6
Murad;6
Murat;6
Nadeem;6
Naftoli;6
Nam;6
Nash;6
Nassir;6
Nathen;6
Navid;6
Nicolai;6
Nils;6
Nima;6
Nishaan;6
Nuh;6
Nyal;6
Nye;6
Obinna;6
Okan;6
Oluwafemi;6
Oluwaseun;6
Oreoluwa;6
Orry;6
Osayande;6
Ozair;6
Pa;6
Panayiotis;6
Perran;6
Prabhjot;6
Praise;6
Pratham;6
Preet;6
Quin;6
Rafal;6
Raiden;6
Raihaan;6
Ramin;6
Ranveer;6
Rasheed;6
Rayn;6
Redford;6
Reehan;6
Rezwan;6
Rhun;6
Rhyce;6
Ridwaan;6
Rikki;6
Rishikesh;6
Robby;6
Romero;6
Royce;6
Rubens;6
Ruman;6
Ryan-Lee;6
Sabian;6
Safraz;6
Saifan;6
Saihaan;6
Sajan;6
Salem;6
Salih;6
Salvador;6
Samar;6
Samer;6
Sascha;6
Sekou;6
Senan;6
Shahbaz;6
Shahriyar;6
Shakib;6
Shamari;6
Sharif;6
Shemar;6
Si;6
Sina;6
Soham;6
Sohan;6
Sonni;6
Stefano;6
Sylvester;6
Syrus;6
Taariq;6
Taher;6
Taine;6
Taj;6
Talan;6
Tamjid;6
Tane;6
Tanish;6
Tapiwa;6
Taryn;6
Tawanda;6
Tawhid;6
Tayab;6
Taylor-Jay;6
Taylor-Lee;6
Tejan;6
Teoman;6
Tequan;6
Thando;6
Thom;6
Thomas-James;6
Tolulope;6
Toluwanimi;6
Trevon;6
Tristian;6
Tudor;6
Tushar;6
Tyler-John;6
Tyrelle;6
Uchenna;6
Vikram;6
Wilfrid;6
Xiao;6
Yahyaa;6
Yaser;6
Zachari;6
Zackariah;6
Zackariya;6
Zakari;6
Zakariyah;6
Zephyr;6
Zeshaan;6
Zico;6
Ziyaad;6
Zvi;6
A;5
A-Jay;5
Aarya;5
Aasim;5
Abaas;5
Abdellah;5
Abdelrahman;5
Abdiaziz;5
Abdulkarim;5
Abdulraheem;5
Abidur;5
Abul;5
Abyan;5
Achilles;5
Adetokunbo;5
Adley;5
Adonai;5
Adriel;5
Aharon;5
Ajai;5
Ajeet;5
Albi;5
Alden;5
Alexandar;5
Alexey;5
Alfie-Joe;5
Alfonso;5
Alim;5
Allister;5
Alun;5
Amad;5
Amanveer;5
Amen;5
Amine;5
Aness;5
Anoop;5
Antonios;5
Anush;5
Arav;5
Arber;5
Aria;5
Aris;5
Arkadiusz;5
Armand;5
Arqam;5
Arshia;5
Aryeh;5
Asha;5
August;5
Augustas;5
Avinash;5
Avraham;5
Awab;5
Ayaz;5
Ayodele;5
Ayomikun;5
Baby;5
Baris;5
Bartek;5
Bartlomiej;5
Basit;5
Bede;5
Benaiah;5
Beni;5
Benton;5
Billal;5
Blair;5
Boe;5
Borys;5
Bowen;5
Bracken;5
Braedon;5
Bray;5
Caerwyn;5
Cairan;5
Callaghan;5
Callen;5
Callum-James;5
Callun;5
Camaron;5
Cambell;5
Camren;5
Cane;5
Celt;5
Celyn;5
Cemlyn;5
Cesar;5
Charan;5
Charbel;5
Charlie-Jack;5
Charlton;5
Chen;5
Cheng;5
Chinedu;5
Chinonso;5
Chirag;5
Christiaan;5
Chukwuebuka;5
Cj;5
Colbey;5
Colton;5
Cornelius;5
Corran;5
Crispin;5
Dagan;5
Daiton;5
Damilola;5
Dana;5
Daniels;5
Danilo;5
Daragh;5
Darien;5
Davi;5
Davian;5
Deegan;5
Deian;5
Deio;5
Delano;5
Deniro;5
Denon;5
Deryn;5
Devesh;5
Diezel;5
Dior;5
Djibril;5
Domenic;5
Donell;5
Donnel;5
Donny;5
Dru;5
Eamonn;5
Earl;5
Eason;5
Edoardo;5
Egan;5
Ege;5
Ehren;5
Ehsaan;5
Ejaz;5
Elie;5
Elion;5
Eliott;5
Elwood;5
Erick;5
Erjon;5
Ermal;5
Evander;5
Faaris;5
Fabrizio;5
Fareed;5
Farley;5
Farren;5
Fawwaz;5
Feroz;5
Ferris;5
Fezan;5
Fidel;5
Finbarr;5
Finlee;5
Fizan;5
Flint;5
Gabriele;5
Gavriel;5
Gent;5
Gio;5
Giovani;5
Gracjan;5
Graeme;5
Griff;5
Gruff;5
Grzegorz;5
Gulam;5
Gurdev;5
Gurkirat;5
Gursewak;5
Haadi;5
Haden;5
Hafeez;5
Hafiz;5
Hagen;5
Hallam;5
Hamdan;5
Hamim;5
Hamse;5
Hani;5
Haran;5
Haresh;5
Harjeevan;5
Harleigh;5
Harlen;5
Hartley;5
Harvey-Jay;5
Hasham;5
Hasib;5
Hayaan;5
Hayyaan;5
Haziq;5
Hong;5
Humaid;5
Humphrey;5
Huzayfah;5
Ignas;5
Ijaz;5
Ike;5
Indigo;5
Ishe;5
Izac;5
Jace;5
Jackie;5
Jagraj;5
Jagroop;5
Jahan;5
Jaheem;5
Jamaine;5
Jamari;5
Jathushan;5
Jayden-Lee;5
Jayjay;5
Jayke;5
Jazib;5
Jean-Pierre;5
Jelani;5
Jeorge;5
Jermain;5
Jie;5
Jin;5
Jobey;5
Jon-Paul;5
Jordi;5
Jos;5
Joshan;5
Jotham;5
Kaci;5
Kadan;5
Kadir;5
Kadon;5
Kaelem;5
Kaelen;5
Kaian;5
Kairan;5
Kaiser;5
Kaito;5
Kaius;5
Kalid;5
Kalonji;5
Kameran;5
Kang;5
Karun;5
Kawsar;5
Kaylen;5
Kayra;5
Kazim;5
Keanan;5
Keanen;5
Keano;5
Kelechi;5
Ken;5
Kendal;5
Kenzy;5
Keron;5
Kes;5
Kevan;5
Kevon;5
Khadar;5
Khian;5
Khushal;5
Kiano;5
Kielan;5
Kierran;5
Kipp;5
Kiya;5
Konner;5
Konstantinos;5
Ky;5
Kyi;5
Kyon;5
Layland;5
Le;5
Lei;5
Lekai;5
Leonel;5
Leopold;5
Leuan;5
Li;5
Linton;5
Ludo;5
Luiz;5
Luther;5
Mabon;5
Mahammad;5
Mahfuzur;5
Majid;5
Malakhi;5
Manish;5
Marcellus;5
Marcin;5
Mason-Lee;5
Matej;5
Matti;5
Maxi;5
Mayowa;5
Mcauley;5
Mckenna;5
Mehul;5
Mekai;5
Meshach;5
Mete;5
Michee;5
Mihir;5
Mikki;5
Milad;5
Miley;5
Milosz;5
Minhaj;5
Miro;5
Misha;5
Mitch;5
Mitul;5
Moeez;5
Mohammud;5
Mohit;5
Mohmmed;5
Moiz;5
Momodou;5
Moss;5
Mostafa;5
Muaad;5
Mubashir;5
Muhamad;5
Munir;5
Muse;5
Nadav;5
Naftali;5
Nahim;5
Naryan;5
Nassim;5
Nawaz;5
Nazir;5
Neville;5
Nickolas;5
Nicolaas;5
Nicolo;5
Niko;5
Nikola;5
Nithin;5
Nnaemeka;5
Nnamdi;5
Noe;5
Nuno;5
Obaid;5
Odera;5
Odhran;5
Ojas;5
Oladipupo;5
Oli;5
Olumide;5
Oluwademilade;5
Oluwapelumi;5
Oluwasegun;5
Oluwatomisin;5
Oluwatomiwa;5
Orly;5
Osama;5
Ozzie;5
Papa;5
Pheonix;5
Philemon;5
Piyush;5
Prabh;5
Prabhdeep;5
Praveen;5
Pravin;5
Priyan;5
Priyesh;5
Promise;5
Qays;5
Quinton;5
Rae;5
Raffi;5
Rafiq;5
Rahees;5
Raheim;5
Rais;5
Ramy;5
Randy;5
Ranjit;5
Rashad;5
Rashaun;5
Reace;5
Redwan;5
Reed;5
Reg;5
Remel;5
Rene;5
Rhylee;5
Rhyse;5
Riad;5
Riko;5
Rion;5
Rishan;5
Ritvik;5
Roderick;5
Rodi;5
Rohat;5
Romaan;5
Ron;5
Ronak;5
Ryhan;5
Ryland;5
Saahil;5
Safyan;5
Sahand;5
Sahin;5
Saiful;5
Sakariye;5
Sakib;5
Samet;5
Sampson;5
Samy;5
Sanad;5
Sardar;5
Sayid;5
Sebastiano;5
Sefa;5
Shahmeer;5
Shakil;5
Shakur;5
Shan;5
Sharjeel;5
Shaya;5
Shaylan;5
Shazil;5
Shem;5
Shihab;5
Siam;5
Sinan;5
Solly;5
Sufian;5
Sunil;5
Swayam;5
Sylvan;5
Tadiwa;5
Tadiwanashe;5
Tafara;5
Tahmeed;5
Tahseen;5
Taite;5
Taiwo;5
Tamir;5
Tanay;5
Tauseef;5
Tawana;5
Tay;5
Tayla;5
Tayte;5
Tayyeb;5
Tee-Jay;5
Teifion;5
Temitayo;5
Temitope;5
Tennyson;5
Thabiso;5
Thabo;5
Theoden;5
Theodor;5
Theodoros;5
Thomas-Jay;5
Tilak;5
Timmy;5
Toluwani;5
Tomer;5
Tommi;5
Tristin;5
Tylar;5
Tymon;5
Tyrece;5
Tyrel;5
Tyronne;5
Tyrus;5
Ubaydullah;5
Unays;5
Usama;5
Vicente;5
Victory;5
Viggo;5
Vineet;5
Viren;5
Wallace;5
Waqar;5
Wasif;5
Wasil;5
Wei;5
Wilbur;5
Willow;5
Wing;5
Xu;5
Yaaseen;5
Yan;5
Yann;5
Yasar;5
Yaw;5
Yechiel;5
Yigit;5
Ying;5
Yonas;5
Yonatan;5
Yossi;5
Youness;5
Yug;5
Yun;5
Zacharie;5
Zakariye;5
Zed;5
Zedekiah;5
Zoran;5
Aaditya;4
Aahil;4
Aarun;4
Abdifatah;4
Abdiqani;4
Abdirahmaan;4
Abdirizak;4
Abdisamad;4
Abdishakur;4
Abdou;4
Abdoulie;4
Abdul-;4
Abdulmalik;4
Abdulqadir;4
Abdussalam;4
Abhi;4
Abhiram;4
Abinash;4
Abishek;4
Abrahim;4
Abrar;4
Abu-Bakar;4
Ada;4
Adar;4
Adedamola;4
Adedapo;4
Ademide;4
Adib;4
Adithya;4
Adiy;4
Adonis;4
Advay;4
Aeddan;4
Aftab;4
Afzal;4
Ahren;4
Ahron;4
Ahsanul;4
Ahyaan;4
Ajwad;4
Akaash;4
Akam;4
Akin;4
Akshat;4
Al-Amin;4
Alain;4
Aleksei;4
Alf;4
Alireza;4
Alistar;4
Alonso;4
Alvaro;4
Amadu;4
Amardeep;4
Amarion;4
Amarjot;4
Amaru;4
Amiel;4
Amjad;4
Amon;4
Amrik;4
Andrej;4
Aneeq;4
Anes;4
Annas;4
Anuj;4
Anushan;4
Anwaar;4
Arafath;4
Arbaaz;4
Arjen;4
Arlie;4
Arnas;4
Arnie;4
Arshdeep;4
Arslaan;4
Arturs;4
Arvind;4
Ashton-James;4
Ashveer;4
Atilla;4
Aydon;4
Aymaan;4
Ayokunle;4
Ayotunde;4
Ayyan;4
Babatunde;4
Baron;4
Benji;4
Bentley;4
Berat;4
Berkan;4
Bevin;4
Binyameen;4
Bladen;4
Blakeley;4
Bleddyn;4
Boaz;4
Bobby-Joe;4
Bora;4
Bradie;4
Bradly;4
Braidon;4
Braydan;4
Brennen;4
Brenton;4
Brodi;4
Bronson;4
Brychan;4
Brydon;4
Caeden;4
Caeron;4
Cagan;4
Caide;4
Caidon;4
Camilo;4
Caner;4
Carmine;4
Cash;4
Cavell;4
Cee-Jay;4
Ceiran;4
Cellan;4
Cemal;4
Chai;4
Charli;4
Chaudhry;4
Chayse;4
Chima;4
Chinedum;4
Christan;4
Chukwuemeka;4
Chun;4
Ciabhan;4
Cjay;4
Clyde;4
Constantinos;4
Coran;4
Corey-Lee;4
Cortez;4
Cosimo;4
Crawford;4
Croyde;4
Cuba;4
Cyle;4
D'Andre;4
Dakarai;4
Daniil;4
Danil;4
Danny-Lee;4
Darsh;4
Dastan;4
Davon;4
Dayyan;4
Deakon;4
Deangelo;4
Dejan;4
Demani;4
Demetrios;4
Denholm;4
Denim;4
Destin;4
Devlin;4
Devraj;4
Deyan;4
Dhanish;4
Dhillan;4
Dilhan;4
Dillion;4
Dimitrije;4
Dinesh;4
Domenico;4
Domonic;4
Doyle;4
Dray;4
Dren;4
Duane;4
Dylan-James;4
Edem;4
Edon;4
Edvinas;4
Ekam;4
Elio;4
Eliyahu;4
Elwyn;4
Ely;4
Emery;4
Emiliano;4
Emilis;4
Emmett;4
Emyr;4
Engin;4
Eray;4
Erikas;4
Ernestas;4
Erol;4
Erwin;4
Evann;4
Evyn;4
Eytan;4
Fakhir;4
Farouk;4
Feras;4
Finnigan;4
Folarin;4
Fox;4
Franck;4
Franko;4
Frederico;4
Frey;4
Furqaan;4
Furqan;4
Gabrielius;4
Gagan;4
Gagandeep;4
Gaius;4
Garv;4
Ged;4
Georgi;4
Gradi;4
Gray;4
Grayson;4
Gregg;4
Griffith;4
Guney;4
Gursahib;4
Gursevak;4
Haleem;4
Han;4
Haneef;4
Hansel;4
Hardeep;4
Harley-Jay;4
Harshil;4
Hasaan;4
Hatton;4
Hazar;4
Heston;4
Hiren;4
Holden;4
Hudhaifa;4
Humayun;4
Husaam;4
Hussien;4
Hussnain;4
Ikraam;4
Imtiyaz;4
Inaam;4
Innes;4
Iori;4
Irfaan;4
Is'Haaq;4
Isaa;4
Isac;4
Isah;4
Isak;4
Isam;4
Iskander;4
Itai;4
Jabez;4
Jacek;4
Jacky;4
Jacque;4
Jafar;4
Jagveer;4
Jahmai;4
Jahmal;4
Jaideep;4
Jaidev;4
Jairaj;4
Jalil;4
Jamar;4
Jareth;4
Jarod;4
Jasdeep;4
Jase;4
Jaspar;4
Jasveer;4
Javen;4
Jay-J;4
Jaye;4
Jayen;4
Jaymie;4
Jaymz;4
Jean-Paul;4
Jediah;4
Jeffery;4
Jesper;4
Jez;4
Ji;4
Jian;4
Jiyan;4
Joab;4
Johny;4
Jonson;4
Jools;4
Joris;4
Joshua-Lee;4
Joshwa;4
Josias;4
Jubair;4
Kadin;4
Kaedyn;4
Kaelin;4
Kaelum;4
Kaid;4
Kaie;4
Kaisaan;4
Kamar;4
Kamren;4
Karandeep;4
Karanvir;4
Karel;4
Karran;4
Karthik;4
Kartik;4
Kathan;4
Kaveh;4
Kaven;4
Kavin;4
Kaysan;4
Kehinde;4
Kelby;4
Kellan;4
Kemal;4
Ketan;4
Keyon;4
Khang;4
Khari;4
Khaya;4
Khizer;4
Khurram;4
Kia;4
Kiel;4
Kieran-Lee;4
Kile;4
Kimani;4
Kip;4
Klein;4
Kobby;4
Kohen;4
Kolawole;4
Korban;4
Kunal;4
Kurun;4
Kwadwo;4
Kya;4
Kylen;4
Kyler;4
Kyro;4
Laighton;4
Laine;4
Laksh;4
Laquan;4
Larsson;4
Laurynas;4
Leejay;4
Leeroy;4
Lenni;4
Leron;4
Levy;4
Lewy;4
Lexus;4
Leylan;4
Loukas;4
Loxley;4
Luay;4
Lucio;4
Lucky;4
Luie;4
Maahir;4
Maaz;4
Macaully;4
Macauly;4
Maciek;4
Mackenzi;4
Maddison;4
Maher;4
Mahfooz;4
Mahfuz;4
Mahmut;4
Majd;4
Mak;4
Makhi;4
Malakye;4
Maliki;4
Malin;4
Maniche;4
Manjot;4
Mankaran;4
Manu;4
Manus;4
Marcell;4
Mariusz;4
Marlee;4
Marli;4
Marlowe;4
Martel;4
Martino;4
Marty;4
Maruf;4
Masimba;4
Masoud;4
Masson;4
Matan;4
Mateen;4
Mateus;4
Math;4
Mathieu;4
Matis;4
Matisse;4
Matyas;4
Maxton;4
Mckinley;4
Mckye;4
Md.;4
Memet;4
Merdi;4
Messiah;4
Mihailo;4
Mikaal;4
Mikhael;4
Milton;4
Minh;4
Miraj;4
Mitchal;4
Mobeen;4
Moeed;4
Mohamedamin;4
Mohan;4
Morgan-Lee;4
Morley;4
Morten;4
Muaadh;4
Mubarik;4
Mubashar;4
Munasar;4
Mus'Ab;4
Mustafe;4
Muzamil;4
Naglis;4
Najaf;4
Najeeb;4
Najim;4
Naqeeb;4
Nashwan;4
Nauman;4
Navraj;4
Nawaf;4
Nayel;4
Nazar;4
Nehal;4
Nial;4
Niven;4
Nixon;4
Noaman;4
Norbert;4
Numaan;4
Nuradin;4
Obie;4
Oghenetega;4
Olajide;4
Olan;4
Olanrewaju;4
Olatokunbo;4
Olusegun;4
Oluwaferanmi;4
Oluwamayomikun;4
Oluwatosin;4
Ori;4
Orrin;4
Osahon;4
Osaze;4
Ousman;4
Paarth;4
Paisley;4
Paramveer;4
Paras;4
Pardeep;4
Pete;4
Peyton;4
Phineas;4
Pietro;4
Pinchos;4
Pratik;4
Pritesh;4
Qaasim;4
Quade;4
Raafay;4
Radwan;4
Rafay;4
Rajdeep;4
Rajiv;4
Rajvir;4
Ralphy;4
Ramadan;4
Ramsey;4
Randall;4
Randeep;4
Raphel;4
Raqeeb;4
Rasan;4
Rasharn;4
Ratu;4
Raunak;4
Raushan;4
Ravinder;4
Renato;4
Reuven;4
Reza;4
Rhyley;4
Ridhwaan;4
Rilee;4
Rileigh;4
Riquelme;4
Rishaan;4
Rishik;4
Rivers;4
Riyaz;4
Robat;4
Roen;4
Rohin;4
Rolando;4
Romaine;4
Romarno;4
Romel;4
Romi;4
Roshane;4
Royston;4
Ruaridh;4
Ruban;4
Russel;4
Rustam;4
Ry;4
Ryden;4
Ryu;4
Sabeel;4
Safyaan;4
Sage;4
Saheim;4
Sahim;4
Sahr;4
Sajjad;4
Saleem;4
Samuele;4
San;4
Sander;4
Sanjit;4
Santos;4
Saran;4
Sarwar;4
Saugat;4
Savvas;4
Sayyed;4
Sem;4
Semih;4
Sennen;4
Serkan;4
Seven;4
Shabaan;4
Shadrach;4
Shaine;4
Shakai;4
Shamas;4
Shamsher;4
Shaquan;4
Shaurya;4
Shazaib;4
Shazeb;4
Sheridan;4
Shivan;4
Shloime;4
Sholto;4
Shray;4
Sidar;4
Sir;4
Siraaj;4
Skye;4
Sofiane;4
Somtochukwu;4
Suber;4
Suhaan;4
Sunni;4
Sven;4
Taahir;4
Takondwa;4
Talib;4
Tallon;4
Tameem;4
Tana;4
Taro;4
Tarron;4
Tashan;4
Tawheed;4
Tayden;4
Tayeb;4
Tayon;4
Tayshaun;4
Teodoro;4
Tharun;4
Theon;4
Thiago;4
Thorne;4
Timon;4
Tinaye;4
Tino;4
Titus;4
Tobenna;4
Tobiasz;4
Tomoki;4
Torben;4
Trinity;4
Tristyn;4
Tully;4
Tyler-Lee;4
Uriah;4
Uriel;4
Valdemar;4
Valentin;4
Valentine;4
Vihaan;4
Vinh;4
Vinicius;4
Vinni;4
Vir;4
Vittorio;4
Vraj;4
Wahid;4
Wajid;4
Wali;4
Waris;4
Wasi;4
Wen;4
Wisam;4
Xanda;4
Xerxes;4
Yacob;4
Yago;4
Yakub;4
Yanni;4
Yashveer;4
Yin;4
Yitzi;4
Yoonis;4
Yoseph;4
Yusif;4
Yuval;4
Zaahid;4
Zaakir;4
Zacariah;4
Zacarias;4
Zackaria;4
Zafar;4
Zafir;4
Zaheer;4
Zakeria;4
Zakriya;4
Zan;4
Zanyar;4
Ze;4
Zeb;4
Zein;4
Zephan;4
Zev;4
Zhao;4
Zidaan;4
Zorawar;4
Aabid;3
Aakash;3
Aanis;3
Aaren;3
Aarian;3
Aashish;3
Aasif;3
Aayaan;3
Abderahman;3
Abdikarim;3
Abdillahi;3
Abdirashid;3
Abdisalam;3
Abdiwahid;3
Abdul-Hakeem;3
Abdul-Kareem;3
Abdulahad;3
Abdulai;3
Abdulhakeem;3
Abdulkareem;3
Abdulmajeed;3
Abdulrahim;3
Abdur-Rehman;3
Abdurrahmaan;3
Abdus-Samad;3
Abeer;3
Abenezer;3
Abhiraj;3
Abinayan;3
Abiola;3
Abisan;3
Abishan;3
Abram;3
Abubakarr;3
Adebowale;3
Adedeji;3
Adedoyin;3
Ademola;3
Adeola;3
Adeoluwa;3
Adon;3
Advaith;3
Afnan;3
Afolabi;3
Afon;3
Afraz;3
Ahsen;3
Aiken;3
Airon;3
Ajibola;3
Ajit;3
Akai;3
Akar;3
Akashdeep;3
Akhtar;3
Akib;3
Aksel;3
Akshith;3
Al-Ameen;3
Alamin;3
Albaraa;3
Alexi;3
Alfie-Jack;3
Alfie-John;3
Alfie-Ray;3
Alhaji;3
Alijah;3
Aliyan;3
Almir;3
Alper;3
Alperen;3
Altan;3
Alwin;3
Alyaan;3
Amaaz;3
Amara;3
Amare;3
Amarpal;3
Amaury;3
Aminur;3
Anan;3
Andile;3
Andras;3
Andrey;3
Angad;3
Aniket;3
Anmol;3
Anotida;3
Antanas;3
Antonin;3
Antonis;3
Apisan;3
Apollo;3
Arbaz;3
Archey;3
Archie-Lee;3
Archit;3
Aren;3
Arfan;3
Arhum;3
Arish;3
Ariz;3
Armen;3
Armin;3
Arminas;3
Arnez;3
Arsal;3
Arshan;3
Artem;3
Aryo;3
As'Ad;3
Ashan;3
Ashir;3
Ashleigh;3
Ashly;3
Assad;3
Athan;3
Athanasios;3
Atharva;3
Auguste;3
Augustin;3
Augustinas;3
Aurelio;3
Avidan;3
Avneet;3
Ayaaz;3
Ayham;3
Ayo;3
Ayoola;3
Azam;3
Azlan;3
Babak;3
Babar;3
Baileigh;3
Bailey-Jay;3
Bailey-Lee;3
Bakari;3
Bakary;3
Balal;3
Balazs;3
Baljeet;3
Balthazar;3
Bamidele;3
Baqir;3
Barclay;3
Baruch;3
Bashar;3
Bassel;3
Batuhan;3
Baylie;3
Beaumont;3
Beckham;3
Bedwyr;3
Benard;3
Benet;3
Benjaman;3
Benjamen;3
Benjiman;3
Beren;3
Berke;3
Bertrand;3
Bexley;3
Bhavesh;3
Billy-Jay;3
Billy-Ray;3
Binyomin;3
Blane;3
Blayze;3
Blyth;3
Bode;3
Boruch;3
Brandon-Leigh;3
Brandonlee;3
Brannan;3
Brayan;3
Brendyn;3
Brentley;3
Bret;3
Briley;3
Brodey;3
Brooklin;3
Bryden;3
C-Jay;3
Cadon;3
Caedon;3
Caeleb;3
Caesar;3
Caidan;3
Cailem;3
Cailum;3
Calam;3
Calem;3
Calib;3
Cameron-James;3
Cameron-Lee;3
Carlin;3
Carlito;3
Cathal;3
Cato;3
Caydan;3
Caylum;3
Cayo;3
Ceian;3
Ceirion;3
Ceiron;3
Cengizhan;3
Charl;3
Charlie-George;3
Charlie-James;3
Charlie-Ray;3
Chaz;3
Chesney;3
Chet;3
Chi;3
Chidera;3
Chidi;3
Chidubem;3
Chisom;3
Christie;3
Christopher-James;3
Chukwunonso;3
Churchill;3
Cianan;3
Cion;3
Ciron;3
Ciwan;3
Cleon;3
Coden;3
Cody-Jay;3
Colbie;3
Collin;3
Collins;3
Conlan;3
Conn;3
Connel;3
Corbon;3
Corby;3
Cordell;3
Corey-James;3
Cowen;3
Cuan;3
Curran;3
Cyron;3
D;3
Dain;3
Daire;3
Damario;3
Danas;3
Danesh;3
Daniaal;3
Dannylee;3
Danushan;3
Danveer;3
Darion;3
Dariusz;3
Darran;3
Darrian;3
Darrion;3
Daryan;3
Dashawn;3
Davontae;3
Daya;3
Dayal;3
Dayshaun;3
De'Andre;3
De'Shaun;3
Deacan;3
Deaken;3
Deane;3
Deimantas;3
Deivydas;3
Dejon;3
Deklan;3
Delan;3
Delwyn;3
Demetri;3
Demian;3
Demitrius;3
Denley;3
Denzyl;3
Deren;3
Derryn;3
Deshan;3
Devam;3
Devine;3
Devondre;3
Dhanyal;3
Dhruva;3
Diako;3
Diar;3
Diaz;3
Dijon;3
Dilshan;3
Dinel;3
Dinuk;3
Dionte;3
Dirk;3
Diwan;3
Dj;3
Dmitri;3
Dmitriy;3
Dohyun;3
Domanic;3
Dwight;3
Dylan-Thomas;3
Dziugas;3
Eddison;3
Edgaras;3
Edis;3
Edvardas;3
Edvin;3
Edwyn;3
Efosa;3
Ehsen;3
Ehtisham;3
Ekrem;3
Elan;3
Elden;3
Elgan;3
Eljay;3
Ellery;3
Emmerson;3
Emmet;3
Endi;3
Erdem;3
Erind;3
Ernesto;3
Esaa;3
Esher;3
Esmond;3
Esrom;3
Essan;3
Ethem;3
Evans;3
Evin;3
Eyal;3
Ezana;3
Fadi;3
Fadil;3
Fahmi;3
Faizal;3
Falak;3
Faraaz;3
Farai;3
Fardin;3
Farran;3
Farris;3
Fatih;3
Fayaz;3
Fayyaz;3
Ferguson;3
Fiifi;3
Fin;3
Finan;3
Finly;3
Finnbarr;3
Firas;3
Florian;3
Fortune;3
Foster;3
Francie;3
Francois;3
Frankey;3
Freddi;3
Freddie-Lee;3
Freeman;3
Fritz;3
Fuaad;3
Fuzail;3
Fynlee;3
Gabrial;3
Garmon;3
Garrick;3
Garrison;3
Gaspar;3
Gautam;3
Gazi;3
Genesis;3
Geno;3
Georgios;3
Gianfranco;3
Gianpaolo;3
Gift;3
Gilad;3
Given;3
Glodi;3
Gobind;3
Godson;3
Gokhan;3
Golden;3
Grace;3
Great;3
Gurdas;3
Gurjeevan;3
Gurkaran;3
Gurneet;3
Gurraj;3
Gurshaan;3
Gurvir;3
Gustas;3
Gwyn;3
Haamid;3
Haaroon;3
Haashim;3
Habibur;3
Habil;3
Hai;3
Hanley;3
Hanson;3
Harald;3
Hardev;3
Hargun;3
Harkeerat;3
Harli;3
Harly;3
Harmanjit;3
Harnoor;3
Harry-James;3
Harry-Lee;3
Harshdeep;3
Harshiv;3
Haru;3
Haruki;3
Harvey-James;3
Harvey-Joe;3
Harvi;3
Harvy;3
Haryan;3
Hashaam;3
Hashem;3
Hasnaat;3
Healey;3
Heddwyn;3
Heinrich;3
Helder;3
Hemish;3
Henderson;3
Hershi;3
Hersi;3
Hesham;3
Hieu;3
Himesh;3
Hoang;3
Hope;3
Hrishikesh;3
Hud;3
Hudhayfah;3
Hussan;3
Huzair;3
Huzayfa;3
Ianto;3
Ibrahima;3
Ibrar;3
Ibukunoluwa;3
Iden;3
Idriss;3
Ifechukwude;3
Iftikhar;3
Ikenna;3
Ikponmwosa;3
Ilhan;3
Ilja;3
Ilyaas;3
Imraan;3
Indi;3
Indie;3
Indio;3
Irvin;3
Isaam;3
Ishak;3
Ishfaq;3
Ishtiaq;3
Isidore;3
Islam;3
Isma'Eel;3
Isma'Il;3
Ismaiel;3
Issam;3
Iyanuoluwa;3
Izazul;3
Jaccob;3
Jacey;3
Jaedyn;3
Jaffar;3
Jagger;3
Jagtar;3
Jahari;3
Jahmar;3
Jahrell;3
Jaimin;3
Jaiveer;3
Jaivir;3
Jakson;3
Jaleel;3
Jamieson;3
Jamison;3
Janujan;3
Jarad;3
Jaron;3
Jasbir;3
Jash;3
Jasim;3
Jasir;3
Jaskirat;3
Jaspal;3
Jatin;3
Javontae;3
Jawwad;3
Jax;3
Jayce;3
Jaylee;3
Jaymes;3
Jayvon;3
Jeet;3
Jemaine;3
Jerald;3
Jeremi;3
Jermayne;3
Jeron;3
Jerrard;3
Jerrell;3
Jerzy;3
Jessi;3
Jessy;3
Jevaughn;3
Jevin;3
Jing;3
Jo;3
Jodh;3
John-Joseph;3
Johnny-Lee;3
Jokubas;3
Jon-James;3
Jono;3
Jordaine;3
Jordy;3
Joven;3
Jovi;3
Jubril;3
Juvan;3
Kadeem;3
Kae;3
Kah;3
Kai-Reece;3
Kaidyn;3
Kailash;3
Kaizar;3
Kaj;3
Kajetan;3
Kal-El;3
Kaleel;3
Kalin;3
Kallam;3
Kalle;3
Kaloyan;3
Kalyan;3
Kam;3
Kamaal;3
Kamaldeep;3
Kamani;3
Kameel;3
Kamraan;3
Kano;3
Kanya;3
Karamveer;3
Karlos;3
Karma;3
Karn;3
Karo;3
Karsten;3
Karum;3
Kashaan;3
Kashan;3
Kassa;3
Kausar;3
Kaveen;3
Kavi;3
Kay;3
Kayd;3
Kayleb;3
Kaylun;3
Kazeem;3
Kc;3
Keanon;3
Keaon;3
Kearno;3
Kebba;3
Keean;3
Keehan;3
Keinan;3
Keion;3
Keiton;3
Kelyn;3
Kemi;3
Keneil;3
Kenna;3
Kent;3
Kenzie-Lee;3
Kerian;3
Kern;3
Kerrigan;3
Khalif;3
Khamari;3
Khawaja;3
Khayri;3
Khayyam;3
Khizr;3
Khuram;3
Khy;3
Khyan;3
Khyle;3
Kiaron;3
Kiedis;3
Kieranlee;3
Kieryn;3
Kilian;3
Kin;3
Kinsley;3
Kion;3
Kishore;3
Kitson;3
Kitt;3
Kiy;3
Klaidas;3
Klajdi;3
Klevis;3
Koan;3
Koda;3
Kodey;3
Konor;3
Konstantin;3
Korie;3
Kornel;3
Kourosh;3
Krishav;3
Krishiv;3
Kristien;3
Kristupas;3
Kudakwashe;3
Kumail;3
Kumayl;3
Ky-Mani;3
Kyann;3
Kylo;3
Kyreese;3
Kyrel;3
Kyzer;3
Labib;3
Laird;3
Lakshya;3
Lamin;3
Lane;3
Latif;3
Layten;3
Lazar;3
Leam;3
Leban;3
Lebron;3
Ledion;3
Lee-James;3
Lee-Jay;3
Leif;3
Lelan;3
Len;3
Lenard;3
Lenox;3
Leone;3
Leonit;3
Levan;3
Leven;3
Levin;3
Lewes;3
Lewis-Lee;3
Liiban;3
Lleu;3
Lochlain;3
Lorik;3
Lucan;3
Luey;3
Lukah;3
Luken;3
Lukman;3
Lukus;3
Luyanda;3
Mace;3
Macenzie;3
Maceo;3
Macklin;3
Madhav;3
Mahfujur;3
Mahidul;3
Mahim;3
Mahin;3
Mahmud;3
Maiwand;3
Maks;3
Maksym;3
Mali;3
Malique;3
Manas;3
Manasseh;3
Mandeep;3
Manny;3
Mansur;3
Mardochee;3
Marian;3
Marin;3
Markas;3
Markos;3
Marly;3
Martim;3
Martinas;3
Martins;3
Marvellous;3
Marvelous;3
Marwaan;3
Masen;3
Mashud;3
Massi;3
Matai;3
Matei;3
Matthis;3
Matys;3
Maxence;3
Maxymilian;3
Mayan;3
Mazen;3
Mckenzie-Jay;3
Mduduzi;3
Medwyn;3
Meer;3
Melvyn;3
Meran;3
Merrick;3
Mervyn;3
Metehan;3
Michel;3
Michele;3
Mickie;3
Mihai;3
Mikkel;3
Mikko;3
Milos;3
Min;3
Mindaugas;3
Ming;3
Miroslav;3
Mitchall;3
Mo;3
Modou;3
Mohamed-Amin;3
Mohamoud;3
Mohanad;3
Mohhamed;3
Mohommed;3
Mohummed;3
Moishy;3
Momen;3
Montel;3
Morgen;3
Moritz;3
Mounir;3
Moyosoreoluwa;3
Mueez;3
Mufaddal;3
Mufarowashe;3
Muhammad-Bilal;3
Muiz;3
Mujeeb;3
Muktar;3
Munyaradzi;3
Musaab;3
Musawer;3
Mussa;3
Mustaf;3
Mustafaa;3
Mustansir;3
Mutasim;3
Muzammil;3
Myan;3
Naa'Il;3
Nader;3
Nadim;3
Nael;3
Nafis;3
Naftuli;3
Nahiyan;3
Naji;3
Narain;3
Nashawn;3
Nasif;3
Nathan-Lee;3
Navdeep;3
Naveen;3
Navin;3
Nawfal;3
Ne-Yo;3
Neeko;3
Nehan;3
Nero;3
Nestor;3
Newton;3
Neyo;3
Nguyen;3
Niccolo;3
Nicola;3
Nihad;3
Nikesh;3
Nimesh;3
Nino;3
Niran;3
Nishant;3
Niyam;3
Niyaz;3
Nkosi;3
Nnanna;3
Norman;3
Nosakhare;3
Ntandoyenkosi;3
Nurdin;3
Nyron;3
O'Neil;3
O'Shea;3
Oak;3
Obadiah;3
Oban;3
Obed;3
Okkes;3
Olakunle;3
Olaoluwakitan;3
Olawale;3
Olayinka;3
Ole;3
Olin;3
Oliver-James;3
Olley;3
Olliver;3
Olti;3
Olujimi;3
Oluwajomiloju;3
Oluwarotimi;3
Oluwasemilore;3
Oluwatamilore;3
Oluwatoba;3
Oluwatoni;3
Omair;3
Omarian;3
Omed;3
Omotayo;3
Ondrej;3
Onyedikachi;3
Opeyemi;3
Orest;3
Orobosa;3
Oswin;3
Oto;3
Owin;3
Ozkan;3
Parin;3
Parthiv;3
Paulius;3
Pearson;3
Peniel;3
Petros;3
Pharell;3
Pharren;3
Phil;3
Philippe;3
Plamedi;3
Prajin;3
Praneel;3
Pritpal;3
Qadar;3
Quinten;3
Radu;3
Raef;3
Raeph;3
Rafik;3
Rahan;3
Rahand;3
Rahi;3
Raid;3
Rajab;3
Rajvinder;3
Rakan;3
Rakeeb;3
Rakeem;3
Rameez;3
Ramtin;3
Ranbir;3
Ranulph;3
Ranvir;3
Rashaan;3
Rashawn;3
Rasul;3
Rayane;3
Rayden;3
Rayon;3
Razi;3
Reagon;3
Redha;3
Reiley;3
Reshaun;3
Reuban;3
Reyes;3
Reyo;3
Rhema;3
Rhiad;3
Rhyan;3
Ricco;3
Rick;3
Riise;3
Rikardo;3
Rikesh;3
Riley-James;3
Rilwan;3
Rishil;3
Rishon;3
Ritesh;3
Rithik;3
Rithvik;3
Riven;3
Riyaan;3
Riza;3
Robinson;3
Roc;3
Rojus;3
Rolan;3
Romareo;3
Romari;3
Romell;3
Romy;3
Rosario;3
Roshaan;3
Roshaun;3
Ruadhan;3
Rudie;3
Rudwan;3
Ruel;3
Rune;3
Rupen;3
Rushane;3
Ryad;3
Rye;3
Sa'Ad;3
Saahir;3
Saaim;3
Sabastian;3
Sabbir;3
Sadaq;3
Saeem;3
Sahan;3
Saint;3
Sajeel;3
Sakaria;3
Sakariya;3
Saman;3
Samatar;3
Samesh;3
Sami-Ul;3
Samih;3
Samim;3
Samin;3
Samiullah;3
Sammi;3
Sammie;3
Samraj;3
Sandeep;3
Sandile;3
Sanjeev;3
Sanju;3
Santana;3
Sanveer;3
Saqlain;3
Sarujan;3
Sathusan;3
Satnam;3
Saud;3
Sayam;3
Sayem;3
Sayf;3
Sayyid;3
Sean-Paul;3
Seann;3
Sehaj;3
Sena;3
Senuka;3
Serge;3
Seweryn;3
Seyar;3
Sezer;3
Shaban;3
Shafi;3
Shafiq;3
Shaheen;3
Shahzeb;3
Shaka;3
Shakiel;3
Shalin;3
Shamil;3
Shamus;3
Shannon;3
Shaquiel;3
Sharan;3
Shareef;3
Sharukesh;3
Shayen;3
Shazad;3
Sheehan;3
Shehroz;3
Shek;3
Shen;3
Sheng;3
Sherif;3
Sheriff;3
Shi;3
Shiraz;3
Shiva;3
Shmuel;3
Shorif;3
Shuraim;3
Shyan;3
Sidharth;3
Sikandar;3
Sikander;3
Simao;3
Simonas;3
Simran;3
Sinai;3
Smith;3
Sobaan;3
Sohrab;3
Soorya;3
Sotiris;3
Soufian;3
Stavros;3
Stelios;3
Stephane;3
Sterling;3
Stone;3
Sukhman;3
Sulaymaan;3
Sully;3
Sumit;3
Swaley;3
T.;3
T.J.;3
Tabish;3
Tadgh;3
Tae;3
Talaha;3
Talon;3
Tanatswa;3
Taner;3
Tanishq;3
Tanner;3
Tanwir;3
Tapiwanashe;3
Tarandeep;3
Taranveer;3
Taranvir;3
Taren;3
Tareq;3
Tarian;3
Tarique;3
Tarkan;3
Tarran;3
Tarrin;3
Taseen;3
Tasharn;3
Tashi;3
Tathan;3
Tavis;3
Tavonga;3
Tawfiq;3
Taylon;3
Taylor-James;3
Tayyub;3
Tean;3
Tee;3
Teegan;3
Teifi;3
Teigan;3
Teilo;3
Tejay;3
Thaddeus;3
Thady;3
Thelonious;3
Thivyan;3
Tiam;3
Tiarnan;3
Tibor;3
Tighe;3
Tito;3
Tobe;3
Tobechi;3
Toheed;3
Tolga;3
Toluwalase;3
Toma;3
Tommas;3
Torrin;3
Torsten;3
Trafford;3
Treasure;3
Trenton;3
Tumelo;3
Turaab;3
Tyan;3
Tycho;3
Tyger;3
Tylah;3
Tyler-Joe;3
Tyler-Jon;3
Tylerjay;3
Tyreek;3
Tyrees;3
Tyreke;3
Tyren;3
Tyrhys;3
Tyrrell;3
Uday;3
Ulas;3
Urban;3
Uri;3
Uthmaan;3
Uyiosa;3
Vadim;3
Varandeep;3
Vasco;3
Veli;3
Viet;3
Vikramjit;3
Vilius;3
Vishaal;3
Vivan;3
Wafi;3
Wahaab;3
Waheed;3
Wajahat;3
Wajeeh;3
Wezley;3
Wilfie;3
Winter;3
Wissam;3
Wolf;3
Xavi;3
Xiang;3
Yacoub;3
Yameen;3
Yani;3
Yanik;3
Yannik;3
Yaphet;3
Yashraj;3
Yehoshua;3
Yiannis;3
Yishai;3
Yonah;3
Yong;3
Yorick;3
Yoshi;3
Yossef;3
Yousof;3
Yukai;3
Yussuf;3
Yves;3
Zaamin;3
Zacary;3
Zachory;3
Zahin;3
Zaim;3
Zainudin;3
Zainul;3
Zalman;3
Zarar;3
Zaydan;3
Zebulun;3
Zechariah;3
Zenon;3
Zeph;3
Zikriya;3
Zineddine;3
Zohair;3
Zuhayb;3
